store_nbr,family,n_days,mean,median,std,min,max,skewness,kurtosis,cv,adi,cv2,category
1,AUTOMOTIVE,1463,3.251187648456057,3.0,2.7587851065415494,0.0,19.0,1.3949084931766542,2.9442555991623447,0.8485468708652084,1.1510594668489404,0.4943031543823136,Erratic
1,BABY CARE,0,0.0,0.0,0.0,0.0,0.0,,,0.0,,,No Sales
1,BEAUTY,1430,2.4085510688836105,2.0,1.8983861230253072,0.0,12.0,1.0122928909913174,1.4070786714180867,0.7881859541043669,1.1776223776223775,0.3767037118670818,Smooth
1,BEVERAGES,1678,1587.7488123515438,1674.0,726.6542078156014,0.0,5051.0,0.1768722285659307,-0.7213023766735223,0.4576632035006397,1.0035756853396902,0.2051463835825168,Smooth
1,BOOKS,127,0.1252969121140142,0.0,0.5364185533119248,0.0,8.0,6.492349479593747,58.38667673672869,4.281179320226424,13.25984251968504,0.457671660013736,Intermittent
1,BREAD/BAKERY,1678,338.4751828165083,357.8425,111.25324332666275,0.0,745.513,-0.5646689651836405,-0.2135321376735941,0.3286895139566136,1.0035756853396902,0.1040889220129024,Smooth
1,CELEBRATION,999,9.96793349168646,6.0,33.22556849277053,0.0,1306.0,35.26906666397131,1371.8088970667202,3.3332454030866425,1.6856856856856857,6.184331587451581,Lumpy
1,CLEANING,1678,640.4542755344418,677.0,218.0259544019558,0.0,1659.0,-0.5320587619480279,0.4291199162302104,0.3404239189748224,1.0035756853396902,0.1119125950450693,Smooth
1,DAIRY,1678,626.1009501187649,671.0,211.0939789675251,0.0,1225.0,-0.3702764024509279,-0.5615709226043601,0.3371564584387639,1.0035756853396902,0.1097065161458413,Smooth
1,DELI,1678,122.94363306769596,127.421,41.15721417628334,0.0,269.448,-0.2816615825852012,0.0205729268799048,0.3347649093246361,1.0035756853396902,0.1081053086083725,Smooth
1,EGGS,1678,140.44299287410925,149.0,37.52761079579047,0.0,246.0,-0.6976506046290771,0.2717731003453107,0.2672088512750677,1.0035756853396902,0.0675832285007464,Smooth
1,FROZEN FOODS,1678,129.40996673396674,111.42,172.44901056310678,0.0,5608.718,20.52023357215443,609.6595430960515,1.3325790502387236,1.0035756853396902,1.7658770192262572,Erratic
1,GROCERY I,1678,2223.172802850356,2283.5,779.0539388364643,0.0,9065.0,0.6478503542007352,5.960795439540423,0.3504243744963413,1.0035756853396902,0.1187967770075172,Smooth
1,GROCERY II,1671,21.84263657957245,20.0,13.625402839902966,0.0,150.0,1.876356974767447,9.560506087031383,0.6237984498639622,1.0077797725912627,0.3784008608169076,Smooth
1,HARDWARE,1160,1.5997624703087887,1.0,1.6756322423232186,0.0,13.0,1.4471194498437392,3.031593962573532,1.0474256474790034,1.4517241379310344,0.4445585307972835,Intermittent
1,HOME AND KITCHEN I,1158,14.84916864608076,10.0,24.109825034710177,0.0,711.0,15.15650126900435,414.05307901726457,1.6236481386754265,1.454231433506045,1.5004501997391593,Lumpy
1,HOME AND KITCHEN II,1153,12.942992874109263,7.0,17.316813999685728,0.0,269.0,4.27188613025186,43.88580722576239,1.337929655588993,1.4605377276669558,0.910293524493356,Lumpy
1,HOME APPLIANCES,416,0.3378859857482185,0.0,0.6843790092711177,0.0,6.0,2.5760020840825977,9.125277702444627,2.0254731954335066,4.048076923076923,0.2604853576455601,Intermittent
1,HOME CARE,1043,100.98693586698336,127.0,89.23445762654273,0.0,805.0,0.3117567729263438,0.8754610458345145,0.8836237762792978,1.6145733461169702,0.10294833139807,Intermittent
1,LADIESWEAR,1010,9.403206650831354,8.0,9.667857668721837,0.0,51.0,0.708009441456001,-0.1838283183703821,1.0281447623868756,1.6673267326732673,0.2337603735894695,Intermittent
1,LAWN AND GARDEN,1617,9.00771971496437,8.0,7.558281062187817,0.0,105.0,3.1015079910729946,25.659937317925444,0.8390892812519782,1.04143475572047,0.6362722797244555,Erratic
1,LINGERIE,1561,6.718527315914489,5.0,5.737041679940748,0.0,47.0,1.7017576999369397,4.781599760725305,0.8539135750028486,1.0787956438180653,0.6028692769762057,Erratic
1,"LIQUOR,WINE,BEER",1498,101.01603325415677,92.0,66.41999351595291,0.0,595.0,1.2968904655991662,5.126873907460121,0.6575193202071438,1.124165554072096,0.2741287537768986,Smooth
1,MAGAZINES,936,3.206057007125891,1.0,4.215927990769472,0.0,26.0,1.563634052063395,2.533672489862321,1.314988467168244,1.7991452991452992,0.5169395550421889,Lumpy
1,MEATS,1678,313.30658501484567,279.8595,166.1185726237424,0.0,1119.635,1.4231459248729657,2.459245053272289,0.5302109198098752,1.0035756853396902,0.2765590460195622,Smooth
1,PERSONAL CARE,1678,129.1769596199525,132.0,52.286389696800505,0.0,798.0,2.495367922101324,27.35115800983788,0.4047656010036611,1.0035756853396902,0.159688510550138,Smooth
1,PET SUPPLIES,997,3.473871733966746,3.0,3.765218553801972,0.0,22.0,0.9500625861062963,0.5935372819388447,1.083868041500391,1.6890672016048145,0.2875567827203063,Intermittent
1,PLAYERS AND ELECTRONICS,1002,5.292755344418052,4.0,5.965691280613092,0.0,47.0,1.2974217022899934,2.9034037606132825,1.1271428379506718,1.6806387225548902,0.3509452965830967,Intermittent
1,POULTRY,1678,284.2169670813539,285.6465,130.05689215623983,0.0,891.7979,0.9867311843039672,2.307472250549893,0.4575972134645815,1.0035756853396902,0.2050862007096398,Smooth
1,PREPARED FOODS,1678,80.74795777790973,80.507502,29.14237301094279,0.0,245.499,0.2268639320123275,0.6585145732418232,0.3609053877342069,1.0035756853396902,0.1262256702772848,Smooth
1,PRODUCE,1509,1450.9085317695965,1694.171,1340.075222278841,0.0,4897.014,0.2987921082465599,-1.0563482437699356,0.923611098105198,1.115970841616965,0.660489137743422,Erratic
1,SCHOOL AND OFFICE SUPPLIES,209,0.1716152019002375,0.0,0.5279611698065816,0.0,5.0,4.127151747505836,22.10237221048277,3.0764242379708824,8.057416267942584,0.2987272657644562,Intermittent
1,SEAFOOD,1678,25.94359239732779,25.169000500000003,11.03394792604849,0.0,86.106,0.7999229829055505,1.8545920060693204,0.4253053222791031,1.0035756853396902,0.1766771897822041,Smooth
10,AUTOMOTIVE,1485,3.0831353919239906,3.0,2.654977963005404,0.0,29.0,2.1276638816934588,10.326570814417227,0.8611292157648225,1.134006734006734,0.5357435490915673,Erratic
10,BABY CARE,165,0.2737529691211401,0.0,1.1483748408425962,0.0,21.0,7.418155201052512,85.05742001474859,4.194931073567609,10.206060606060609,0.822196394120672,Lumpy
10,BEAUTY,1145,1.3729216152019,1.0,1.40701610314911,0.0,11.0,1.4895204014044092,3.7533189347505616,1.0248335276718346,1.4707423580786023,0.3940468560889115,Intermittent
10,BEVERAGES,1679,895.0956057007126,858.5,415.76629992877264,0.0,2687.0,0.5701228128546348,-0.0315731412030735,0.4644937337200215,1.0029779630732578,0.2121447064898026,Smooth
10,BOOKS,0,0.0,0.0,0.0,0.0,0.0,,,0.0,,,No Sales
10,BREAD/BAKERY,1679,113.67042755344418,109.0,37.054255714601005,0.0,389.0,1.2622217221371703,4.863195422066902,0.3259797337953471,1.0029779630732578,0.1029781586183676,Smooth
10,CELEBRATION,913,2.621140142517815,1.0,3.812272921544452,0.0,44.0,2.926288929382091,16.404649768497663,1.4544330759926578,1.8444687842278205,0.6890367569619995,Lumpy
10,CLEANING,1679,777.8087885985748,734.0,330.13288229176214,0.0,10801.0,17.02705635985262,503.5515061582356,0.4244396400896397,1.0029779630732578,0.1766450027110249,Smooth
10,DAIRY,1679,250.92577197149643,248.0,116.13729619973329,0.0,670.0,0.2469620930494798,-0.2440913590071591,0.4628352651335587,1.0029779630732578,0.210611326823931,Smooth
10,DELI,1679,249.1751781472684,244.0,75.80912445491948,0.0,552.0,0.4687423421975457,0.58728541725162,0.3042402739241156,1.0029779630732578,0.0893181949179533,Smooth
10,EGGS,1679,48.85154394299288,41.0,30.939321562639066,0.0,361.0,2.036795713577021,9.01903237553887,0.6333335461845435,1.0029779630732578,0.3969513113026611,Smooth
10,FROZEN FOODS,1679,43.50247446080761,30.0,77.11655400304362,0.0,1354.094,8.254704625713684,89.91147111838998,1.772693506681948,1.0029779630732578,3.1301428557212905,Erratic
10,GROCERY I,1679,2450.2495095011877,2351.5,683.8638571169909,0.0,7253.0,0.8470910032398222,2.453662584269564,0.2790996812630442,1.0029779630732578,0.0746962264039349,Smooth
10,GROCERY II,1352,3.6995249406175774,2.0,4.850983666192146,0.0,68.0,4.131042941931876,32.019555987624926,1.3112450227382724,1.2455621301775148,1.183241962854288,Erratic
10,HARDWARE,711,0.6834916864608076,0.0,0.9989011387946654,0.0,7.0,1.8015871829641703,3.996536877361507,1.4614678673059118,2.3684950773558366,0.3240003588989602,Intermittent
10,HOME AND KITCHEN I,1148,7.385391923990499,6.0,8.524969634503014,0.0,75.0,2.224410277889678,9.301843513382812,1.154301589013366,1.4668989547038327,0.5900291912545105,Lumpy
10,HOME AND KITCHEN II,1145,5.396080760095012,5.0,5.571219633303281,0.0,47.0,1.431431498827299,4.246392060741025,1.032456681054701,1.4707423580786023,0.4047102044430016,Intermittent
10,HOME APPLIANCES,266,0.180522565320665,0.0,0.4474267546730074,0.0,3.0,2.7282375021616256,8.426242265830776,2.4785087193932105,6.330827067669173,0.1282894734597039,Intermittent
10,HOME CARE,1044,119.68230403800474,140.0,104.7091068163288,0.0,418.0,0.1435753065600526,-1.1788645270486715,0.8748921376229845,1.6130268199233715,0.0944866078355697,Intermittent
10,LADIESWEAR,862,3.2600950118764844,1.0,4.937379745960235,0.0,30.0,2.046182151345813,4.567071262434922,1.5144895245257988,1.953596287703016,0.68595658254311,Lumpy
10,LAWN AND GARDEN,14,0.015439429928741,0.0,0.2174110444429072,0.0,7.0,22.78492053083069,656.0246654672004,14.081545197251296,120.28571428571428,0.656804733020482,Lumpy
10,LINGERIE,1281,3.23812351543943,2.0,4.086760420013285,0.0,49.0,3.662328634395666,24.14759561390216,1.2620767550297147,1.3145979703356752,0.9723427195825596,Erratic
10,"LIQUOR,WINE,BEER",1479,12.168052256532066,8.0,17.18322804757699,0.0,360.0,7.743029666527711,115.3090092893411,1.412159290895592,1.1386071670047329,1.6296987667830167,Erratic
10,MAGAZINES,296,0.2476247030878859,0.0,0.63345961201551,0.0,6.0,3.4561975582254245,15.43474020731307,2.5581438425088843,5.6891891891891895,0.3260413247503415,Intermittent
10,MEATS,1679,186.85898147209028,180.8415,54.167591928338965,0.0,393.007,0.4790319816928464,0.549323942621557,0.2898848720104989,1.0029779630732578,0.0808146130139846,Smooth
10,PERSONAL CARE,1679,178.61223277909738,170.0,59.2639521642886,0.0,429.0,0.7141505306181413,0.7759801994090494,0.3318023141071911,1.0029779630732578,0.1067967757192312,Smooth
10,PET SUPPLIES,368,0.3307600950118765,0.0,0.7442441953119775,0.0,5.0,2.890347519803097,10.03352633813793,2.250102730908792,4.576086956521739,0.3249228840924458,Intermittent
10,PLAYERS AND ELECTRONICS,966,2.3188836104513064,1.0,2.830500604228691,0.0,18.0,1.4411036625321756,2.37233848611233,1.2206307337940008,1.7432712215320911,0.4283144002169712,Intermittent
10,POULTRY,1679,175.14963663420428,165.1485,70.63862367505375,0.0,1066.604,1.9287732645442264,15.53667277445568,0.4033044260444426,1.0029779630732578,0.1592023981310106,Smooth
10,PREPARED FOODS,1679,20.831353919239906,18.0,12.568012230303545,0.0,76.0,1.0040147216338708,0.9267317792872168,0.6033219097723823,1.0029779630732578,0.3599474535136488,Smooth
10,PRODUCE,1016,148.89482302850357,180.686,132.72415833006252,0.0,917.623,0.2392294960505738,-0.3915241186769602,0.8913953865525814,1.65748031496063,0.0827191846434777,Intermittent
10,SCHOOL AND OFFICE SUPPLIES,92,0.5095011876484561,0.0,3.0310005541507654,0.0,44.0,7.8267265124418275,70.23118428550676,5.948956786913573,18.30434782608696,0.9880570088241392,Lumpy
10,SEAFOOD,1249,2.8770783847981,2.0,2.9182808227793404,0.0,18.0,1.3688676918117706,2.238599919561583,1.0143209295876765,1.3482786228983186,0.5047683128006757,Lumpy
11,AUTOMOTIVE,1648,6.690023752969121,6.0,4.241394277252794,0.0,29.0,1.166503592981315,2.028693684301076,0.6339879248913607,1.0218446601941749,0.371970460412849,Smooth
11,BABY CARE,219,0.1888361045130641,0.0,0.5745751909871234,0.0,7.0,4.25660754176445,25.222050310948465,3.0427189198062177,7.689497716894977,0.3340453300252444,Intermittent
11,BEAUTY,1610,4.755938242280285,4.0,3.5394527853806657,0.0,23.0,1.2998688293100602,2.159398463839828,0.744217566403768,1.045962732919255,0.4855785366615109,Smooth
11,BEVERAGES,1679,3645.666864608076,3543.0,1284.2132577096932,0.0,8444.0,0.4885724224792579,0.0834625730332772,0.3522574347580711,1.0029779630732578,0.1207477549137686,Smooth
11,BOOKS,0,0.0,0.0,0.0,0.0,0.0,,,0.0,,,No Sales
11,BREAD/BAKERY,1679,606.2315914489311,585.0,131.0880641770116,0.0,2080.0,1.4638441393773602,11.48452920920048,0.2162343005970486,1.0029779630732578,0.0436493236075711,Smooth
11,CELEBRATION,1016,10.138361045130642,8.0,11.36389984299483,0.0,87.0,1.4759595831240044,3.746668463987448,1.1208813526454475,1.65748031496063,0.3613283889519078,Intermittent
11,CLEANING,1679,1944.0528503562944,1808.5,567.8857329068445,0.0,4503.0,0.9548663146943688,1.5026939056074011,0.2921143490530484,1.0029779630732578,0.0821083143213751,Smooth
11,DAIRY,1679,512.8788598574822,500.0,231.59954392332776,0.0,1515.0,0.5030581386960981,0.5780338048926117,0.4515677327531742,1.0029779630732578,0.2003388524857567,Smooth
11,DELI,1679,430.2676730344419,415.9500000000001,140.71207199051446,0.0,955.356,0.543164679450221,0.5745665643709339,0.3270337996759607,1.0029779630732578,0.1036644342001955,Smooth
11,EGGS,1679,157.51306413301663,130.0,128.90230587990814,0.0,1181.0,3.691411589240946,21.23079014102448,0.8183594585540814,1.0029779630732578,0.6647546256039087,Erratic
11,FROZEN FOODS,1678,102.25167335629452,84.0,112.69908650718068,0.0,1489.491,7.014383804066987,62.566029786649466,1.1021735176243046,1.0035756853396902,1.2068952997828226,Erratic
11,GROCERY I,1679,6558.7579916864615,6142.492,2076.148061620785,0.0,20891.557,1.3097586561548429,4.09990002276776,0.3165459168110921,1.0029779630732578,0.0969346864597231,Smooth
11,GROCERY II,1671,17.45724465558195,14.0,13.47095762358557,0.0,139.0,2.695580552398185,12.9371437401344,0.7716542838566783,1.0077797725912627,0.5831339119790611,Erratic
11,HARDWARE,759,0.7309976247030879,0.0,1.0873768049341717,0.0,12.0,2.6098515578647,12.943500111017237,1.487524400490783,2.2187088274044795,0.4480173365704996,Intermittent
11,HOME AND KITCHEN I,1166,23.5166270783848,20.0,25.493030746694345,0.0,273.0,2.245458281098496,10.730148225807843,1.0840428204537085,1.444253859348199,0.5060709878357478,Lumpy
11,HOME AND KITCHEN II,1166,13.899643705463182,13.0,13.676054454090512,0.0,154.0,1.8512619081416373,9.871719345899342,0.9839140299496524,1.444253859348199,0.362701443157011,Intermittent
11,HOME APPLIANCES,506,0.4061757719714964,0.0,0.7088580073381389,0.0,5.0,1.934028864507719,4.083475569297796,1.7452001190329074,3.3280632411067192,0.2156389997151537,Intermittent
11,HOME CARE,1044,329.4709026128266,392.0,289.1929711611592,0.0,1259.0,0.2086486607463169,-0.9573160152049152,0.8777496551800896,1.6130268199233715,0.0975914568221233,Intermittent
11,LADIESWEAR,1013,7.845011876484561,6.0,9.102104507889536,0.0,59.0,1.4109880111108892,2.547019654830942,1.1602410104709813,1.6623889437314907,0.4113178576312785,Intermittent
11,LAWN AND GARDEN,1024,1.6371733966745845,1.0,3.0977074644411244,0.0,78.0,12.99863761914287,273.6223895004636,1.892107133453952,1.64453125,1.7850303280403952,Lumpy
11,LINGERIE,1670,10.9958432304038,10.0,6.9111673762642445,0.0,57.0,1.253114979206782,2.718374887831782,0.6285254555581655,1.008383233532934,0.3834464932534465,Smooth
11,"LIQUOR,WINE,BEER",1498,44.22209026128266,29.0,60.6815846358728,0.0,1106.0,7.897123590192623,107.54740050853232,1.3722007321673029,1.124165554072096,1.5645109289569916,Erratic
11,MAGAZINES,710,1.4691211401425175,0.0,2.4612669693856297,0.0,17.0,2.290674647749652,6.264677002079539,1.6753328915214794,2.371830985915493,0.6049795803395996,Lumpy
11,MEATS,1679,620.5981115142517,604.0225,152.79206417119542,0.0,1168.578,0.3274113688402728,1.178241288759354,0.2462013037682929,1.0029779630732578,0.0574659873157648,Smooth
11,PERSONAL CARE,1679,392.0938242280285,358.0,158.44930548416949,0.0,1204.0,1.195700910681733,1.994280059911186,0.4041106890569554,1.0029779630732578,0.1598514542090061,Smooth
11,PET SUPPLIES,747,1.0100950118764846,0.0,1.518458945171022,0.0,12.0,2.017228144595568,5.552092822000564,1.5032832810914,2.254350736278447,0.4460308124820945,Intermittent
11,PLAYERS AND ELECTRONICS,1016,7.762470308788599,7.0,8.705084520577678,0.0,107.0,1.992031331198189,11.962591858975353,1.1214322468454956,1.65748031496063,0.3620736633299299,Intermittent
11,POULTRY,1679,511.0275230344418,485.033,224.40938773362808,0.0,3398.277,2.4238080034380856,20.01395567888254,0.4391336623136527,1.0029779630732578,0.189296691745848,Smooth
11,PREPARED FOODS,1679,54.88984441448931,42.6175,34.50748027198333,0.0,185.984,0.7510265925699163,-0.2852892083249658,0.6286678462919035,1.0029779630732578,0.3910806740821124,Smooth
11,PRODUCE,1016,789.6967799881235,940.1415,751.1749272098609,0.0,11649.482,1.925214681116982,24.34991193681242,0.9512194379470648,1.65748031496063,0.1492253645108831,Intermittent
11,SCHOOL AND OFFICE SUPPLIES,923,3.962589073634205,1.0,10.212779100453265,0.0,173.0,7.610619714253304,82.43065474341083,2.577299565536209,1.8244853737811484,3.188837664627388,Lumpy
11,SEAFOOD,1608,8.31710213776722,7.0,6.188577875041941,0.0,37.0,1.0480991865640068,1.1591376844976509,0.7440786191858918,1.0472636815920398,0.4835356356334219,Smooth
12,AUTOMOTIVE,1563,4.752969121140143,4.0,3.3254966905639045,0.0,22.0,1.024146379351942,1.6852944848414984,0.6996672196066186,1.0774152271273192,0.3825071158578239,Smooth
12,BABY CARE,132,0.1062945368171021,0.0,0.4135281241313441,0.0,5.0,5.098436855027206,33.412152786421544,3.890398628412024,12.757575757575758,0.2647545328637919,Intermittent
12,BEAUTY,951,0.9667458432304038,1.0,1.1803361590955643,0.0,15.0,2.311153482549717,13.969757722544436,1.220937401634442,1.7707676130389065,0.4065584453955009,Intermittent
12,BEVERAGES,1619,1296.4501187648457,1328.0,616.4752793723225,0.0,4754.0,0.1969232858168773,0.2408047684676315,0.4755102185953559,1.0401482396541075,0.1787838706494458,Smooth
12,BOOKS,0,0.0,0.0,0.0,0.0,0.0,,,0.0,,,No Sales
12,BREAD/BAKERY,1619,186.521377672209,179.0,76.17934298968159,0.0,1164.0,2.0671210095445733,21.085509978245707,0.408421511464225,1.0401482396541075,0.1217710000790053,Smooth
12,CELEBRATION,1011,6.14251781472684,5.0,8.349825965887494,0.0,131.0,4.947678796980375,51.24987618825119,1.3593490839390368,1.665677546983185,0.7097126256725708,Lumpy
12,CLEANING,1619,771.7975059382422,748.0,299.3408058088359,0.0,5370.0,3.4086473128101447,43.68926548310699,0.3878488897739464,1.0401482396541075,0.1060219278759368,Smooth
12,DAIRY,1619,335.396674584323,348.0,154.4721934969639,0.0,879.0,-0.1245272638279614,-0.1910244332584181,0.4605656680643894,1.0401482396541075,0.1653346017323038,Smooth
12,DELI,1619,196.5665083135392,196.0,72.66509399589894,0.0,583.0,-0.114652406115522,1.6742829661605825,0.3696717951545574,1.0401482396541075,0.0927838867575503,Smooth
12,EGGS,1619,74.95071258907363,60.0,54.118507845433136,0.0,370.0,1.7051791910249077,4.147126539990448,0.7220546139624097,1.0401482396541075,0.4626404271490067,Smooth
12,FROZEN FOODS,1619,47.62241453444181,40.0,55.436397853491954,0.0,734.708,6.657962249674417,58.50747831078937,1.1640820482177523,1.0401482396541075,1.2641840126267194,Erratic
12,GROCERY I,1619,2499.1234608076006,2486.5,830.4171543694586,0.0,10137.0,0.269300403423205,7.932551951925905,0.3322833655047894,1.0401482396541075,0.0675519052558143,Smooth
12,GROCERY II,1496,6.345011876484561,5.0,6.756476091897426,0.0,101.0,3.468002150215523,28.47150853545154,1.06484845455892,1.125668449197861,0.8956756163612889,Erratic
12,HARDWARE,906,0.978622327790974,1.0,1.3997010207987224,0.0,24.0,4.2840795861434176,47.75562635368456,1.430277012509989,1.858719646799117,0.6385969452871079,Lumpy
12,HOME AND KITCHEN I,1103,10.323040380047503,8.0,12.1053438768191,0.0,138.0,2.3009238523098734,12.077115796735232,1.1726529617227692,1.526745240253853,0.5556720965450855,Lumpy
12,HOME AND KITCHEN II,1104,8.362826603325416,7.0,8.265678722398123,0.0,43.0,0.7967322404887855,0.1719612058665331,0.9883833676669744,1.5253623188405796,0.2960210549492124,Intermittent
12,HOME APPLIANCES,298,0.2214964370546318,0.0,0.5296336232981466,0.0,4.0,2.801109776816175,9.368918260108908,2.3911609051135763,5.651006711409396,0.1887528837125165,Intermittent
12,HOME CARE,1019,112.64845605700712,144.0,98.73215249879934,0.0,522.0,0.1197606265370048,-0.95103319472204,0.8764625451054407,1.6526005888125614,0.0699418873229339,Intermittent
12,LADIESWEAR,298,1.296912114014252,0.0,3.4513538208290946,0.0,27.0,3.1066608455278057,10.220496395073148,2.66120871327597,5.651006711409396,0.4301932803506086,Intermittent
12,LAWN AND GARDEN,5,0.009501187648456,0.0,0.1947164041037453,0.0,6.0,23.823417169472368,628.498948169111,20.49389937493629,336.8,0.24999999984375,Intermittent
12,LINGERIE,1516,6.469714964370547,5.0,5.396920883767248,0.0,52.0,1.6220577554030164,5.123119083290785,0.834182172267947,1.1108179419525066,0.5266767240013467,Erratic
12,"LIQUOR,WINE,BEER",1445,38.32719714964371,28.0,41.0170776840602,0.0,547.0,3.5546162199768045,25.678398379761667,1.07018203086555,1.1653979238754326,0.8408215213473365,Erratic
12,MAGAZINES,585,0.747624703087886,0.0,1.4705623891516408,0.0,18.0,4.136628137975957,29.507849102393536,1.9669793963613744,2.8786324786324786,0.6914309104591511,Lumpy
12,MEATS,1619,146.5295310409739,139.809,284.693197327109,0.0,11609.557,38.79001709270114,1557.8833050976295,1.942906629828479,1.0401482396541075,3.590582371049172,Erratic
12,PERSONAL CARE,1619,155.69655581947742,148.0,71.82304536581421,0.0,648.0,1.099493442235504,4.692258965976702,0.461301439760994,1.0401482396541075,0.1659867046734352,Smooth
12,PET SUPPLIES,537,0.517814726840855,0.0,0.9527013593793008,0.0,9.0,2.6767476582065446,10.40923797159581,1.8398498693766463,3.1359404096834265,0.3983197958228504,Intermittent
12,PLAYERS AND ELECTRONICS,972,2.9429928741092635,2.0,3.6338118646137496,0.0,46.0,2.2496000258289928,13.896190392080287,1.2347334903006988,1.7325102880658436,0.4571727568867286,Intermittent
12,POULTRY,1619,178.23933289608078,179.702505,103.69561523232537,0.0,1241.479,3.66292473480671,33.77839975051205,0.5817773975410996,1.0401482396541075,0.2868021011460537,Smooth
12,PREPARED FOODS,1619,33.27019002375297,28.0,21.60331283893972,0.0,165.0,1.058011102290747,1.7845168723968632,0.649329409386207,1.0401482396541075,0.3667558408500403,Smooth
12,PRODUCE,1016,203.11468900831355,273.3675,172.6470718438714,0.0,691.985,-0.1402057543217992,-1.5961564537946418,0.8499979626582049,1.65748031496063,0.0392259389039812,Intermittent
12,SCHOOL AND OFFICE SUPPLIES,205,0.5451306413301663,0.0,2.981292629553136,0.0,64.0,10.902999774035846,164.36361218952507,5.468950739605412,8.214634146341464,2.7627265854065675,Lumpy
12,SEAFOOD,1181,2.717933491686461,2.0,2.895345844371966,0.0,16.0,1.2882775391496073,1.4697057540196248,1.0652747214613214,1.4259102455546149,0.4971561073420655,Lumpy
13,AUTOMOTIVE,1640,5.524346793349169,5.0,3.5208913136029465,0.0,26.0,1.0756073464167664,1.763341815403883,0.6373407471819929,1.026829268292683,0.369461575992967,Smooth
13,BABY CARE,0,0.0,0.0,0.0,0.0,0.0,,,0.0,,,No Sales
13,BEAUTY,1094,1.2814726840855106,1.0,1.465068713325259,0.0,13.0,2.0904534670016317,7.815498522247669,1.1432695603866867,1.5393053016453382,0.4987704430708404,Lumpy
13,BEVERAGES,1679,1290.555225653207,1260.0,570.4906750951804,0.0,5185.0,0.9080584549847224,2.486001638214857,0.4420505715328749,1.0029779630732578,0.1918593945271296,Smooth
13,BOOKS,0,0.0,0.0,0.0,0.0,0.0,,,0.0,,,No Sales
13,BREAD/BAKERY,1679,164.62410926365797,148.0,101.70482376201792,0.0,2362.0,9.61113136119049,163.26394085330767,0.6178002980019903,1.0029779630732578,0.3775748412036445,Smooth
13,CELEBRATION,975,4.106294536817102,2.0,6.842214453017864,0.0,123.0,6.43200509508172,77.51170151332829,1.6662746400688468,1.7271794871794872,1.186496079268527,Lumpy
13,CLEANING,1679,779.6947743467933,696.5,377.5240244309941,0.0,7898.0,7.4100140155953795,107.3396297024928,0.4841946321197151,1.0029779630732578,0.2307792266851542,Smooth
13,DAIRY,1679,269.8574821852732,266.0,116.59673228036328,0.0,731.0,0.3221753438141815,0.1128361297919227,0.4320678134834173,1.0029779630732578,0.1831591910675823,Smooth
13,DELI,1679,158.5665083135392,149.5,58.74373444665603,0.0,471.0,0.980578471436421,1.7167815434299545,0.3704674781015514,1.0029779630732578,0.1338695307385345,Smooth
13,EGGS,1679,52.235154394299286,41.0,41.01086756251712,0.0,296.0,2.112932693960746,6.079481710945979,0.7851200601832192,1.0029779630732578,0.6116141813817918,Erratic
13,FROZEN FOODS,1679,33.27011699406176,25.0,69.37397369310813,0.0,2271.865,21.57749780981276,650.292960192874,2.0851737222145994,1.0029779630732578,4.332070742041445,Erratic
13,GROCERY I,1679,2713.8246906175773,2523.5,907.0025739849996,0.0,8294.0,1.1877188097119429,2.596380749673481,0.3342156098440763,1.0029779630732578,0.1083993016726442,Smooth
13,GROCERY II,1526,7.29750593824228,5.0,7.879207940532777,0.0,92.0,2.5326891601110524,12.07865026512311,1.079712439583283,1.1035386631716908,0.9625764139716582,Erratic
13,HARDWARE,520,0.5356294536817102,0.0,1.7472173725043307,0.0,49.0,16.7874642799484,398.9831983788568,3.2619889687406918,3.2384615384615385,2.5944759337050627,Lumpy
13,HOME AND KITCHEN I,1155,10.676365795724466,7.0,16.07706018609244,0.0,311.0,7.096700018204753,98.5277876179988,1.505855128252061,1.458008658008658,1.2411387268016578,Lumpy
13,HOME AND KITCHEN II,1165,8.076603325415677,6.0,10.41277302856026,0.0,151.0,4.733654504249879,42.57883690117794,1.2892515092952266,1.4454935622317595,0.8417027401443097,Lumpy
13,HOME APPLIANCES,226,0.1549881235154394,0.0,0.4266564058994704,0.0,4.0,3.2433227871049386,13.179585783588417,2.752832884670259,7.451327433628318,0.1512162179380914,Intermittent
13,HOME CARE,1044,106.95724465558196,126.5,94.27388122006045,0.0,410.0,0.2343177925335497,-0.8835819264234535,0.8814165092112721,1.6130268199233715,0.1015905258210306,Intermittent
13,LADIESWEAR,889,2.716745843230404,1.0,3.9288421114661145,0.0,32.0,2.071520945699513,5.61120424428729,1.4461574018084389,1.8942632170978628,0.6319649792999195,Lumpy
13,LAWN AND GARDEN,9,0.0124703087885985,0.0,0.2295535834903341,0.0,8.0,27.671707937516395,895.3666840507951,18.408009695173067,187.11111111111111,0.8163265299125363,Lumpy
13,LINGERIE,1338,3.06353919239905,2.0,3.085692339303208,0.0,20.0,1.5410143119430026,3.072136039499184,1.0072312265342942,1.258594917787743,0.600606132684015,Erratic
13,"LIQUOR,WINE,BEER",1497,32.28147268408551,23.0,34.690184442339785,0.0,516.0,3.9187212149949273,33.46528251692219,1.074615919191541,1.1249164996659986,0.9155193958258158,Erratic
13,MAGAZINES,440,0.4602137767220902,0.0,1.019505236951359,0.0,13.0,3.7525174636385534,22.893901756956872,2.2152862132845765,3.827272727272727,0.5435254936596304,Lumpy
13,MEATS,1679,153.22544577790975,148.90449999999998,47.38126282604885,0.0,391.293,0.54698829028734,1.2689071429566328,0.3092258115823377,1.0029779630732578,0.0923675722561945,Smooth
13,PERSONAL CARE,1679,180.1490498812352,164.0,74.2615810225037,0.0,568.0,1.1167067591891642,1.6071182679352738,0.4122229957418542,1.0029779630732578,0.1664541408602965,Smooth
13,PET SUPPLIES,301,0.2410926365795724,0.0,0.5909634176619257,0.0,5.0,3.01830953299039,10.863944231011477,2.45118815570168,5.59468438538206,0.2526753860700521,Intermittent
13,PLAYERS AND ELECTRONICS,949,2.375296912114014,1.0,3.490469919117088,0.0,49.0,4.694675688562318,44.65818616678418,1.4694878353296397,1.7744994731296102,0.78044262462968,Lumpy
13,POULTRY,1679,118.56788332066508,107.03,59.31637002735471,0.0,405.038,1.1870118407689558,1.7212580656428251,0.500273500425357,1.0029779630732578,0.2465613615247316,Smooth
13,PREPARED FOODS,1679,27.58432304038005,24.0,16.950413677227367,0.0,108.0,1.168516109585943,1.4812711294681913,0.6144944594724894,1.0029779630732578,0.3735131692241006,Smooth
13,PRODUCE,1016,118.481113847981,152.3065,103.02949047772206,0.0,534.873,0.0268957965666339,-1.22577920605417,0.8695857688259584,1.65748031496063,0.0595476721532632,Intermittent
13,SCHOOL AND OFFICE SUPPLIES,155,0.421021377672209,0.0,2.463811214892667,0.0,47.0,9.954763362912905,126.39489072320804,5.851986002855439,10.86451612903226,2.2441150540934824,Lumpy
13,SEAFOOD,1059,2.021377672209026,1.0,2.4220913211628785,0.0,15.0,1.5685295084828683,2.8219861892067986,1.1982378915453746,1.5901794145420207,0.5317605191934094,Lumpy
14,AUTOMOTIVE,1482,3.618171021377672,3.0,3.29970523108987,0.0,40.0,2.166779099395561,11.286194336290729,0.9119815538518896,1.136302294197031,0.6119921292440405,Erratic
14,BABY CARE,8,0.0065320665083135,0.0,0.1166845720384085,0.0,4.0,26.370357025686268,833.5568817885044,17.863344475527995,210.5,0.5206611562674681,Lumpy
14,BEAUTY,968,1.2690023752969122,1.0,1.5639841025897618,0.0,9.0,1.5665346390904402,2.66522672417013,1.2324516736947635,1.7396694214876034,0.4479401077976064,Intermittent
14,BEVERAGES,1641,963.3366983372922,1009.0,515.3806229530412,0.0,4636.0,0.4280514181190735,0.733200572572756,0.5349953176724681,1.0262035344302254,0.2533770804499086,Smooth
14,BOOKS,0,0.0,0.0,0.0,0.0,0.0,,,0.0,,,No Sales
14,BREAD/BAKERY,1641,191.74049881235155,188.0,59.74916689100559,0.0,493.0,-0.1404364717649595,2.272500363592548,0.3116147462887744,1.0262035344302254,0.0690898182435608,Smooth
14,CELEBRATION,985,4.67458432304038,3.0,6.140171462370386,0.0,55.0,2.4838290328208146,10.875932316161483,1.3135224517809654,1.7096446700507617,0.5940980483013211,Lumpy
14,CLEANING,1641,1091.749406175772,987.0,506.63434194953686,0.0,5633.0,3.089780014499026,19.405790311624987,0.4640573551798245,1.0262035344302254,0.1843159647382658,Smooth
14,DAIRY,1641,351.76543942992873,366.0,157.50202341680836,0.0,859.0,-0.2454217603940622,-0.3661103495706741,0.4477472933998532,1.0262035344302254,0.1698241123420067,Smooth
14,DELI,1641,220.4014251781473,221.0,94.61070579577935,0.0,504.0,0.0588821399559716,-0.3549967376714247,0.4292653993452067,1.0262035344302254,0.1540291407520932,Smooth
14,EGGS,1641,37.61223277909739,35.0,19.019551573199,0.0,147.0,1.1524809173741906,2.6284653721062705,0.5056746214562206,1.0262035344302254,0.2236430499957277,Smooth
14,FROZEN FOODS,1641,61.58832760926366,39.0,150.46147165290492,0.0,2893.951,10.442458316076875,140.89393792640738,2.4430192780203144,1.0262035344302254,5.790410439049675,Erratic
14,GROCERY I,1641,2650.4189495249407,2503.0,861.6918304142556,0.0,8496.0,0.4198113436600584,3.5469903219191874,0.3251153296230317,1.0262035344302254,0.077466545824973,Smooth
14,GROCERY II,1495,6.07957244655582,4.0,6.740231662011187,0.0,58.0,2.8406343324998007,12.157913586568132,1.1086686967141863,1.1264214046822745,0.9789629972319316,Erratic
14,HARDWARE,409,0.3390736342042755,0.0,0.7201663154396479,0.0,6.0,3.0444623766747787,13.091553722999787,2.1239230676421723,4.117359413202934,0.3384911708708361,Intermittent
14,HOME AND KITCHEN I,1151,12.207244655581947,9.0,19.909842390122684,0.0,505.0,11.824267208790362,251.97634148331383,1.6309857752697388,1.463075586446568,1.5016579001304362,Lumpy
14,HOME AND KITCHEN II,1156,12.390736342042755,12.0,11.18365619849403,0.0,58.0,0.6264928001928084,-0.0705544309542745,0.9025820491107064,1.4567474048442903,0.2456890943716383,Intermittent
14,HOME APPLIANCES,281,0.1935866983372921,0.0,0.4667639749157198,0.0,3.0,2.6552042454775244,7.871929827762557,2.4111365941647795,5.99288256227758,0.1369453119698706,Intermittent
14,HOME CARE,1034,153.7541567695962,184.0,136.48929599844524,0.0,595.0,0.2316335823447582,-0.934325166982256,0.8877112584480535,1.6286266924564796,0.0978766875590697,Intermittent
14,LADIESWEAR,161,0.9614014251781472,0.0,4.265985104857649,0.0,39.0,5.547772986715052,33.1661847265488,4.437256892592922,10.459627329192546,0.9780101258526832,Lumpy
14,LAWN AND GARDEN,0,0.0,0.0,0.0,0.0,0.0,,,0.0,,,No Sales
14,LINGERIE,1467,4.75,4.0,4.402395563592314,0.0,42.0,1.744906366024943,5.643631544071944,0.9268201184558936,1.1479209270620314,0.6194456327521968,Erratic
14,"LIQUOR,WINE,BEER",1465,25.225059382422803,18.0,27.285262900552983,0.0,321.0,3.711270616212363,26.469388229144208,1.0816728906685584,1.1494880546075086,0.887811042256198,Erratic
14,MAGAZINES,624,0.7980997624703088,0.0,1.3456523462909462,0.0,11.0,2.19986375551146,6.236175522023233,1.6860703484483712,2.698717948717949,0.4239477036879671,Intermittent
14,MEATS,1641,300.8730618711401,300.474,128.06203624003192,0.0,717.252,0.1524473779682495,0.0524432626462156,0.4256347691720355,1.0262035344302254,0.1510045688783809,Smooth
14,PERSONAL CARE,1641,274.6828978622328,265.0,109.43897275375951,0.0,951.0,0.5182726012416354,1.8290291002471912,0.3984193177117646,1.0262035344302254,0.1291502259047319,Smooth
14,PET SUPPLIES,478,0.4412114014251782,0.0,0.8253624873923415,0.0,6.0,2.184019505355697,5.288982542109295,1.8706735203478988,3.5230125523012554,0.277151122098106,Intermittent
14,PLAYERS AND ELECTRONICS,972,2.986935866983373,2.0,3.520192227553396,0.0,27.0,1.452630578242444,3.1917553018360447,1.178529564456317,1.7325102880658436,0.3788847035597604,Intermittent
14,POULTRY,1640,94.81165455641327,79.1753,57.169630202400434,0.0,422.875,1.659489553268781,4.149273547277868,0.6029810414054245,1.026829268292683,0.3279579949667457,Smooth
14,PREPARED FOODS,1641,60.66983372921615,58.0,31.26520938718643,0.0,164.0,0.3204333059286417,-0.5284516812436162,0.5153336916368543,1.0262035344302254,0.2332532205122544,Smooth
14,PRODUCE,1006,228.43968590261284,304.9485,199.8463046863947,0.0,1248.087,0.0551409083492696,-0.970445254281692,0.874831813464834,1.6739562624254474,0.054585918092358,Intermittent
14,SCHOOL AND OFFICE SUPPLIES,157,0.3319477434679335,0.0,1.7346957558719849,0.0,25.0,8.346201907408586,83.65778132590421,5.225809738977027,10.726114649681527,1.6392676665533776,Lumpy
14,SEAFOOD,1313,4.304631828978622,4.0,4.115517523277309,0.0,34.0,1.4095627164060602,3.36464070467213,0.956067251702162,1.2825590251332826,0.4923793388568126,Erratic
15,AUTOMOTIVE,1456,2.684085510688836,2.0,2.241099245106548,0.0,27.0,1.7903942741599566,9.716641381336196,0.8349582140162293,1.1565934065934067,0.4673741088695429,Smooth
15,BABY CARE,552,0.9382422802850356,0.0,3.316049755968027,0.0,116.0,25.34262604021592,859.7956822261517,3.534321381707823,3.050724637681159,3.422368207831396,Lumpy
15,BEAUTY,1303,1.929334916864608,2.0,1.782501187665865,0.0,13.0,1.300548276957225,2.5984706849441075,0.9238941207982392,1.2924021488871835,0.4342132969032081,Smooth
15,BEVERAGES,1679,1236.6538004750594,1323.0,528.9300392683571,0.0,3445.0,0.1968003862887565,-0.602177030677109,0.4277106810853137,1.0029779630732578,0.179424145162466,Smooth
15,BOOKS,0,0.0,0.0,0.0,0.0,0.0,,,0.0,,,No Sales
15,BREAD/BAKERY,1679,152.83907363420428,149.0,40.417340274519695,0.0,406.0,0.871022393666036,3.87958159394392,0.2644437663302491,1.0029779630732578,0.0667537522684542,Smooth
15,CELEBRATION,917,3.019002375296912,1.0,4.443187954022281,0.0,35.0,2.35557341980671,7.906637898679527,1.4717404626465598,1.836423118865867,0.7240144484249678,Lumpy
15,CLEANING,1679,872.7036817102138,837.0,276.07315454609005,0.0,4866.0,4.914204970380783,52.908194893326446,0.3163423740859676,1.0029779630732578,0.0968062491339145,Smooth
15,DAIRY,1679,302.41805225653206,318.0,109.69285474430188,0.0,688.0,-0.3381766401742346,-0.0756232880844844,0.3627192686595641,1.0029779630732578,0.1282055134987062,Smooth
15,DELI,1679,271.04513064133016,266.0,69.43473229397448,0.0,553.0,0.2482496124139533,0.8107609337877424,0.256174062708399,1.0029779630732578,0.0624611802430163,Smooth
15,EGGS,1679,78.61282660332542,68.5,43.71157330391919,0.0,280.0,1.1488645229033954,1.311171875470616,0.5560361481966366,1.0029779630732578,0.3052890953754964,Smooth
15,FROZEN FOODS,1679,64.06287647743467,58.0,62.84234998060517,0.0,722.978,6.457762562861462,54.26209542150748,0.9809479910219084,1.0029779630732578,0.9564327765262932,Erratic
15,GROCERY I,1679,2718.659209026129,2642.0,690.9984003536224,0.0,12669.0,3.0062852539364675,30.942298180052436,0.2541688189748857,1.0029779630732578,0.0614408568629056,Smooth
15,GROCERY II,1593,9.669833729216151,8.0,9.104057575768088,0.0,120.0,4.236205846810979,32.743173140654115,0.941490601572586,1.0571249215317011,0.7844670146810307,Erratic
15,HARDWARE,902,0.913895486935867,1.0,1.1914468652787176,0.0,11.0,2.2391831247970613,9.137848657627629,1.3037014418024218,1.866962305986696,0.4460053336076524,Intermittent
15,HOME AND KITCHEN I,1166,29.51959619952494,10.0,87.48920650539604,0.0,1225.0,6.783967459973444,59.26468353036569,2.9637670485424947,1.444253859348199,5.774373531981237,Lumpy
15,HOME AND KITCHEN II,1160,10.438242280285037,10.0,10.246098185495343,0.0,158.0,2.7565504154781806,30.15041347140808,0.981592293931116,1.4517241379310344,0.3525458317586329,Intermittent
15,HOME APPLIANCES,172,0.1157957244655581,0.0,0.3617881114774543,0.0,3.0,3.333292023025665,11.760146566566192,3.124364997264628,9.790697674418604,0.0991715974581872,Intermittent
15,HOME CARE,1044,146.92102137767222,192.0,121.93009975211254,0.0,575.0,-0.1278789215838976,-1.4177650875626833,0.8299023421423922,1.6130268199233715,0.046937271373076,Intermittent
15,LADIESWEAR,978,5.632422802850356,4.0,6.550981763332732,0.0,43.0,1.142157519188011,0.9985663793640636,1.1630841631516804,1.721881390593047,0.3663918919027041,Intermittent
15,LAWN AND GARDEN,3,0.0089073634204275,0.0,0.2297194270657866,0.0,7.0,27.658215855818145,784.4582868168858,25.7898314499139,561.3333333333334,0.186666666592,Intermittent
15,LINGERIE,1550,4.716152019002375,4.0,3.7292832875933417,0.0,29.0,1.3280810917776662,2.79376079993654,0.7907470479697267,1.0864516129032258,0.4959533168574266,Erratic
15,"LIQUOR,WINE,BEER",1498,24.65439429928741,19.0,24.38564442631788,0.0,275.0,3.428858042226323,21.05311290380283,0.9890993114372962,1.124165554072096,0.7598097012822933,Erratic
15,MAGAZINES,582,0.7494061757719715,0.0,1.3625133541536008,0.0,12.0,2.571806868351424,8.937933569669601,1.8181239978866424,2.893470790378007,0.4880312231001389,Intermittent
15,MEATS,1679,125.74017669536816,125.867,29.80307546803048,0.0,330.453,0.1935504271603375,3.632939759857676,0.2370211037638163,1.0029779630732578,0.0530430802220167,Smooth
15,PERSONAL CARE,1679,181.43527315914488,177.0,51.6320341510829,0.0,587.0,0.8366428682951469,3.227374720567455,0.284575503163101,1.0029779630732578,0.0777736468788318,Smooth
15,PET SUPPLIES,424,0.3990498812351544,0.0,0.8559691482670515,0.0,9.0,3.26087552657444,16.21132312786577,2.1450179197462864,3.9716981132075473,0.410253684289555,Intermittent
15,PLAYERS AND ELECTRONICS,971,2.6680522565320666,2.0,3.151503167664055,0.0,31.0,1.4474692951720562,4.254124273711255,1.1811999404311435,1.734294541709578,0.3810994859463982,Intermittent
15,POULTRY,1677,124.64956293052256,127.1834975,53.8471168748187,0.0,444.908,0.3240892168466873,0.9489559687926908,0.4319880118986067,1.0041741204531902,0.1816811629129255,Smooth
15,PREPARED FOODS,1679,30.8646080760095,28.0,14.39981217384866,0.0,93.0,0.9033698844206944,0.6783975143268588,0.4665477085573241,1.0029779630732578,0.2140513642286128,Smooth
15,PRODUCE,1016,389.7070719299288,505.721,345.8126064416124,0.0,1421.034,0.1674783494542973,-1.0499787799289608,0.8873654889765608,1.65748031496063,0.078394412830602,Intermittent
15,SCHOOL AND OFFICE SUPPLIES,97,0.4311163895486936,0.0,2.664204691772035,0.0,40.0,8.856250958365045,92.7456790844075,6.179780565478453,17.36082474226804,1.2573632641647652,Lumpy
15,SEAFOOD,1510,5.241686460807601,5.0,3.8950478342260864,0.0,33.0,1.1044866900007455,2.762410487243357,0.7430905802181222,1.1152317880794702,0.3918035937113127,Smooth
16,AUTOMOTIVE,1636,5.752969121140143,5.0,3.7161165298170498,0.0,23.0,0.9813294405220536,1.032386354117106,0.6459475882663228,1.0293398533007334,0.3768516610490717,Smooth
16,BABY CARE,105,0.0938242280285035,0.0,0.4143906122917367,0.0,4.0,5.484474552989912,34.81823447270529,4.416669516845653,16.038095238095238,0.2786412430201362,Intermittent
16,BEAUTY,797,0.8735154394299287,0.0,1.2111072427017229,0.0,8.0,1.7033829774866247,3.2438175381541123,1.3864749111997807,2.112923462986198,0.3830660381709176,Intermittent
16,BEVERAGES,1679,1084.2446555819477,1081.0,575.4519638588149,0.0,6601.0,1.0826481111869584,4.880584189952114,0.5307399588236119,1.0029779630732578,0.2778794261489486,Smooth
16,BOOKS,0,0.0,0.0,0.0,0.0,0.0,,,0.0,,,No Sales
16,BREAD/BAKERY,1679,201.9441805225653,187.0,75.01141145556777,0.0,558.0,1.0606705095381483,1.575828455380022,0.3714462643146803,1.0029779630732578,0.1345935495795603,Smooth
16,CELEBRATION,976,3.6152019002375297,2.0,4.965716838894652,0.0,65.0,3.7165811875255903,30.377855425773696,1.3735655641237696,1.725409836065574,0.6730415575933646,Lumpy
16,CLEANING,1679,1001.7826603325416,914.0,498.92709141686447,0.0,11377.0,8.75388199597758,150.46071486991644,0.4980392565895957,1.0029779630732578,0.2443375099490265,Smooth
16,DAIRY,1679,244.7119952494062,241.0,102.7564265887182,0.0,639.0,0.4688239830330051,0.4191457816908239,0.4199075998852069,1.0029779630732578,0.1728297487583629,Smooth
16,DELI,1679,213.96377672209027,197.0,75.2238180175521,0.0,569.0,1.1215740018773062,1.916201728170971,0.3515726781870466,1.0029779630732578,0.1202672335938206,Smooth
16,EGGS,1679,177.85035629453682,151.0,105.85436340955518,0.0,746.0,1.411739908541118,2.418715999489339,0.5951878062794278,1.0029779630732578,0.3502275968199393,Smooth
16,FROZEN FOODS,1679,41.585159155878856,29.0,66.7313509301737,0.0,830.511,8.001461686147032,74.62182764526946,1.6046914880963072,1.0029779630732578,2.564420060651051,Erratic
16,GROCERY I,1679,2557.762617577197,2358.5,814.796839555394,0.0,8976.0,1.326757298005519,3.991624376810769,0.3185584283528546,1.0029779630732578,0.0982090462880797,Smooth
16,GROCERY II,1521,5.909144893111639,4.0,7.848593197719036,0.0,126.0,7.423364595628177,85.05557787387565,1.3282113297881768,1.1071663379355687,1.4965944519432195,Erratic
16,HARDWARE,629,0.5920427553444181,0.0,0.9719135852401468,0.0,8.0,2.274297847124993,7.05283300894385,1.641627356850458,2.6772655007949124,0.3801172821606715,Intermittent
16,HOME AND KITCHEN I,1165,12.564726840855108,11.0,12.84162492156256,0.0,94.0,1.4738173576995035,4.050230026593629,1.0220377317543476,1.4454935622317595,0.4144380706014259,Intermittent
16,HOME AND KITCHEN II,1162,7.76603325415677,7.0,9.413622094577184,0.0,206.0,8.56242957224652,155.93672756107867,1.212153204253457,1.4492254733218588,0.7038862732097693,Lumpy
16,HOME APPLIANCES,187,0.1247030878859857,0.0,0.3694159474724894,0.0,2.0,3.0479449012084148,9.150912426394733,2.962364050262148,9.005347593582888,0.085532879666264,Intermittent
16,HOME CARE,1044,134.25712589073635,147.5,125.83963531025272,0.0,752.0,0.6760624329625343,0.4833658566118823,0.9373032118364324,1.6130268199233715,0.1646038910988282,Intermittent
16,LADIESWEAR,0,0.0,0.0,0.0,0.0,0.0,,,0.0,,,No Sales
16,LAWN AND GARDEN,11,0.0160332541567695,0.0,0.2240937173228362,0.0,5.0,16.40684496856687,294.8552736848208,13.976807275359732,153.0909090909091,0.2825788749412182,Intermittent
16,LINGERIE,1372,3.926959619952494,3.0,3.9255252181427194,0.0,39.0,1.727557394521211,5.650554246931334,0.9996347294221916,1.227405247813411,0.6288585990790514,Erratic
16,"LIQUOR,WINE,BEER",1496,35.90736342042755,23.0,43.64928209049027,0.0,712.0,4.60255276892057,44.782175344739485,1.215608107401246,1.125668449197861,1.2010948894948852,Erratic
16,MAGAZINES,540,0.5807600950118765,0.0,1.0520923127782642,0.0,8.0,2.2724280192587827,6.059184554850136,1.8115781714395696,3.1185185185185187,0.3730287172665639,Intermittent
16,MEATS,1679,76.36922298337292,73.2465,26.7376306797064,0.0,178.653,0.5381749953143186,0.4549540843203528,0.3501100264589257,1.0029779630732578,0.1192439634340834,Smooth
16,PERSONAL CARE,1679,197.0777909738717,182.0,78.33232394543552,0.0,662.0,1.2296121578089234,2.6484370404441746,0.3974690580706946,1.0029779630732578,0.1545434643204226,Smooth
16,PET SUPPLIES,270,0.2660332541567696,0.0,0.7561376345676761,0.0,7.0,4.024422743797765,20.206701679365,2.842267347824974,6.237037037037037,0.4555763706243371,Intermittent
16,PLAYERS AND ELECTRONICS,915,1.9542755344418048,1.0,2.559677182380624,0.0,16.0,1.61109082969087,2.9565631098677407,1.3097831579833776,1.8404371584699453,0.4754820123625093,Intermittent
16,POULTRY,1677,94.22543277119952,88.729998,34.70825618773151,0.0,329.501,0.9829923179574906,2.669480906633722,0.3683533751619117,1.0041741204531902,0.1309634314024452,Smooth
16,PREPARED FOODS,1678,41.79394299287411,41.0,14.298262817811173,0.0,107.0,0.5090584854833394,1.056485759971446,0.3421132775126511,1.0035756853396902,0.1130615368312183,Smooth
16,PRODUCE,1016,372.3173981235154,440.272,338.7026154225543,0.0,1335.467,0.2540879474177034,-1.0645925054587184,0.9097147141893186,1.65748031496063,0.1026259827766692,Intermittent
16,SCHOOL AND OFFICE SUPPLIES,120,1.3937054631828978,0.0,7.547079993998564,0.0,86.0,7.351155415110663,61.1291952932482,5.41511832159119,14.033333333333331,1.1608199389962026,Lumpy
16,SEAFOOD,1276,2.774346793349169,2.0,2.8969075760951477,0.0,23.0,1.7071472413298303,4.466139454946412,1.0441764461442284,1.3197492163009403,0.5838648928364502,Erratic
17,AUTOMOTIVE,1602,6.108669833729216,5.0,4.650435669092511,0.0,33.0,1.5428350412436551,3.667470095886865,0.7612845013580039,1.0511860174781522,0.5026399379079599,Erratic
17,BABY CARE,168,0.1526128266033254,0.0,0.5630014278991446,0.0,7.0,5.732201118722049,45.64241644291509,3.689083262139079,10.023809523809524,0.4574633977879622,Intermittent
17,BEAUTY,1189,1.8331353919239903,1.0,2.0338745078631413,0.0,15.0,1.835238365852213,4.905349699624324,1.1095058857703666,1.4163162321278384,0.5752155208464736,Lumpy
17,BEVERAGES,1677,2402.4714964370546,2304.5,1278.2677424532676,0.0,8556.0,0.7758975739295744,0.540494150487369,0.5320636454369799,1.0041741204531902,0.2777582061332402,Smooth
17,BOOKS,0,0.0,0.0,0.0,0.0,0.0,,,0.0,,,No Sales
17,BREAD/BAKERY,1677,252.32957244655583,226.0,112.96319289794543,0.0,913.0,1.7383638252649858,4.722358758247841,0.4476811489125941,1.0041741204531902,0.1954285483377956,Smooth
17,CELEBRATION,987,4.663301662707839,3.0,6.747485325672336,0.0,69.0,3.683741854386825,24.294174856857488,1.4469330556469602,1.7061803444782169,0.8131818703016941,Lumpy
17,CLEANING,1677,1066.6627078384795,1022.5,320.65788261467844,0.0,2727.0,0.7286301656718809,1.27871348644722,0.30061788066461,1.0041741204531902,0.0858386886959391,Smooth
17,DAIRY,1677,545.4869358669833,521.0,280.8859041666112,0.0,1571.0,0.6559937508077883,0.5036899305334668,0.5149269133634947,1.0041741204531902,0.2598907901899573,Smooth
17,DELI,1677,424.12410926365794,411.0,158.12140743745712,0.0,991.0,0.4643762253279073,0.0658672887068729,0.37281871976485,1.0041741204531902,0.1342592630181395,Smooth
17,EGGS,1677,180.66389548693587,152.0,130.22238370967358,0.0,1446.0,3.776319277484709,23.818184494919574,0.7207991577839602,1.0041741204531902,0.5132350006952511,Erratic
17,FROZEN FOODS,1677,96.24318055106887,79.709,94.718043872251,0.0,1446.283,5.941855940261441,55.191207684841984,0.9841533013448912,1.0041741204531902,0.9603748796670794,Erratic
17,GROCERY I,1677,3832.324950712589,3616.0,1417.2264220259713,0.0,11737.0,1.3286433247653624,3.486758744452569,0.3698085210029175,1.0041741204531902,0.1320330996912581,Smooth
17,GROCERY II,1599,8.207244655581947,6.0,8.808218994879661,0.0,141.0,5.483067178510188,58.246844398674405,1.073224859675135,1.0531582238899313,1.043198781189096,Erratic
17,HARDWARE,703,0.7375296912114014,0.0,1.1873212138235345,0.0,17.0,3.2844213042410115,25.100715088639472,1.6098622555296491,2.395448079658606,0.4993672866266677,Lumpy
17,HOME AND KITCHEN I,1161,16.931116389548695,15.0,17.05269897872878,0.0,157.0,1.4029670910156988,4.346541526685946,1.0071810142565647,1.450473729543497,0.3887970216370438,Intermittent
17,HOME AND KITCHEN II,1162,15.707244655581947,10.5,21.29242546527521,0.0,236.0,3.629769244578637,22.6583648022942,1.3555799206548207,1.4492254733218588,0.9580092771142764,Lumpy
17,HOME APPLIANCES,223,0.1739904988123515,0.0,0.4873828404487422,0.0,3.0,3.0945863104425597,9.932862975974452,2.8012037494827813,7.551569506726457,0.1715104424930675,Intermittent
17,HOME CARE,1042,189.6502375296912,220.5,169.24174018569923,0.0,1486.0,0.4837757094894472,1.1946822303266122,0.8923887593776978,1.616122840690979,0.1115229935756924,Intermittent
17,LADIESWEAR,526,1.9061757719714965,0.0,4.284367525113171,0.0,38.0,3.340994336290992,13.927988651598325,2.247624582088966,3.201520912547529,0.8902941544621604,Lumpy
17,LAWN AND GARDEN,40,0.1229216152019002,0.0,0.9174849522260768,0.0,15.0,9.1844226624225,98.3291854645779,7.46398380183268,42.1,0.3470559404945914,Intermittent
17,LINGERIE,1501,5.317695961995249,4.0,5.804363614703502,0.0,96.0,4.733357431929729,48.79117785693642,1.091518517623962,1.1219187208527648,0.953272223445826,Erratic
17,"LIQUOR,WINE,BEER",1497,39.04750593824228,25.0,42.82002744407952,0.0,413.0,2.743745356243417,12.391728182418536,1.096613635470272,1.1249164996659986,0.9579777398285304,Erratic
17,MAGAZINES,664,1.26187648456057,0.0,2.08738896191645,0.0,12.0,1.9856169384848603,4.00501179504296,1.6541943572148885,2.536144578313253,0.4732436813651501,Intermittent
17,MEATS,1677,252.86415736817105,248.083495,141.8950744637378,0.0,5519.789,30.35943692127678,1124.3801411757872,0.5611513942506963,1.0041741204531902,0.3094251888070216,Smooth
17,PERSONAL CARE,1677,228.333729216152,210.0,105.93852821425362,0.0,1093.0,1.5328578713254877,5.424661418199184,0.4639635527237546,1.0041741204531902,0.2102106133821064,Smooth
17,PET SUPPLIES,681,1.0112826603325415,0.0,1.7066284129990426,0.0,13.0,2.393002793141829,7.323781739634262,1.6875879299169052,2.472834067547724,0.5560902675324971,Lumpy
17,PLAYERS AND ELECTRONICS,1004,5.135985748218527,4.0,6.462841865496882,0.0,66.0,2.445773913455888,12.1994526113623,1.2583449762258871,1.6772908366533863,0.5402409785733685,Lumpy
17,POULTRY,1677,300.99583456353923,286.123,106.52521946530176,0.0,763.059,0.6913532808420079,0.742877884964642,0.3539092812344575,1.0041741204531902,0.1205743669594752,Smooth
17,PREPARED FOODS,1677,65.29453681710214,62.0,28.496092053387827,0.0,194.0,0.7650676634867027,0.6974915012443192,0.4364238333257862,1.0041741204531902,0.1855172704089012,Smooth
17,PRODUCE,1014,749.7641500593824,819.1590000000001,706.5451222492113,0.0,2833.892,0.3848240364432716,-0.9492948303612988,0.9423565026312736,1.660749506903353,0.1368576478302837,Intermittent
17,SCHOOL AND OFFICE SUPPLIES,205,0.5819477434679335,0.0,3.064788454820935,0.0,57.0,10.363632399810603,140.2124094528343,5.266432396989574,8.214634146341464,2.4980633059103274,Lumpy
17,SEAFOOD,1542,11.116663895486935,10.0,7.366662621835336,0.0,45.0,0.7305122424007638,0.8206206671195697,0.6626684669456754,1.0920881971465628,0.3177777224093803,Smooth
18,AUTOMOTIVE,1443,3.807600950118765,3.0,3.3390782280751896,0.0,22.0,1.32934637307426,2.547371232757012,0.8769506760140103,1.167013167013167,0.5158719184137978,Erratic
18,BABY CARE,111,0.09916864608076,0.0,0.4348524991581141,0.0,5.0,5.882841947936212,43.11598908761621,4.384979647891967,15.17117117117117,0.3333213807466185,Intermittent
18,BEAUTY,1233,1.9994061757719717,1.0,2.234606806770371,0.0,23.0,2.267490677623575,9.177218053423438,1.1176352422688467,1.3657745336577454,0.6467641473299568,Lumpy
18,BEVERAGES,1568,1644.7553444180523,1556.0,1104.9188954666868,0.0,12473.0,1.604101979095143,7.556963735016295,0.6717831312820313,1.0739795918367347,0.3513223030553046,Smooth
18,BOOKS,0,0.0,0.0,0.0,0.0,0.0,,,0.0,,,No Sales
18,BREAD/BAKERY,1569,658.993874703088,673.0,232.53553834941624,0.0,1566.0,-1.060104717606401,2.4842603027983694,0.3528644912729016,1.073295092415551,0.0477205729793228,Smooth
18,CELEBRATION,875,4.666270783847981,1.0,43.6350420057497,0.0,1783.0,40.19884053427041,1635.2107655758816,9.351159419945931,1.9245714285714288,44.95526110512044,Lumpy
18,CLEANING,1569,600.25,575.0,306.0867828188429,0.0,7255.0,6.144983004029948,132.07068717813144,0.5099321662945989,1.073295092415551,0.1739835792842131,Smooth
18,DAIRY,1569,473.291567695962,474.0,241.01790996058853,0.0,1650.0,0.2856892906819393,0.5814374390490418,0.5092377012617874,1.073295092415551,0.1733241354458522,Smooth
18,DELI,1569,205.0584997422803,200.114,95.38404935636166,0.0,560.654,0.1458467280648603,0.6975480668780358,0.4651553067820948,1.073295092415551,0.1333038490754685,Smooth
18,EGGS,1569,161.48634204275535,150.0,81.89928742909608,0.0,499.0,0.4374120264625745,0.7212203808608497,0.5071592209755122,1.073295092415551,0.1713558408173484,Smooth
18,FROZEN FOODS,1569,56.73128439133016,44.0,64.2023168838833,0.0,849.66504,5.758758473730348,44.1701568602904,1.1316915802555527,1.073295092415551,1.124975553269152,Erratic
18,GROCERY I,1569,2457.6540005938245,2339.7070000000003,1178.1174716132673,0.0,12137.94,1.2047994342595805,8.326949864808658,0.4793666933295444,1.073295092415551,0.1458101647572119,Smooth
18,GROCERY II,1566,16.636579572446557,15.0,10.732926747477064,0.0,65.0,0.787905987291671,1.0267003468063498,0.6451402285003197,1.0753512132822478,0.3169705831444138,Smooth
18,HARDWARE,803,0.929334916864608,0.0,1.3214363754950615,0.0,8.0,1.939620749028425,4.63709144398759,1.421916200600113,2.0971357409713574,0.4409394804036979,Intermittent
18,HOME AND KITCHEN I,1053,14.361638954869358,9.0,28.34891153046767,0.0,404.0,7.7441363395256415,81.4812632304461,1.973932892866796,1.5992402659069325,2.0617107198837394,Lumpy
18,HOME AND KITCHEN II,1056,8.40083135391924,7.0,9.23513245805802,0.0,92.0,1.4317357560117567,4.531932265777728,1.0993117309336582,1.5946969696969695,0.3848940105430157,Intermittent
18,HOME APPLIANCES,229,0.172209026128266,0.0,0.4837375409916102,0.0,4.0,3.429931336614505,14.373563998449324,2.8090138424120425,7.353711790393013,0.2089892981241621,Intermittent
18,HOME CARE,934,108.88598574821852,122.0,113.74608685097496,0.0,1155.0,1.0560929499164469,4.039100165275412,1.0446347715761144,1.802997858672377,0.1598803603365742,Intermittent
18,LADIESWEAR,891,6.27790973871734,2.0,8.185568170392202,0.0,46.0,1.486102426434903,2.206556526540867,1.3038684068052169,1.8900112233445567,0.4286014756525085,Intermittent
18,LAWN AND GARDEN,711,1.4085510688836105,0.0,3.645101882571712,0.0,92.0,12.954538398231833,269.1607404153809,2.587837928285347,2.3684950773558366,2.249702827324227,Lumpy
18,LINGERIE,1412,4.369952494061757,3.0,4.723250697071551,0.0,74.0,4.586229934413342,52.49945592852946,1.0808471493475127,1.1926345609065157,0.8180175482797222,Erratic
18,"LIQUOR,WINE,BEER",1387,57.00296912114014,43.0,66.36230446847982,0.0,1052.0,5.422034319234747,53.7923873375122,1.1641903130744902,1.2141312184571016,0.9399378331315628,Erratic
18,MAGAZINES,623,1.1561757719714965,0.0,2.1038825341075347,0.0,14.0,2.42671663449733,6.666072744565797,1.819690901064576,2.7030497592295344,0.5949669314799644,Lumpy
18,MEATS,1569,98.66398978562944,87.1185,55.30902841223884,0.0,337.513,1.0202074801113254,1.9891364626886412,0.5605796859811775,1.073295092415551,0.2244997611781981,Smooth
18,PERSONAL CARE,1569,149.29097387173397,130.5,172.430204515386,0.0,6047.0,24.341791037687617,813.0915955963063,1.1549941703935669,1.073295092415551,1.1746223849699589,Erratic
18,PET SUPPLIES,839,1.8402612826603328,0.0,2.5114973490144616,0.0,17.0,1.7279216277705305,3.794461588395758,1.364750414147181,2.0071513706793804,0.4261723038392663,Intermittent
18,PLAYERS AND ELECTRONICS,897,4.2992874109263655,2.0,5.470236848499123,0.0,40.0,1.6208016791043296,3.90936421351444,1.2723589572831315,1.8773690078037903,0.3949827156311952,Intermittent
18,POULTRY,1569,194.5097253402613,187.146,149.9219170077747,0.0,3155.52,9.722901923979592,165.50461505982233,0.7707682314842682,1.073295092415551,0.4852240338478313,Smooth
18,PREPARED FOODS,1568,49.93982839429929,49.0,24.65325960454978,0.0,272.402,0.6343880217805948,4.573702012470155,0.4936592775090579,1.0739795918367347,0.1580289716187287,Smooth
18,PRODUCE,906,875.4971635629454,963.209,941.3177061883424,0.0,4276.486,0.7468511659968196,-0.1756862174119438,1.075180760559471,1.858719646799117,0.1599455956643961,Intermittent
18,SCHOOL AND OFFICE SUPPLIES,538,1.925771971496437,0.0,8.522142512457465,0.0,142.0,10.300232578146254,128.89349230405745,4.425312360014229,3.130111524163569,5.575928473903939,Lumpy
18,SEAFOOD,1547,9.376033667042757,8.001999999999999,7.12909311291314,0.0,60.996,1.2083415244184252,2.6797581014676366,0.7603527637930653,1.088558500323206,0.4497487502661285,Smooth
19,AUTOMOTIVE,1644,6.548099762470309,6.0,4.171864811933607,0.0,27.0,0.9960020851308796,1.1508169220245827,0.6371107592476013,1.024330900243309,0.3725155799022651,Smooth
19,BABY CARE,132,0.1187648456057007,0.0,0.4612328767067048,0.0,4.0,4.74194970119885,25.85530786219316,3.8835807891707046,12.757575757575758,0.2605999996560079,Intermittent
19,BEAUTY,1213,1.6057007125890737,1.0,1.6390762115568802,0.0,12.0,1.5644132914088635,3.610356580114941,1.0207856281593133,1.3882934872217645,0.4708729228820439,Intermittent
19,BEVERAGES,1679,1957.7606888361045,1873.0,898.3090311986277,0.0,6309.0,0.7145184431292368,0.5374120657302828,0.4588451675021714,1.0029779630732578,0.2069446511375457,Smooth
19,BOOKS,0,0.0,0.0,0.0,0.0,0.0,,,0.0,,,No Sales
19,BREAD/BAKERY,1679,180.00653206650833,172.0,54.91673100709386,0.0,553.0,0.7690547581529364,1.7065330893668111,0.3050818788425872,1.0029779630732578,0.0898294808480458,Smooth
19,CELEBRATION,1003,5.26187648456057,3.0,9.26514656639915,0.0,115.0,5.244976668350752,39.85057980960641,1.7608065472126135,1.678963110667996,1.442245259162164,Lumpy
19,CLEANING,1679,927.210213776722,835.5,343.14250170337573,0.0,2385.0,1.165130301801616,1.2931169010655754,0.3700805886351425,1.0029779630732578,0.1335838711757387,Smooth
19,DAIRY,1679,289.4732779097387,288.0,140.30158346062723,0.0,824.0,0.157495229604135,-0.258867394519664,0.4846788776955443,1.0029779630732578,0.2312470063652227,Smooth
19,DELI,1679,273.88004750593825,268.0,105.96037378803176,0.0,682.0,0.3765846289135694,-0.0710245150488195,0.3868860647300254,1.0029779630732578,0.1462672854342037,Smooth
19,EGGS,1679,64.8646080760095,56.0,38.12506867437708,0.0,289.0,1.4614166793694925,3.128526287123932,0.5877638022434927,1.0029779630732578,0.3414714348310934,Smooth
19,FROZEN FOODS,1677,61.012274865201896,45.0,114.05444548193871,0.0,1623.5459,8.020559972554524,75.50700601603337,1.869368839828653,1.0041741204531902,3.4758570926867947,Erratic
19,GROCERY I,1679,3019.9867262470307,2810.5,1029.1908152118017,0.0,8351.0,1.0310883659836374,1.5035581834084557,0.3407931585482321,1.0029779630732578,0.1128260221124713,Smooth
19,GROCERY II,1614,9.871140142517817,7.0,12.137793527519824,0.0,165.0,5.362680708811867,45.21271998849967,1.2296242734929133,1.043370508054523,1.4075588054218449,Erratic
19,HARDWARE,1058,1.2820665083135392,1.0,1.4549894516336683,0.0,10.0,1.585962909307413,3.345840075030079,1.134878293024531,1.5916824196597354,0.4374404799885649,Intermittent
19,HOME AND KITCHEN I,1162,14.184679334916863,11.0,17.43075143083316,0.0,305.0,4.844441474221279,58.539404966698974,1.2288435302655698,1.4492254733218588,0.7319985524625077,Lumpy
19,HOME AND KITCHEN II,1161,8.51603325415677,7.0,10.064240425079827,0.0,128.0,3.896019529006973,31.987065499076863,1.181799098657296,1.450473729543497,0.6523216249606212,Lumpy
19,HOME APPLIANCES,235,0.1627078384798099,0.0,0.4395919968195217,0.0,4.0,3.228928218455162,13.482835001104313,2.701725978446599,7.165957446808511,0.1581597312008123,Intermittent
19,HOME CARE,1044,125.21555819477436,141.0,114.328034605078,0.0,547.0,0.4374843136177418,-0.5384318580825278,0.9130497539796636,1.6130268199233715,0.136781999285396,Intermittent
19,LADIESWEAR,975,5.278503562945368,3.0,6.901081786733473,0.0,53.0,1.9057211779267575,5.266092028874716,1.3073936018289478,1.7271794871794872,0.5686140616223722,Lumpy
19,LAWN AND GARDEN,4,0.0160332541567695,0.0,0.4652835457992773,0.0,18.0,35.604324988166496,1338.7995526770228,29.019905268757867,421.0,1.0027434839278564,Lumpy
19,LINGERIE,1493,4.433491686460807,3.0,4.217903185892291,0.0,33.0,2.032526039097972,6.660893847438956,0.9513727515993176,1.1279303415941058,0.6890317090775636,Erratic
19,"LIQUOR,WINE,BEER",1494,33.75950118764845,20.0,44.77380202718676,0.0,612.0,4.239921125518382,31.22496341475753,1.3262578074536788,1.1271753681392236,1.4476757120809498,Erratic
19,MAGAZINES,676,1.022565320665083,0.0,1.7208968753848843,0.0,12.0,2.288924709876706,6.292190163154288,1.6829212167910022,2.4911242603550297,0.5383511322175687,Lumpy
19,MEATS,1679,141.3029322666271,134.096,49.25401561994057,0.0,426.42798,1.3942413934507811,4.488776523168885,0.3485703716795749,1.0029779630732578,0.118171430782442,Smooth
19,PERSONAL CARE,1679,187.0380047505938,171.0,80.05182988385054,0.0,710.0,1.27169231497413,2.5616873892469307,0.4279976681218762,1.0029779630732578,0.1796689932173327,Smooth
19,PET SUPPLIES,569,0.5688836104513064,0.0,0.9762650910593744,0.0,7.0,2.100160869953255,5.218995868804633,1.7161069002652012,2.959578207381371,0.3329679521500048,Intermittent
19,PLAYERS AND ELECTRONICS,969,2.961995249406176,2.0,3.6586512590853593,0.0,27.0,1.588594593798394,3.601419106771943,1.2351982193704232,1.737874097007224,0.4533358004526708,Intermittent
19,POULTRY,1678,121.8783944317102,89.185498,89.82093972503637,0.0,610.943,1.6006498640273374,2.21554199256716,0.7369717999905804,1.0035756853396902,0.5376293552380443,Erratic
19,PREPARED FOODS,1679,33.49465558194775,32.0,13.034782444864172,0.0,82.0,0.4319492364955891,0.0853882480549659,0.3891600680169474,1.0029779630732578,0.1480267771895774,Smooth
19,PRODUCE,1016,265.52919519002376,326.19100000000003,235.23356933935096,0.0,1426.504,0.1287637006354619,-1.0483174992038848,0.8859047276143105,1.65748031496063,0.0768316041551981,Intermittent
19,SCHOOL AND OFFICE SUPPLIES,162,0.5273159144893111,0.0,3.1878763312781526,0.0,73.0,11.892846129851335,198.8061030288981,6.0454771753286325,10.395061728395062,2.6120799844377407,Lumpy
19,SEAFOOD,1384,4.342636579572447,3.0,4.263813564472675,0.0,35.0,1.9469245812252625,6.57099019763764,0.9818490415586696,1.216763005780347,0.6141413991389622,Erratic
2,AUTOMOTIVE,1621,5.403800475059382,5.0,3.4734670978583866,0.0,23.0,0.9405528269950948,1.4057217358126204,0.6427822628253932,1.038864898210981,0.3603010746210641,Smooth
2,BABY CARE,57,0.0498812351543943,0.0,0.3118883336841258,0.0,5.0,8.793778949547622,100.41719609357412,6.252618373745936,29.54385964912281,0.3571428566581632,Intermittent
2,BEAUTY,1608,4.712589073634204,4.0,3.9462611301267208,0.0,108.0,11.021015536685344,276.9789080771439,0.8373870642292387,1.0472636815920398,0.6244400768151089,Erratic
2,BEVERAGES,1679,2466.693586698337,2469.0,1159.4771950024897,0.0,9188.0,0.6241717215098701,0.3346634951388902,0.4700531923602138,1.0029779630732578,0.2173248551811427,Smooth
2,BOOKS,111,0.1419239904988123,0.0,0.6633787437376806,0.0,9.0,6.595898680534118,54.90334741200766,4.6741832493009605,15.17117117117117,0.5060135497129238,Lumpy
2,BREAD/BAKERY,1679,548.8555742814726,556.9665,188.96404531052468,0.0,1134.0,0.3183031221219082,-0.2624855792293048,0.3442873757045472,1.0029779630732578,0.1152127347266931,Smooth
2,CELEBRATION,1012,7.947743467933492,7.0,8.760789121103908,0.0,69.0,1.2955329518500618,2.736359619599594,1.1022989299224977,1.6640316205533596,0.3311423315346113,Intermittent
2,CLEANING,1679,965.4804038004752,934.0,212.92801571721756,0.0,1977.0,0.4395749430014463,1.4637071733644529,0.220541002053316,1.0029779630732578,0.0455247993420711,Smooth
2,DAIRY,1679,853.2422802850356,836.0,279.8967140150372,0.0,2634.0,0.4005725181178707,0.9056212268147146,0.3280389644090379,1.0029779630732578,0.1043209352044971,Smooth
2,DELI,1679,244.34981621140145,235.589,69.82115326699173,0.0,515.08,0.6162474865699612,0.7308135223918648,0.2857426060279889,1.0029779630732578,0.0784372904718433,Smooth
2,EGGS,1679,186.8978622327791,174.0,52.230318733039454,0.0,380.0,0.823403512753733,0.8271278767237651,0.2794591554381063,1.0029779630732578,0.0748964177186705,Smooth
2,FROZEN FOODS,1679,160.7180148592637,126.0,179.93672720158162,0.0,3738.005,8.939401031967305,121.52492050458775,1.1195803243216242,1.0029779630732578,1.2467693065790746,Erratic
2,GROCERY I,1678,3914.313418646081,3583.5,3588.114918114892,0.0,124717.0,25.859897186556463,808.3093334017411,0.9166652064757416,1.0035756853396902,0.8337183011167929,Erratic
2,GROCERY II,1679,31.28562945368171,29.0,15.730615493240787,0.0,151.0,1.576868120864041,5.458884854370568,0.5028064247844882,1.0029779630732578,0.2490945433796046,Smooth
2,HARDWARE,1019,1.171021377672209,1.0,1.3691428572060995,0.0,11.0,1.6654103247362244,4.0317984348428215,1.1691869014027183,1.6526005888125614,0.4322868018029971,Intermittent
2,HOME AND KITCHEN I,1166,17.606294536817103,15.0,23.22849391372472,0.0,423.0,6.59521348502614,87.08189546980039,1.3193289402168935,1.444253859348199,0.8976088136101352,Lumpy
2,HOME AND KITCHEN II,1162,14.408551068883613,10.0,23.951912891348684,0.0,325.0,6.101663526544418,55.3449086198665,1.6623401461519864,1.4492254733218588,1.5968179768771738,Lumpy
2,HOME APPLIANCES,579,0.4786223277909738,0.0,0.7613864103822522,0.0,4.0,1.6381592745300098,2.3234388713742966,1.590787484373234,2.90846286701209,0.2139074801894443,Intermittent
2,HOME CARE,1043,177.32838479809976,220.0,165.09900470876084,0.0,2504.0,2.148433942974925,25.10672837800201,0.9310354058421392,1.6145733461169702,0.1562354422791305,Intermittent
2,LADIESWEAR,1016,17.540973871733968,17.0,18.052512685315417,0.0,87.0,0.844342763308556,0.1413285985981232,1.0291625092365364,1.65748031496063,0.242352896697955,Intermittent
2,LAWN AND GARDEN,1611,8.232185273159145,7.0,8.070290062035491,0.0,194.0,9.037372608715584,178.69245391790514,0.9803338716595892,1.0453134698944757,0.8760444177015161,Erratic
2,LINGERIE,1638,9.322446555819475,8.0,6.53548288439189,0.0,57.0,1.4942783997031006,4.507400925779831,0.7010480397563781,1.028083028083028,0.4507275320321207,Smooth
2,"LIQUOR,WINE,BEER",1497,86.50356294536817,61.0,81.49863010747899,0.0,1049.0,2.952832648275425,18.539903649359253,0.942141887935966,1.1249164996659986,0.678019068587627,Erratic
2,MAGAZINES,937,3.835510688836104,1.0,5.029924494081052,0.0,32.0,1.4977495265429022,2.289642714038581,1.311409327422833,1.7972251867662754,0.5133297956804188,Lumpy
2,MEATS,1679,504.70057976840855,469.4665,195.07673226690437,0.0,1667.495,2.691421443122961,9.775266633971752,0.3865197308789154,1.0029779630732578,0.1459848019360424,Smooth
2,PERSONAL CARE,1678,262.9667458432304,243.0,152.9702052435729,0.0,4444.0,15.152597422240929,366.8117037314288,0.5817093136718722,1.0035756853396902,0.333617130390739,Smooth
2,PET SUPPLIES,1021,5.427553444180522,5.0,5.450062733637834,0.0,24.0,0.6232552894594618,-0.5496664018309492,1.0041472255749595,1.6493633692458374,0.2176283821796873,Intermittent
2,PLAYERS AND ELECTRONICS,1010,5.70249406175772,5.0,6.234717635421245,0.0,35.0,1.1688093860051738,1.561960229439472,1.0933317188595446,1.6673267326732673,0.3167030820963551,Intermittent
2,POULTRY,1679,486.60359160391926,478.0315,154.83610539280886,0.0,930.16,-0.031305666599911,-0.3405373836457119,0.3181976213577203,1.0029779630732578,0.097979982394976,Smooth
2,PREPARED FOODS,1679,124.93021441805226,119.3530045,41.03191212311116,0.0,283.478,0.672370809296873,0.6175679767589006,0.3284386592460186,1.0029779630732578,0.1045825468514861,Smooth
2,PRODUCE,1537,1651.7780114608074,2095.961,1431.2636310090431,0.0,5226.323,0.0001924892265939,-1.4795013064287776,0.8664987795438618,1.095640858815875,0.5979872609382274,Erratic
2,SCHOOL AND OFFICE SUPPLIES,421,0.4572446555819477,0.0,1.0170522397760269,0.0,12.0,3.5738714409806054,20.58426838405983,2.224306451996229,4.0,0.4868848029757684,Intermittent
2,SEAFOOD,1679,32.21315675783848,31.265,11.35053841108011,0.0,72.433,0.317705628430987,0.1249946580751348,0.352357221493538,1.0029779630732578,0.1208178573478235,Smooth
20,AUTOMOTIVE,900,4.498812351543943,2.0,5.786840958649422,0.0,48.0,1.6165679238496538,4.061736061223744,1.2863041409978206,1.8711111111111112,0.418717642118647,Intermittent
20,BABY CARE,276,0.3117577197149643,0.0,0.8668229035107791,0.0,7.0,3.5489563990003083,14.12456845185724,2.780437647295038,6.101449275362318,0.4309442172339676,Intermittent
20,BEAUTY,874,2.84916864608076,1.0,3.9986405673973073,0.0,28.0,1.8344622682284424,4.104363893593244,1.4034411657218988,1.9267734553775744,0.5412539021426253,Lumpy
20,BEVERAGES,911,1639.481591448931,1339.5,2002.8781968741523,0.0,24612.0,2.04641268416455,11.637118753093706,1.2216533612328269,1.8485181119648737,0.3483432587866478,Intermittent
20,BOOKS,0,0.0,0.0,0.0,0.0,0.0,,,0.0,,,No Sales
20,BREAD/BAKERY,911,256.7876638954869,273.0,285.669008961869,0.0,1450.0,1.0091632402246538,0.7321635876259709,1.1124716998750548,1.8485181119648737,0.21047950168714,Intermittent
20,CELEBRATION,790,4.005938242280285,0.0,5.821572045360375,0.0,38.0,1.736571956930132,3.240873060387898,1.4532355947138484,2.131645569620253,0.4598551179981028,Intermittent
20,CLEANING,911,702.832541567696,723.5,792.0041330570986,0.0,6081.0,1.2191381735798077,2.624715173983561,1.1268745913349072,1.8485181119648737,0.2279275652790096,Intermittent
20,DAIRY,911,409.3301662707838,397.0,459.8056056946657,0.0,2435.0,1.054175152648733,0.9836539965092888,1.1233122881770887,1.8485181119648737,0.2235912010461814,Intermittent
20,DELI,911,326.4711989370546,347.3165,349.56850748958726,0.0,1575.984,0.7195186345429895,-0.3027985218126248,1.0707483803369595,1.8485181119648737,0.1612015484763864,Intermittent
20,EGGS,911,66.84679334916865,41.0,82.97797719120128,0.0,562.0,1.34500094924285,1.696973605735403,1.2413157465389764,1.8485181119648737,0.3745414590175214,Intermittent
20,FROZEN FOODS,911,59.74094360095012,39.0,122.07263942960188,0.0,1692.232,7.0620189221756045,67.24974841741466,2.0433664430037077,1.8485181119648737,1.7997271906478884,Lumpy
20,GROCERY I,911,2841.4631258907366,2847.5265,3861.3608218642194,0.0,87438.516,7.4946959513188895,141.93447244098726,1.358933989563003,1.8485181119648737,0.5399911797264739,Lumpy
20,GROCERY II,904,7.076603325415677,4.0,10.289489084121014,0.0,183.0,4.55690567261656,55.23003877521054,1.4540152400110116,1.8628318584070795,0.6717345178189509,Lumpy
20,HARDWARE,432,0.4251781472684085,0.0,0.9309830725247822,0.0,9.0,3.640486867875948,20.414560231319623,2.189630573246362,3.898148148148149,0.4864704591364534,Intermittent
20,HOME AND KITCHEN I,911,15.02375296912114,9.5,23.568078096338866,0.0,473.0,7.7247222931365345,122.5377890209169,1.56872108741474,1.8485181119648737,0.8722488180721342,Lumpy
20,HOME AND KITCHEN II,910,8.453681710213777,5.0,11.155598574556585,0.0,93.0,2.004248924104991,6.534388622514976,1.3196142172893408,1.8505494505494504,0.4813879639672982,Intermittent
20,HOME APPLIANCES,121,0.0985748218527315,0.0,0.3971667619536411,0.0,5.0,5.078876616585204,32.394002102065485,4.029089279186418,13.917355371900827,0.2382784145169065,Intermittent
20,HOME CARE,831,162.60095011876484,0.0,195.71782101351985,0.0,999.0,1.0898166618863403,0.8082401407340032,1.2036696026029523,2.02647412755716,0.2084143976698922,Intermittent
20,LADIESWEAR,756,4.153800475059382,0.0,7.834358733667405,0.0,68.0,3.32947396533756,14.419139216392,1.8860700649492164,2.2275132275132274,1.0458959501643037,Lumpy
20,LAWN AND GARDEN,834,3.077790973871734,0.0,4.870582192323116,0.0,64.0,3.5429059385969954,26.912346184402963,1.582492843759832,2.0191846522781773,0.7354943728136529,Lumpy
20,LINGERIE,784,1.8842042755344417,0.0,3.005776291187653,0.0,23.0,2.346648329951917,7.075508836663078,1.595249691671481,2.147959183673469,0.6503207359492189,Lumpy
20,"LIQUOR,WINE,BEER",841,23.258907363420427,0.0,38.83592011839973,0.0,487.0,4.359662579255485,35.463477545863206,1.6697224641690496,2.0023781212841856,0.8917371635505468,Lumpy
20,MAGAZINES,477,0.6407363420427553,0.0,1.3749639353801686,0.0,11.0,3.1553888421564835,12.47504135075467,2.145912199783585,3.530398322851153,0.5876223216628873,Lumpy
20,MEATS,911,160.02929530047507,157.9685,177.90751771581776,0.0,887.76,0.9248460244768096,0.3204418294842437,1.111718434931944,1.8485181119648737,0.2095731516548136,Intermittent
20,PERSONAL CARE,911,210.5581947743468,196.5,241.77982821300023,0.0,1746.0,1.1900885828606376,1.6885307781158403,1.1482803054564803,1.8485181119648737,0.254273704380882,Intermittent
20,PET SUPPLIES,712,1.4780285035629457,0.0,2.3230982893315955,0.0,17.0,1.9777531354586089,4.626209449284465,1.5717547274357455,2.365168539325843,0.467300476995321,Intermittent
20,PLAYERS AND ELECTRONICS,777,2.776128266033254,0.0,4.158712940708373,0.0,38.0,2.0164357681969465,6.1233652204910864,1.4980262223807963,2.167310167310167,0.4968243185171139,Lumpy
20,POULTRY,911,202.5805422066508,183.4945,329.93492852024536,0.0,5413.873,8.459151609048208,116.36056239867273,1.6286605067038111,1.8485181119648737,0.9759260255398964,Lumpy
20,PREPARED FOODS,911,44.12504042102138,42.789,48.9383268649469,0.0,266.462,0.9251858513142824,0.3853380991715354,1.1090828789478766,1.8485181119648737,0.2064068066129314,Intermittent
20,PRODUCE,803,499.9866706532066,0.0,603.940580147545,0.0,3130.055,0.92239064263691,-0.0380905837026745,1.2079133616848627,2.0971357409713574,0.1725777408204297,Intermittent
20,SCHOOL AND OFFICE SUPPLIES,529,3.045724465558195,0.0,18.55052609865573,0.0,374.0,12.97144699552705,207.51920462406775,6.090677703232511,3.183364839319471,10.967322887801837,Lumpy
20,SEAFOOD,907,6.882379446021377,3.9045,8.75275250876739,0.0,48.796,1.4048212688712265,1.7283886833643054,1.2717625606294478,1.856670341786108,0.4097171436754925,Intermittent
21,AUTOMOTIVE,750,4.656769596199525,0.0,6.35180098773326,0.0,35.0,1.2678969785732137,0.9512860984849124,1.363992968763816,2.2453333333333334,0.2739653293580045,Intermittent
21,BABY CARE,272,0.2903800475059382,0.0,0.8122445356727025,0.0,8.0,3.858488139934797,18.78329550625609,2.7971774915386174,6.191176470588236,0.4252867790234521,Intermittent
21,BEAUTY,729,2.171615201900237,0.0,3.3153177932828304,0.0,19.0,1.7466272775471765,2.9738166935815054,1.5266598745740747,2.310013717421125,0.4418487428258438,Intermittent
21,BEVERAGES,750,1166.147268408551,0.0,1461.829063973884,0.0,8222.0,0.966074253738956,0.2348215981409116,1.253554421104633,2.2453333333333334,0.1452191300505126,Intermittent
21,BOOKS,0,0.0,0.0,0.0,0.0,0.0,,,0.0,,,No Sales
21,BREAD/BAKERY,750,218.3824228028504,0.0,280.40889481187463,0.0,1704.0,1.2022436560635503,1.4286187966750346,1.2840268516653286,2.2453333333333334,0.1796577891082376,Intermittent
21,CELEBRATION,729,3.371140142517815,0.0,6.047173885521876,0.0,54.0,3.202296918387252,15.466510678593718,1.7938067324639897,2.310013717421125,0.8258517527596411,Lumpy
21,CLEANING,750,571.3847980997625,0.0,760.370621849472,0.0,6670.0,1.6293073980809385,4.895131768254534,1.330750528150002,2.2453333333333334,0.2340693148056214,Intermittent
21,DAIRY,750,250.4851543942993,0.0,315.3188529025184,0.0,1424.0,0.9575573369975424,-0.0002326165745896,1.2588324991304785,2.2453333333333334,0.1511249677309377,Intermittent
21,DELI,750,144.4072630463183,0.0,182.02462165674828,0.0,1028.102,1.0098218327374764,0.3762603454008122,1.2604949212083871,2.2453333333333334,0.1529902522618873,Intermittent
21,EGGS,750,97.5730403800475,0.0,138.2429056394566,0.0,911.0,1.7154175552780269,3.771395003998167,1.4168145739805067,2.2453333333333334,0.3393839981047004,Intermittent
21,FROZEN FOODS,750,44.048927505344416,0.0,107.15411701930556,0.0,1657.123,7.999335836813887,84.39993299743419,2.432615799870997,2.2453333333333334,2.080887602415177,Lumpy
21,GROCERY I,750,1878.1567298099765,0.0,2375.151949100365,0.0,13924.218,1.0625269541163915,0.7491983483671358,1.26461860791533,2.2453333333333334,0.1576277717431304,Intermittent
21,GROCERY II,749,6.105700712589074,0.0,10.495253572419388,0.0,152.0,4.164971230475959,35.8224823205841,1.7189269610055995,2.248331108144192,0.7589535116362259,Lumpy
21,HARDWARE,416,0.4192399049881235,0.0,0.9032853164272904,0.0,9.0,3.021268559562718,12.671073148282993,2.1545785683218788,4.048076923076923,0.3937998053284375,Intermittent
21,HOME AND KITCHEN I,750,15.661520190023753,0.0,23.835803456777263,0.0,391.0,3.6468538697699215,38.34914376824627,1.521934216222415,2.2453333333333334,0.4769672322194568,Intermittent
21,HOME AND KITCHEN II,750,13.402019002375296,0.0,22.086028530638345,0.0,549.0,9.212869849750032,204.66386363868497,1.6479627827028136,2.2453333333333334,0.6548907364078758,Lumpy
21,HOME APPLIANCES,192,0.1413301662707838,0.0,0.4348010031818071,0.0,4.0,3.7006613936892183,16.332692287077403,3.0764911099888743,8.770833333333334,0.1931360776489814,Intermittent
21,HOME CARE,750,143.60095011876484,0.0,186.9001852299838,0.0,1286.0,1.3050274180483925,2.124856292389711,1.3015247118776507,2.2453333333333334,0.199806966589524,Intermittent
21,LADIESWEAR,646,2.392517814726841,0.0,4.551861729507169,0.0,42.0,2.819180798743479,10.229303972987935,1.9025403696416467,2.606811145510836,0.7721498039671923,Lumpy
21,LAWN AND GARDEN,550,1.1223277909738718,0.0,3.558870393379916,0.0,81.0,13.31478130667448,246.0792605871623,3.1709723476782328,3.061818181818182,2.6106212016943857,Lumpy
21,LINGERIE,739,4.117577197149644,0.0,6.368005674290308,0.0,48.0,2.0738112188548863,5.767093090451105,1.5465419026392415,2.2787550744248986,0.4884407260835222,Intermittent
21,"LIQUOR,WINE,BEER",704,30.473871733966742,0.0,51.12736094332151,0.0,402.0,2.586326149474469,9.443607334439085,1.677744179931566,2.3920454545454546,0.5947964225307129,Lumpy
21,MAGAZINES,572,0.9584323040380048,0.0,1.842215802374791,0.0,14.0,2.783398046218268,9.849449008998253,1.92211363566438,2.944055944055944,0.5945759605397342,Lumpy
21,MEATS,750,50.01648935510688,0.0,61.1343958705648,0.0,345.30798,0.8190856509897048,-0.2178771781257191,1.2222848236168828,2.2453333333333334,0.1107393958281465,Intermittent
21,PERSONAL CARE,750,144.95783847980996,0.0,187.57913928676973,0.0,1418.0,1.210747737521478,1.539627827851172,1.2940254990874616,2.2453333333333334,0.1911380607076987,Intermittent
21,PET SUPPLIES,559,0.8551068883610451,0.0,1.5913673889841236,0.0,10.0,2.3597724836071063,6.007760492116496,1.86101574994119,3.012522361359571,0.4816087959223806,Intermittent
21,PLAYERS AND ELECTRONICS,740,3.573040380047506,0.0,5.527088121934832,0.0,45.0,2.076024253310293,5.700697287869488,1.5468865538862056,2.2756756756756755,0.4909233542917594,Lumpy
21,POULTRY,750,77.52027792933491,0.0,96.24091789724346,0.0,538.903,0.909759849617411,0.0634579229470539,1.2414934577986447,2.2453333333333334,0.1318168078057599,Intermittent
21,PREPARED FOODS,750,46.314809984560576,0.0,60.03902304214777,0.0,331.474,1.071919660382754,0.3124603661091525,1.2963245031312003,2.2453333333333334,0.1937903284512555,Intermittent
21,PRODUCE,750,568.7539763657958,0.0,699.9701695803672,0.0,2983.982,0.7941519808170958,-0.6118358583571579,1.2307081772892057,2.2453333333333334,0.119941783395824,Intermittent
21,SCHOOL AND OFFICE SUPPLIES,438,2.083729216152019,0.0,9.154039195835091,0.0,153.0,8.190056396469785,85.34686194666223,4.393104017779512,3.8447488584474887,4.279763041179093,Lumpy
21,SEAFOOD,721,2.5973871733966747,0.0,4.075375658738158,0.0,34.0,2.0482643212239187,5.786493516772007,1.5690289452841366,2.335644937586685,0.4821824057901445,Intermittent
22,AUTOMOTIVE,662,2.1834916864608074,0.0,3.680395280853343,0.0,37.0,2.937431554432568,16.057822801369905,1.685554976915571,2.54380664652568,0.5099793797560136,Lumpy
22,BABY CARE,135,0.1163895486935867,0.0,0.442130751272671,0.0,5.0,4.661153723844163,26.23254613356675,3.798715197684396,12.474074074074077,0.2369845894278106,Intermittent
22,BEAUTY,446,0.6235154394299287,0.0,1.360127139814496,0.0,14.0,3.170114630565466,13.908667349646697,2.181384856927771,3.775784753363229,0.5250975052228514,Lumpy
22,BEVERAGES,673,509.4352731591449,0.0,678.911136542276,0.0,4099.0,0.9635431201287262,-0.0132329548734375,1.3326739868851898,2.50222882615156,0.1094189013866256,Intermittent
22,BOOKS,0,0.0,0.0,0.0,0.0,0.0,,,0.0,,,No Sales
22,BREAD/BAKERY,673,53.78562945368171,0.0,70.98438159248111,0.0,378.0,0.9293345304198096,-0.0698464185134182,1.3197648203093095,2.50222882615156,0.0957347914515639,Intermittent
22,CELEBRATION,662,3.608076009501188,0.0,6.872063405059188,0.0,82.0,3.944301742274633,25.89536650648733,1.904633767431249,2.54380664652568,0.8191751310645053,Lumpy
22,CLEANING,673,247.2998812351544,0.0,335.2284996940322,0.0,2813.0,1.2571163382550936,2.3064139341448096,1.3555546327736083,2.50222882615156,0.1340003491255041,Intermittent
22,DAIRY,673,120.8212589073634,0.0,157.93081785949528,0.0,879.0,0.830663424147035,-0.5557229170972522,1.3071442831039983,2.50222882615156,0.0824854020422519,Intermittent
22,DELI,673,64.90142517814726,0.0,85.16515196726782,0.0,573.0,0.9104406568538166,0.0492512200968744,1.312223140434692,2.50222882615156,0.087802019501543,Intermittent
22,EGGS,673,21.0083135391924,0.0,31.87505189423796,0.0,312.0,1.944013751442916,6.328591632235199,1.517258957186434,2.50222882615156,0.3196533861492592,Intermittent
22,FROZEN FOODS,673,29.50578742339668,0.0,107.62510235643153,0.0,1894.412,12.014867866570576,174.5690306148868,3.64759295552446,2.50222882615156,4.716876977944038,Lumpy
22,GROCERY I,673,932.4598034441804,0.0,1233.2868415341295,0.0,8909.0,1.060916867481981,1.26215393385473,1.3226166285961891,2.50222882615156,0.0987463326729986,Intermittent
22,GROCERY II,596,2.328978622327791,0.0,4.843742801280706,0.0,54.0,3.73796097345151,21.09030412319598,2.0797712579944863,2.825503355704698,0.8847786812153435,Lumpy
22,HARDWARE,375,0.4144893111638955,0.0,0.9984210993819064,0.0,11.0,3.767633818672348,20.7592032848996,2.408798176651453,4.490666666666667,0.5147658880684889,Lumpy
22,HOME AND KITCHEN I,673,15.97624703087886,0.0,29.46696940903072,0.0,562.0,6.067152729336485,82.86798200824525,1.844423746718024,2.50222882615156,0.7591912105649933,Lumpy
22,HOME AND KITCHEN II,673,7.595011876484561,0.0,11.266629253622233,0.0,81.0,1.71732597747182,4.062337927504023,1.4834248366381353,2.50222882615156,0.2790793603730164,Intermittent
22,HOME APPLIANCES,171,0.1353919239904988,0.0,0.4500795926775111,0.0,4.0,4.033332756811245,19.032818895638663,3.3242720546967304,9.847953216374268,0.2236842101907895,Intermittent
22,HOME CARE,673,62.92102137767221,0.0,85.56751475796554,0.0,668.0,1.2431564401214286,2.1345998775823896,1.3599193541853345,2.50222882615156,0.1387370412180058,Intermittent
22,LADIESWEAR,84,0.2078384798099762,0.0,1.284675003511616,0.0,27.0,11.097779620411664,169.44030399593544,6.181121987155862,20.047619047619047,0.9556571423984273,Lumpy
22,LAWN AND GARDEN,6,0.007125890736342,0.0,0.1614852554088696,0.0,6.0,32.018506605580946,1140.5015354668406,22.66176099551092,280.6666666666667,0.8333333325,Lumpy
22,LINGERIE,648,2.839073634204276,0.0,5.513823534825932,0.0,85.0,5.48281760066768,62.08967724660698,1.9421206503610828,2.598765432098765,0.836192125571428,Lumpy
22,"LIQUOR,WINE,BEER",638,13.697149643705464,0.0,32.16906742880324,0.0,569.0,7.399473535961161,91.37470232747675,2.348595748987671,2.6394984326018807,1.4686137003426405,Lumpy
22,MAGAZINES,593,1.1371733966745845,0.0,2.1139330998061783,0.0,23.0,2.81090095151922,12.418827795527683,1.8589364683776264,2.839797639123103,0.5690008108877125,Lumpy
22,MEATS,673,41.87769301543944,0.0,126.24932967126897,0.0,4776.274,31.3574784661653,1171.4102394746417,3.0147154863977046,2.50222882615156,3.031809304879434,Lumpy
22,PERSONAL CARE,673,63.58847980997625,0.0,88.67021627614663,0.0,871.0,1.6130001505068845,5.677864990164178,1.3944383721662887,2.50222882615156,0.1767342550976678,Intermittent
22,PET SUPPLIES,382,0.3871733966745843,0.0,0.8572600892785894,0.0,7.0,2.815318350164265,9.58459358367462,2.2141502862216496,4.408376963350785,0.3389194169689646,Intermittent
22,PLAYERS AND ELECTRONICS,657,2.2422802850356294,0.0,3.569229612388836,0.0,22.0,1.85671627629051,3.84961485133874,1.5917856632897862,2.563165905631659,0.3786784507444096,Intermittent
22,POULTRY,673,49.42264185926366,0.0,71.74687861145459,0.0,454.964,1.43021746409388,1.6562247595732726,1.4517005953325992,2.50222882615156,0.241866685447696,Intermittent
22,PREPARED FOODS,673,18.07541567695962,0.0,24.51815244694297,0.0,137.0,1.0738287344070416,0.4315455610499934,1.35643643741147,2.50222882615156,0.134956075657549,Intermittent
22,PRODUCE,673,159.15850466152023,0.0,209.55126041234823,0.0,1052.963,0.9169659069343564,-0.1225824483913018,1.316619937192052,2.50222882615156,0.0924212967510021,Intermittent
22,SCHOOL AND OFFICE SUPPLIES,134,0.2482185273159144,0.0,1.5195176474746537,0.0,29.0,10.7227647087614,142.2139022520423,6.121693081431544,12.567164179104475,2.061559944650168,Lumpy
22,SEAFOOD,521,0.8521377672209026,0.0,1.7131221764577969,0.0,21.0,3.1633536664527773,16.99678670326319,2.010381701581496,3.232245681381958,0.559793125648221,Lumpy
23,AUTOMOTIVE,1428,2.301068883610452,2.0,1.8686623812282197,0.0,14.0,1.214176857180352,2.6454652015196043,0.8120845028698763,1.1792717086834734,0.4072085574522154,Smooth
23,BABY CARE,0,0.0,0.0,0.0,0.0,0.0,,,0.0,,,No Sales
23,BEAUTY,1122,1.512470308788599,1.0,1.6406247947205734,0.0,11.0,1.4931270257556892,3.008515689697342,1.0847319012496102,1.500891265597148,0.4502338366818,Intermittent
23,BEVERAGES,1679,1174.7452494061758,1226.5,530.8453705458171,0.0,2888.0,0.2814331879625473,-0.7268690363463639,0.4518812660138044,1.0029779630732578,0.2006212727590006,Smooth
23,BOOKS,56,0.0522565320665083,0.0,0.3245693521538496,0.0,4.0,7.918651328554919,73.39903108358546,6.211077029177602,30.071428571428573,0.3161157020770098,Intermittent
23,BREAD/BAKERY,1679,273.6696128562945,273.103,51.52560690066352,0.0,659.899,-0.0017537503253841,3.658987124143988,0.1882766828319066,1.0029779630732578,0.0323737384273709,Smooth
23,CELEBRATION,1015,8.727434679334916,7.0,13.34357542258014,0.0,289.0,8.029943458120108,132.27280492666094,1.528922978094186,1.6591133004926109,1.011680258519578,Lumpy
23,CLEANING,1679,573.3408551068884,563.0,107.469070701591,0.0,1000.0,0.1776090621821668,2.6302499364043124,0.1874435944066257,1.0029779630732578,0.032061659572554,Smooth
23,DAIRY,1679,464.9542755344418,469.0,119.52970361814032,0.0,963.0,0.0036008902789474,0.662580023361969,0.2570784051409997,1.0029779630732578,0.0629239580929716,Smooth
23,DELI,1679,133.33400231947743,130.45850000000002,31.613969179823577,0.0,255.589,0.457976637996781,1.5646193719756587,0.2371035792043295,1.0029779630732578,0.0530820677606495,Smooth
23,EGGS,1679,55.187648456057005,54.0,12.87277188450223,0.0,120.0,0.3917405989941341,1.353638494958159,0.2332545822190427,1.0029779630732578,0.0512770359335196,Smooth
23,FROZEN FOODS,1679,100.21553806532066,69.0,178.37273699396397,0.0,3146.458,8.92057500057207,101.3969740552056,1.7798910272369182,1.0029779630732578,3.1556367360927817,Erratic
23,GROCERY I,1679,1983.2030878859855,1937.0,411.497041362204,0.0,4446.0,0.8849950090874467,4.620645537783422,0.2074911257831066,1.0029779630732578,0.0399556178509568,Smooth
23,GROCERY II,1679,24.220308788598576,22.0,13.7061385384019,0.0,232.0,3.5049434913542847,34.96914693749215,0.5658944589628027,1.0029779630732578,0.3163165964681282,Smooth
23,HARDWARE,171,0.1330166270783848,0.0,0.4360562540896142,0.0,3.0,3.797681701533918,15.877255222396244,3.278208599850031,9.847953216374268,0.1928013389913479,Intermittent
23,HOME AND KITCHEN I,1120,6.730997624703088,5.0,8.05456237260884,0.0,71.0,1.8871006645701045,5.563445759011191,1.1966372327708998,1.5035714285714286,0.617442723959076,Lumpy
23,HOME AND KITCHEN II,1137,8.894893111638956,5.0,15.27305694536979,0.0,207.0,5.51894499839466,45.8403062213414,1.7170590755798916,1.4810905892700088,1.665800389202155,Lumpy
23,HOME APPLIANCES,305,0.2114014251781472,0.0,0.4829277131724663,0.0,3.0,2.409568110591536,6.005687099338642,2.28441085712215,5.521311475409836,0.1262782474796223,Intermittent
23,HOME CARE,1044,86.77256532066508,113.0,72.42138785165434,0.0,320.0,-0.0972492012454587,-1.4099281238605927,0.834611580090884,1.6130268199233715,0.0517968261167914,Intermittent
23,LADIESWEAR,981,6.80166270783848,5.0,7.659691644920187,0.0,46.0,1.0354448948651334,0.6757837642188496,1.1261498802295409,1.7166156982670744,0.3213286790451704,Intermittent
23,LAWN AND GARDEN,517,0.9346793349168646,0.0,3.855219395006555,0.0,104.0,19.056557254671617,451.41489522996994,4.124643871820291,3.2572533849129592,4.530023294928918,Lumpy
23,LINGERIE,1520,4.584323040380047,4.0,3.5940887506990484,0.0,28.0,1.162406821848568,2.130883145241235,0.7839955252405375,1.1078947368421053,0.4574028831187635,Smooth
23,"LIQUOR,WINE,BEER",1500,54.83016627078385,37.0,56.78070406092253,0.0,757.0,3.7052588180703383,29.01454864991653,1.0355741724267296,1.1226666666666667,0.845974346738924,Erratic
23,MAGAZINES,891,2.153206650831354,1.0,2.8267966859351104,0.0,16.0,1.413483197549862,1.5756583868293648,1.3128311133215438,1.8900112233445567,0.441010243567128,Intermittent
23,MEATS,1679,653.8748707422802,519.7975,493.3101192330849,0.0,6201.722,3.784621774819769,23.28401450919853,0.7544411649775189,1.0029779630732578,0.5645223815331588,Erratic
23,PERSONAL CARE,1679,140.20605700712588,136.0,42.26596522078085,0.0,377.0,0.6961039360443932,1.4760565075215863,0.3014560577673991,1.0029779630732578,0.0876368124999668,Smooth
23,PET SUPPLIES,891,1.755938242280285,1.0,2.3267384399965287,0.0,18.0,1.6714279676390758,3.684637436693832,1.325068491958992,1.8900112233445567,0.458090023922663,Intermittent
23,PLAYERS AND ELECTRONICS,979,2.499406175771972,2.0,2.898008920686738,0.0,15.0,1.144569586698431,0.8609542338638958,1.159478978494631,1.7201225740551582,0.3629211881275737,Intermittent
23,POULTRY,1679,296.5447687755344,304.0735,98.1075629545406,0.0,678.175,-0.0312534893155501,-0.3299594224029296,0.3308355880270846,1.0029779630732578,0.1061580883649127,Smooth
23,PREPARED FOODS,1679,49.40982898159145,48.084500000000006,15.63555346155422,0.0,105.134,0.4844526415910783,0.4150779678957246,0.3164462169473019,1.0029779630732578,0.0968717646092854,Smooth
23,PRODUCE,1520,791.3259654988125,1101.57705,662.6838971319888,0.0,2552.863,-0.1731157230216893,-1.5909591128456682,0.8374347942866104,1.1078947368421053,0.5356125253664252,Erratic
23,SCHOOL AND OFFICE SUPPLIES,185,0.173396674584323,0.0,0.7126979330943247,0.0,14.0,9.03558692854596,124.02641131157831,4.110216823319307,9.102702702702702,0.9657768799922296,Lumpy
23,SEAFOOD,1679,15.57118170884798,15.0935,6.514171055716516,0.0,56.793,0.5607108605219391,0.982838696311556,0.4183478927355034,1.0029779630732578,0.1715261976008747,Smooth
24,AUTOMOTIVE,1443,3.2915676959619957,3.0,3.4311899230693426,0.0,42.0,5.055837569079117,47.5253083465816,1.042418154193278,1.167013167013167,0.7880137665572924,Erratic
24,BABY CARE,56,0.0421615201900237,0.0,0.2485188093773107,0.0,3.0,7.107766907853792,59.09934806785621,5.894445986833017,30.071428571428573,0.1886530447331544,Intermittent
24,BEAUTY,1530,4.897268408551069,5.0,3.290310708339036,0.0,19.0,0.675146248183213,0.3539627138400028,0.6718665250044275,1.100653594771242,0.3186752256756935,Smooth
24,BEVERAGES,1578,2821.535629453682,3029.0,1319.2175501760646,0.0,14420.0,0.352212070562529,4.444816500353218,0.4675530361567788,1.067173637515843,0.1419002482633812,Smooth
24,BOOKS,135,0.1347980997624703,0.0,0.546203062825191,0.0,7.0,5.647356269960508,41.287777816108765,4.052008594599291,12.474074074074077,0.3963981442625462,Intermittent
24,BREAD/BAKERY,1578,691.8998408551068,726.4335,224.44230952935123,0.0,1322.711,-1.573444528621999,3.218405099748977,0.3243855487112738,1.067173637515843,0.0356571277244538,Smooth
24,CELEBRATION,992,10.748812351543943,9.0,11.222029034186418,0.0,54.0,0.7492491050464115,-0.1585469042886358,1.0440250202647252,1.6975806451612905,0.2311569698062777,Intermittent
24,CLEANING,1578,1110.2761282660333,1159.0,345.8837922535248,0.0,2006.0,-1.7957010183109618,4.213231720053862,0.3115295226543284,1.067173637515843,0.0279963868289163,Smooth
24,DAIRY,1578,1073.127078384798,1154.0,411.5788865006068,0.0,2548.0,-0.7645985008545018,1.1212341815711344,0.3835322906208883,1.067173637515843,0.0748925738263571,Smooth
24,DELI,1578,253.106836739905,259.3005,89.5965802543825,0.0,599.768,-0.8701940065016461,2.356699011911134,0.3539871992715029,1.067173637515843,0.0544740777781222,Smooth
24,EGGS,1578,204.5184085510689,215.5,64.91868854138112,0.0,388.0,-1.7013523893837923,3.712010978553781,0.3174222261995222,1.067173637515843,0.0314693232569633,Smooth
24,FROZEN FOODS,1578,208.2949690849169,155.649,305.8388542253521,0.0,6942.617,9.813273235586225,159.40516699002575,1.4682968847855402,1.067173637515843,1.9572467224912853,Erratic
24,GROCERY I,1578,3766.7114014251774,3796.5,1721.1398559230245,0.0,35828.0,6.898538976210121,119.68132317557944,0.4569343579843559,1.067173637515843,0.1327013383880285,Smooth
24,GROCERY II,1561,25.675178147268408,20.0,116.7930324302596,0.0,2931.0,23.25753426677513,547.6538884063842,4.548869408259058,1.0787956438180653,19.107805419704537,Erratic
24,HARDWARE,944,1.1128266033254155,1.0,1.3991350707421435,0.0,12.0,1.9412635419033537,6.155813561818901,1.2572803932830894,1.7838983050847457,0.4466934477241076,Intermittent
24,HOME AND KITCHEN I,1142,15.299287410926366,14.0,15.453692206642156,0.0,114.0,1.487042074172287,4.172203960163478,1.0100922866901256,1.4746059544658494,0.3700517223583995,Intermittent
24,HOME AND KITCHEN II,1143,28.140142517814727,22.0,38.57228558410285,0.0,437.0,3.753467663077963,22.91453023404462,1.3707210458622627,1.47331583552056,0.9540115678036464,Lumpy
24,HOME APPLIANCES,378,0.3450118764845605,0.0,0.7568170391434175,0.0,7.0,2.7774489517691685,9.761349101561908,2.1935970571833003,4.455026455026455,0.3045642117016611,Intermittent
24,HOME CARE,1021,171.5249406175772,234.0,144.79659734820706,0.0,776.0,-0.1287046595086137,-1.4339013941375434,0.8441722633805986,1.6493633692458374,0.038356278672585,Intermittent
24,LADIESWEAR,989,8.442992874109263,7.0,9.103832534415163,0.0,46.0,0.9044300044138338,0.2727663516950982,1.078270782538988,1.7027300303336703,0.2701178942999382,Intermittent
24,LAWN AND GARDEN,1458,13.559976247030878,9.0,17.14859159883586,0.0,217.0,4.029844611247641,31.53428249495257,1.2646476133264692,1.1550068587105624,1.2504919051698578,Erratic
24,LINGERIE,1548,9.220902612826604,8.0,6.427275617971864,0.0,38.0,0.8510134067432202,0.9617328192725108,0.6970332392768428,1.0878552971576227,0.3658575185183893,Smooth
24,"LIQUOR,WINE,BEER",1411,99.59857482185274,81.0,104.44929851350902,0.0,2826.0,11.35695845196008,276.1246982045343,1.0487027419748107,1.193479801559178,0.7593740910312388,Erratic
24,MAGAZINES,1033,6.541567695961995,4.0,7.412357686555997,0.0,43.0,1.1292328514821663,0.99363686749557,1.133116407248741,1.6302032913843176,0.4010232985769386,Intermittent
24,MEATS,1578,387.9689158788598,381.1615,148.71215270954323,0.0,983.873,-0.2840694541897947,1.9481292630052744,0.3833094524397262,1.067173637515843,0.0747324484137549,Smooth
24,PERSONAL CARE,1578,263.2874109263658,266.5,100.04873780576696,0.0,718.0,-0.5323603326891136,1.7224894081167692,0.3799981831769686,1.067173637515843,0.072364026797237,Smooth
24,PET SUPPLIES,995,8.911520190023753,9.0,8.66997907257861,0.0,44.0,0.4306492291111686,-0.9078045609329696,0.9728956324771122,1.692462311557789,0.1501147757199634,Intermittent
24,PLAYERS AND ELECTRONICS,972,7.220308788598575,5.0,8.080549997722601,0.0,54.0,1.0821327062079782,1.28343006727522,1.1191418861978966,1.7325102880658436,0.3001242054504786,Intermittent
24,POULTRY,1578,487.2632489548693,494.925,199.45430228718504,0.0,1285.4031,-0.3482423826140691,0.8480432990365179,0.4093358214775793,1.067173637515843,0.0940635841256838,Smooth
24,PREPARED FOODS,1578,129.0662909851544,132.644,43.37731680873205,0.0,239.771,-1.315928434028244,2.6396052541797044,0.3360855609725808,1.067173637515843,0.0428982362102412,Smooth
24,PRODUCE,1460,2266.0204058194777,3037.092,2052.423948203388,0.0,7233.711,0.1844891560620563,-1.1273821041122434,0.9057393935780772,1.1534246575342466,0.57822518981943,Erratic
24,SCHOOL AND OFFICE SUPPLIES,316,0.5641330166270784,0.0,2.868668659464441,0.0,83.0,18.377375980443816,459.0303046877529,5.085092646289287,5.329113924050633,4.039893626121272,Lumpy
24,SEAFOOD,1578,35.50698676068883,35.07,16.161718946215338,0.0,89.395004,-0.0661589813341631,0.272098511896615,0.4551701065113595,1.067173637515843,0.1311934472780875,Smooth
25,AUTOMOTIVE,1261,2.070665083135392,1.0,2.2803236184136897,0.0,19.0,2.0124363955723656,6.117309995474676,1.101251784213979,1.3354480570975416,0.6569386439338691,Lumpy
25,BABY CARE,25,0.0184085510688836,0.0,0.169583349480251,0.0,4.0,12.945017405147244,224.6586889958401,9.21220467778678,67.36,0.2747138393071732,Intermittent
25,BEAUTY,1308,2.369952494061758,2.0,2.87491811266213,0.0,33.0,3.452643434363168,20.006784876663296,1.2130699322676564,1.2874617737003058,0.9196986749626604,Erratic
25,BEVERAGES,1618,1760.0599762470308,1423.0,1436.6545397529892,0.0,11097.0,2.7562416261352354,10.645583014565318,0.8162531726990042,1.0407911001236094,0.6009641528865595,Erratic
25,BOOKS,74,0.0742280285035629,0.0,0.414781441201263,0.0,6.0,7.687330062907867,72.89737617837795,5.5879355005827485,22.75675675675676,0.41606399950738,Intermittent
25,BREAD/BAKERY,1618,287.6969304667458,252.8415,165.97960527711646,0.0,1430.0859,2.1941330440311093,7.869702177978711,0.5769251865400932,1.0407911001236094,0.2806053690374461,Smooth
25,CELEBRATION,928,4.445961995249406,2.0,6.273558097320521,0.0,50.0,2.37188682431565,8.485110780372164,1.4110687636585435,1.8146551724137927,0.6483104348680346,Lumpy
25,CLEANING,1618,468.0445368171021,404.5,291.17407072986947,0.0,2539.0,2.8866447762998404,12.862821883762273,0.6221076154618796,1.0407911001236094,0.3326573267691944,Smooth
25,DAIRY,1618,468.3907363420428,406.0,313.4469963712161,0.0,2759.0,2.5242784569742804,9.785316175056405,0.6691998198308771,1.0407911001236094,0.3910845304979736,Smooth
25,DELI,1618,125.80037007482186,108.108,79.03169689907214,0.0,625.686,2.430544878724517,8.954192948240834,0.6282310366133144,1.0407911001236094,0.3400136061880913,Smooth
25,EGGS,1618,106.73515439429929,89.0,76.56444306801839,0.0,657.0,3.1278700767687777,13.699273365401943,0.7173310752374792,1.0407911001236094,0.4552044798640124,Smooth
25,FROZEN FOODS,1618,171.2964613925178,89.882,249.8231121864048,0.0,2580.372,4.194395182794827,23.87710635213493,1.4584254114420288,1.0407911001236094,2.004449865462823,Erratic
25,GROCERY I,1618,1685.5035629453682,1498.0,963.8636704251554,0.0,8014.0,2.5873675639596057,10.948084019984975,0.5718550180577845,1.0407911001236094,0.2750091363390095,Smooth
25,GROCERY II,1595,11.49228028503563,9.0,9.695203519517303,0.0,98.0,2.6327610572379614,12.512402880317604,0.8436274854258499,1.0557993730407524,0.621242991698212,Erratic
25,HARDWARE,756,0.8331353919239906,0.0,1.3231249999591903,0.0,14.0,3.0939498512805157,17.17858382742429,1.5881272254147332,2.2275132275132274,0.5812018735776333,Lumpy
25,HOME AND KITCHEN I,1099,18.220308788598576,9.0,51.94053370186733,0.0,1453.0,16.276492995612415,382.78180155130696,2.850694480629143,1.5323020928116469,4.956044219381818,Lumpy
25,HOME AND KITCHEN II,1088,11.18646080760095,7.0,18.754911491428437,0.0,213.0,4.907930588343313,35.70281055504536,1.6765724041162615,1.5477941176470589,1.462145955353937,Lumpy
25,HOME APPLIANCES,173,0.1330166270783848,0.0,0.4305745729910651,0.0,4.0,3.745161019687493,15.943355626861326,3.2369981047582543,9.734104046242775,0.1791693237028391,Intermittent
25,HOME CARE,981,65.93349168646081,70.0,73.69383827649459,0.0,557.0,1.7954520176998645,6.069062572551319,1.1176996150275116,1.7166156982670744,0.3102830364022381,Intermittent
25,LADIESWEAR,0,0.0,0.0,0.0,0.0,0.0,,,0.0,,,No Sales
25,LAWN AND GARDEN,1494,10.171615201900238,6.0,14.812955009330938,0.0,222.0,5.733269422425637,59.8438912692148,1.4563031252998355,1.1271753681392236,1.7687074088384742,Erratic
25,LINGERIE,1535,8.526722090261282,6.0,10.62790542938155,0.0,139.0,4.285859765695201,31.18439660021636,1.2464233401336828,1.0970684039087948,1.3276316533998858,Erratic
25,"LIQUOR,WINE,BEER",1438,175.1977434679335,85.0,276.2280474090758,0.0,3227.0,3.934422235700098,22.02763942791118,1.5766644132494625,1.1710709318497914,1.9766520346525025,Erratic
25,MAGAZINES,883,3.3378859857482186,1.0,5.632381294477778,0.0,50.0,3.153739778045838,14.436760096794067,1.6874097308413056,1.9071347678369197,1.017346474784326,Lumpy
25,MEATS,1618,201.2388177209026,172.7135,112.30695153388082,0.0,1105.113,1.619547065715031,5.187994764755043,0.5580779732520634,1.0407911001236094,0.260052112353658,Smooth
25,PERSONAL CARE,1618,106.02969121140144,93.5,64.11076609925504,0.0,547.0,2.495597769213951,10.639559322007733,0.6046491823769127,1.0407911001236094,0.3120794687693748,Smooth
25,PET SUPPLIES,889,2.0783847980997625,1.0,2.7537119416582296,0.0,18.0,1.62855295156209,3.025876537578428,1.3249288307203653,1.8942632170978628,0.4546217140547665,Intermittent
25,PLAYERS AND ELECTRONICS,883,3.2387173396674585,1.0,5.647085075613748,0.0,66.0,3.804327664743933,22.513701386821342,1.743617760248863,1.9071347678369197,1.1184674324952937,Lumpy
25,POULTRY,1618,156.377354489905,136.7185,92.92974530164622,0.0,773.254,1.8923653715405384,6.280175725957582,0.5942660022877614,1.0407911001236094,0.3001188051233808,Smooth
25,PREPARED FOODS,1618,51.75431117963184,46.304,29.78182900073013,0.0,278.865,2.0722190268660543,8.047245092711018,0.57544634101662,1.0407911001236094,0.2789679804461623,Smooth
25,PRODUCE,1504,868.028601811164,829.0409999999999,1005.4391861845176,0.0,7150.862,1.7658729062880036,5.255732803034782,1.1583019085839852,1.11968085106383,1.0913667579516262,Erratic
25,SCHOOL AND OFFICE SUPPLIES,229,0.336104513064133,0.0,1.6677329053864856,0.0,42.0,15.17542941221808,315.5461268597183,4.961947357446859,7.353711790393013,2.484080208755437,Lumpy
25,SEAFOOD,1486,5.443656768408551,4.0,6.267526669501059,0.0,55.858,2.7699516786223644,10.886128029917838,1.151344938704139,1.133243606998654,1.0521582064242438,Erratic
26,AUTOMOTIVE,1526,3.565914489311164,3.0,2.6961840162014146,0.0,17.0,1.0536488055100075,1.403055236638772,0.7560988979200519,1.1035386631716908,0.4242233606944296,Smooth
26,BABY CARE,38,0.0570071258907363,0.0,0.4803300255458825,0.0,11.0,12.727599091581546,213.34114437287155,8.425789050314972,44.31578947368421,0.624565971727774,Lumpy
26,BEAUTY,935,0.9459619952494062,1.0,1.180322267068442,0.0,9.0,2.0026476368621227,6.8996087528277386,1.2477480826378209,1.8010695187165775,0.419642747578535,Intermittent
26,BEVERAGES,1679,792.8574821852732,692.5,586.7989423056655,0.0,13409.0,8.740637937825657,152.894265248707,0.7401064573264675,1.0029779630732578,0.543162088460858,Erratic
26,BOOKS,14,0.008313539192399,0.0,0.0907988119883487,0.0,1.0,10.830239956679035,115.2940975192472,10.921798642576451,120.28571428571428,0.0,Intermittent
26,BREAD/BAKERY,1679,225.1321817102138,211.0,76.77415461661845,0.0,710.0,1.6126038628516717,4.995140302737647,0.3410181255876593,1.0029779630732578,0.1129789517596963,Smooth
26,CELEBRATION,999,4.394299287410926,3.0,5.239863264133578,0.0,65.0,2.0420499870396767,11.977812338072898,1.1924229371341764,1.6856856856856857,0.4367283782604617,Intermittent
26,CLEANING,1679,439.4548693586698,399.0,186.81207860793967,0.0,1720.0,1.7530118740229224,5.585865131300924,0.4250995759363043,1.0029779630732578,0.1772039794806561,Smooth
26,DAIRY,1679,237.32957244655583,210.5,126.56779301073465,0.0,2762.0,6.58376149566968,104.78852651248968,0.5332997135816402,1.0029779630732578,0.2805950198254535,Smooth
26,DELI,1679,90.7645558990499,84.2565,35.958627739615764,0.0,287.47,1.3137233779289312,3.060840909054612,0.396174777511317,1.0029779630732578,0.1535193164076655,Smooth
26,EGGS,1679,41.78444180522565,38.0,17.991333892592202,0.0,137.0,1.358515227781787,2.930730298489835,0.4305749488296764,1.0029779630732578,0.1818752058396574,Smooth
26,FROZEN FOODS,1679,77.44197746466745,36.0,223.55639520566,0.0,3437.596,8.280753190388465,84.90042085542662,2.886759901046817,1.0029779630732578,8.30567078233087,Erratic
26,GROCERY I,1679,1615.4026128266032,1357.0,1436.4892772323865,0.0,34454.0,14.775027439758173,299.2875073449549,0.8892453595317352,1.0029779630732578,0.7854403340643825,Erratic
26,GROCERY II,1541,4.5065320665083135,3.0,4.718874024483806,0.0,58.0,4.016174044484081,28.38807911056517,1.047118705424612,1.0927968851395198,0.9184329785689896,Erratic
26,HARDWARE,750,0.8070071258907363,0.0,1.3000724710099674,0.0,15.0,3.178884537433876,17.947964561087044,1.610980160756361,2.2453333333333334,0.6012130715375961,Lumpy
26,HOME AND KITCHEN I,1140,7.66270783847981,5.0,10.135905992673464,0.0,101.0,2.847648344706863,13.353901292651454,1.3227577254676526,1.4771929824561405,0.8614277438173783,Lumpy
26,HOME AND KITCHEN II,1130,5.318883610451306,4.0,6.280354294153131,0.0,58.0,2.041082363862144,7.775985371221537,1.1807655051206278,1.4902654867256635,0.6065641992685287,Lumpy
26,HOME APPLIANCES,279,0.2019002375296912,0.0,0.5107827345593565,0.0,5.0,3.368871919369077,16.290205660477707,2.529876825698952,6.03584229390681,0.2260553629508025,Intermittent
26,HOME CARE,1044,55.929334916864605,57.0,54.40720592281192,0.0,289.0,0.7633520136613923,0.3228646827987944,0.9727847828462824,1.6130268199233715,0.206619883639753,Intermittent
26,LADIESWEAR,627,1.1146080760095012,0.0,2.069298342492828,0.0,18.0,2.830231087718743,10.71819914483646,1.8565255224462085,2.685805422647528,0.6556251554958157,Lumpy
26,LAWN AND GARDEN,602,1.6383610451306414,0.0,6.621097509529031,0.0,175.0,16.804886378088902,372.5393440368241,4.0412932943970095,2.79734219269103,5.195899647250216,Lumpy
26,LINGERIE,1386,3.913895486935867,2.0,4.20542255747734,0.0,27.0,1.6918210331299397,3.282087141679892,1.074485144133274,1.215007215007215,0.7732555811572965,Erratic
26,"LIQUOR,WINE,BEER",1497,33.54631828978622,18.0,130.94342803784576,0.0,3939.0,23.598137692082403,631.2892275437689,3.903362118692187,1.1249164996659986,13.433280900910765,Erratic
26,MAGAZINES,283,0.2250593824228028,0.0,0.5682109764985145,0.0,4.0,3.0643941368899306,10.96352035720477,2.5247157788176176,5.950530035335689,0.2392492390659887,Intermittent
26,MEATS,1679,280.2687016068884,264.003,105.1922607968936,0.0,710.47797,0.785368123225435,0.6982055905356295,0.3753264641874406,1.0029779630732578,0.1374825736187593,Smooth
26,PERSONAL CARE,1679,160.73812351543944,139.0,105.8588433829198,0.0,2032.0,6.428612609019591,80.49195500591712,0.6585795644932556,1.0029779630732578,0.4294701334963022,Smooth
26,PET SUPPLIES,646,0.8919239904988123,0.0,1.543573407253839,0.0,11.0,2.38596117640696,6.87993673329659,1.7306109286958165,2.606811145510836,0.532529197185192,Lumpy
26,PLAYERS AND ELECTRONICS,755,1.1680522565320666,0.0,1.8965904542595629,0.0,24.0,2.944435851958344,16.87568533102994,1.6237205501976402,2.2304635761589404,0.6303644082955212,Lumpy
26,POULTRY,1679,162.1154522642518,150.6935,72.00417704541728,0.0,1037.635,3.076252060092362,22.02813387277809,0.4441536944152907,1.0029779630732578,0.1937176571598771,Smooth
26,PREPARED FOODS,1674,18.20190023752969,17.0,9.281406652724057,0.0,69.0,0.7258211650128872,0.9337257280387772,0.509914159021552,1.005973715651135,0.2525301903697479,Smooth
26,PRODUCE,1276,333.83290146080753,361.384,329.7577306819218,0.0,2689.775,1.0786642963391742,3.1981770755133603,0.9877927826704884,1.3197492163009403,0.4970530439385011,Erratic
26,SCHOOL AND OFFICE SUPPLIES,247,0.5558194774346793,0.0,2.615701829800843,0.0,42.0,9.043519230220394,103.10505137006056,4.706027642585117,6.817813765182186,2.395032050018006,Lumpy
26,SEAFOOD,1529,3.402597684857482,3.0,2.760702039732342,0.0,20.63,1.4259530646474807,3.1519352584379243,0.8113512952785727,1.1013734466971876,0.5056572585918402,Erratic
27,AUTOMOTIVE,1606,4.872327790973872,4.0,3.600240035137287,0.0,23.0,1.1884139121635116,1.6670594944738628,0.7389158096193611,1.048567870485679,0.4743886564240713,Smooth
27,BABY CARE,67,0.0528503562945368,0.0,0.2886370608630733,0.0,4.0,6.976398372953209,61.58721498514306,5.461402261757462,25.134328358208958,0.2264865543869361,Intermittent
27,BEAUTY,1535,3.540380047505938,3.0,2.739507532070633,0.0,20.0,1.2100737189977018,2.128038510016336,0.7737891114900849,1.0970684039087948,0.4572925292937689,Smooth
27,BEVERAGES,1679,2404.8853919239905,2287.0,1224.7671786315605,0.0,8495.0,0.9096497071694496,0.9113744064395126,0.509282971547844,1.0029779630732578,0.2556299255566199,Smooth
27,BOOKS,83,0.0593824228028503,0.0,0.2821508812427387,0.0,3.0,5.651315336250148,37.69951880059531,4.7514207601137946,20.289156626506024,0.1619999997310799,Intermittent
27,BREAD/BAKERY,1679,599.8658602909738,565.797,202.1811151556253,0.0,1505.865,1.0699172050537376,1.536413371440342,0.3370438768714346,1.0029779630732578,0.1102921658660611,Smooth
27,CELEBRATION,1015,9.942399049881235,9.0,10.452341016459885,0.0,58.0,0.9462250462567549,0.6148564338599227,1.051289629692891,1.6591133004926109,0.2688765047227271,Intermittent
27,CLEANING,1679,790.2452494061757,749.0,255.55611163650835,0.0,2056.0,0.7158289350311148,0.7928326958900973,0.3233883554861239,1.0029779630732578,0.1013003965505361,Smooth
27,DAIRY,1679,792.3052256532067,765.0,332.53067752146205,0.0,2360.0,0.7278793266043838,0.7004228245663429,0.4197002200091402,1.0029779630732578,0.1726561479694477,Smooth
27,DELI,1679,249.79373817102135,241.8765,77.24662222775841,0.0,521.93,0.5574357020408303,0.3282861741280598,0.3092416278848521,1.0029779630732578,0.0923773250807446,Smooth
27,EGGS,1679,211.06472684085512,197.5,64.80042421992431,0.0,665.0,1.0011360603595196,1.987775641032397,0.3070168340751577,1.0029779630732578,0.0910103478770436,Smooth
27,FROZEN FOODS,1679,160.498763023753,119.2775,139.06505507077998,0.0,2204.3809,5.347837637631336,53.00994408584566,0.8664556190338527,1.0029779630732578,0.7455471647561285,Erratic
27,GROCERY I,1679,3181.6710213776723,3040.0,1106.2663989540567,0.0,14396.0,1.3841588765759751,7.331474274067402,0.3476998066489893,1.0029779630732578,0.1175670820415383,Smooth
27,GROCERY II,1679,21.69536817102138,20.0,11.091680236562484,0.0,95.0,1.2048912599599106,2.608910655259334,0.5112464627757023,1.0029779630732578,0.2576277766223282,Smooth
27,HARDWARE,1164,1.7529691211401426,1.0,1.89874867445318,0.0,16.0,1.7284148488280158,4.9261009505474815,1.0831615060823545,1.4467353951890034,0.5021674704656822,Lumpy
27,HOME AND KITCHEN I,1161,11.881828978622329,9.0,13.621614704345792,0.0,163.0,2.459330276402412,14.093637662319605,1.146424067179156,1.450473729543497,0.5955395087761776,Lumpy
27,HOME AND KITCHEN II,1166,14.229216152019005,12.0,20.20000238948565,0.0,371.0,7.627180354855514,102.27210856041437,1.419614557278324,1.444253859348199,1.0877946573241122,Lumpy
27,HOME APPLIANCES,433,0.3307600950118765,0.0,0.6358110700454892,0.0,4.0,2.2191894523613707,5.775792575223303,1.9222726009326687,3.889145496535797,0.2072399907817118,Intermittent
27,HOME CARE,1044,134.43646080760095,156.0,119.66101715639913,0.0,699.0,0.3017821723992111,-0.6455074531096012,0.8900934793780549,1.6130268199233715,0.1111200259686992,Intermittent
27,LADIESWEAR,944,4.498218527315914,2.0,6.391660366605224,0.0,39.0,1.980194261947492,4.400649655597608,1.420931492405327,1.7838983050847457,0.6923870032802493,Lumpy
27,LAWN AND GARDEN,1610,13.423396674584325,9.0,17.897091653401407,0.0,325.0,7.131519154152095,93.0084444515018,1.3332759275418151,1.045962732919255,1.6555675566264147,Erratic
27,LINGERIE,1587,6.064726840855107,5.0,4.590469884607522,0.0,42.0,1.4773975361859284,4.277561912124385,0.7569128840110081,1.0611216131064902,0.482315593786598,Smooth
27,"LIQUOR,WINE,BEER",1498,156.6745843230404,81.0,181.42451901517225,0.0,1744.0,2.286882230349084,7.534428574106338,1.157970322997271,1.124165554072096,1.0823403283139352,Erratic
27,MAGAZINES,889,2.235748218527316,1.0,3.018884344000168,0.0,20.0,1.580991219152517,2.5079801734662555,1.350279211958144,1.8942632170978628,0.4904232558366463,Lumpy
27,MEATS,1679,267.2223509703088,255.073005,81.21169496147067,0.0,672.1,0.4828193361508304,0.3004493736208089,0.3039105623698005,1.0029779630732578,0.0891182759118768,Smooth
27,PERSONAL CARE,1679,203.56532066508316,189.0,83.30007504682642,0.0,799.0,1.1979093441680024,2.9848815458440168,0.4092056288087846,1.0029779630732578,0.1639829484105583,Smooth
27,PET SUPPLIES,1015,5.236935866983373,5.0,5.545132390116169,0.0,33.0,0.9140218464948258,0.464670176967763,1.058850543505219,1.6591133004926109,0.2784928390202866,Intermittent
27,PLAYERS AND ELECTRONICS,1006,5.521377672209026,4.0,6.469746440520842,0.0,92.0,2.441044588095755,19.939175694533528,1.1717630677418636,1.6739562624254474,0.4176168998773874,Intermittent
27,POULTRY,1679,377.9186390558195,372.1725,123.53577140959332,0.0,1139.762,0.4064151270527675,0.8224407274812338,0.3268845689059012,1.0029779630732578,0.1035671391994175,Smooth
27,PREPARED FOODS,1679,89.46190622980995,86.0,28.997788381926192,0.0,215.44101,0.5055744268480399,0.387752404009289,0.3241355969669645,1.0029779630732578,0.1017828166783854,Smooth
27,PRODUCE,1540,1644.987276128266,1960.43395,1455.8410025970882,0.0,5933.916,0.0965448763060172,-1.3827020792993758,0.8850165735158463,1.0935064935064935,0.6307670288080692,Erratic
27,SCHOOL AND OFFICE SUPPLIES,372,0.6181710213776722,0.0,2.5480517412750614,0.0,52.0,12.479337885416411,200.1909950660508,4.12192038940047,4.526881720430108,2.974088313531896,Lumpy
27,SEAFOOD,1679,23.759412409263653,22.3855,10.196928384121597,0.0,77.747,0.758177155249456,1.0446714658769478,0.4291742660991355,1.0029779630732578,0.1806745454840405,Smooth
28,AUTOMOTIVE,1648,7.139548693586699,6.0,4.748309241343639,0.0,37.0,1.250394949397401,2.707096226725003,0.6650713433671054,1.0218446601941749,0.411486449909802,Smooth
28,BABY CARE,31,0.0255344418052256,0.0,0.2232107785572156,0.0,5.0,13.16461781158987,226.52896573474808,8.741556659757435,54.32258064516129,0.4250946451415347,Intermittent
28,BEAUTY,1262,1.9423990498812351,1.0,2.069948521374201,0.0,15.0,1.9004454659226535,5.200767637887759,1.0656659456434034,1.3343898573692552,0.6004647340961607,Lumpy
28,BEVERAGES,1679,2242.6947743467936,2097.5,1426.1648839443392,0.0,9848.0,1.0338003599184145,1.3163153596258883,0.6359157297091788,1.0029779630732578,0.4002190147710991,Smooth
28,BOOKS,0,0.0,0.0,0.0,0.0,0.0,,,0.0,,,No Sales
28,BREAD/BAKERY,1679,562.6288598574822,510.0,214.2899824490986,0.0,1466.0,1.3656434099746115,2.02320290922,0.3808727168794698,1.0029779630732578,0.1416641926553724,Smooth
28,CELEBRATION,1015,7.476840855106889,6.0,8.179840841701965,0.0,49.0,1.0331616462073527,0.7679712374815808,1.0940236657599691,1.6591133004926109,0.3241336687639438,Intermittent
28,CLEANING,1679,1018.6062945368172,924.5,431.22688582985705,0.0,3770.0,1.111171374250283,1.9763458191701175,0.4233499126623031,1.0029779630732578,0.1757238862336354,Smooth
28,DAIRY,1679,640.4299287410927,586.5,345.63285507268495,0.0,2120.0,1.113162521844097,1.5404897333207694,0.5396887927326623,1.0029779630732578,0.2874300737821257,Smooth
28,DELI,1679,336.4065307850356,322.832,138.25147544974828,0.0,965.867,0.8029523551214259,0.9578232693816244,0.4109654920393928,1.0029779630732578,0.1654220518121439,Smooth
28,EGGS,1679,233.9394299287411,208.0,128.24793160406193,0.0,1289.0,1.7017057024292794,6.197354015695094,0.5482099859890167,1.0029779630732578,0.2966727451848505,Smooth
28,FROZEN FOODS,1679,94.15047807957244,62.0,153.2257239422442,0.0,1801.689,6.546602221360301,52.056658962230266,1.6274556121862296,1.0029779630732578,2.637778599299285,Erratic
28,GROCERY I,1679,3683.1664388361046,3359.5265,1580.266432873663,0.0,16542.902,1.549306178075689,5.5154492410456015,0.4290510513482536,1.0029779630732578,0.1805691134377971,Smooth
28,GROCERY II,1621,7.213776722090261,6.0,5.933771476147746,0.0,59.0,2.5913584104060017,13.196740095153372,0.822561011232105,1.038864898210981,0.6138832105154779,Erratic
28,HARDWARE,997,1.245249406175772,1.0,1.6008667477252223,0.0,16.0,2.425122767638784,10.598035613222905,1.2855792088718927,1.6890672016048145,0.5705200488775134,Lumpy
28,HOME AND KITCHEN I,1166,22.324821852731592,19.0,33.75003582690591,0.0,1005.0,16.384393641748552,444.2569944872717,1.5117717869387877,1.444253859348199,1.2748451836281598,Lumpy
28,HOME AND KITCHEN II,1166,10.850950118764846,10.0,10.691184141019148,0.0,105.0,1.357570389743169,4.372703089770751,0.9852763143335544,1.444253859348199,0.3645588709646017,Intermittent
28,HOME APPLIANCES,578,0.5172209026128266,0.0,0.8610400114517329,0.0,6.0,1.995090782480238,4.58113199869634,1.664743256580127,2.913494809688581,0.2944488891366621,Intermittent
28,HOME CARE,1044,168.94299287410925,181.0,157.0224398976871,0.0,879.0,0.5392846829237257,-0.1912545217108774,0.9294403823765902,1.6130268199233715,0.1555042987377433,Intermittent
28,LADIESWEAR,0,0.0,0.0,0.0,0.0,0.0,,,0.0,,,No Sales
28,LAWN AND GARDEN,926,1.8343230403800477,1.0,4.078416054162059,0.0,109.0,12.95346702193616,297.70660804429934,2.223390298305185,1.818574514038877,2.2681995571986,Lumpy
28,LINGERIE,1620,7.409144893111639,6.0,5.865530938289569,0.0,43.0,1.5397663891588484,3.339303302372356,0.7916609841104815,1.039506172839506,0.5649037555360642,Erratic
28,"LIQUOR,WINE,BEER",1497,116.87232779097388,54.5,191.4339369785905,0.0,4581.0,9.049161136057192,178.34515069650172,1.6379748790434985,1.1249164996659986,2.2739867407741627,Erratic
28,MAGAZINES,534,0.6567695961995249,0.0,1.3022027807933805,0.0,10.0,2.872190981330564,10.102642666750926,1.982739131570633,3.153558052434457,0.5637113356164627,Lumpy
28,MEATS,1679,195.5279244703088,186.7955,76.72270309805685,0.0,591.966,0.7393650328923911,0.9529171533724404,0.3923874469874758,1.0029779630732578,0.1505416380410523,Smooth
28,PERSONAL CARE,1679,297.9014251781473,259.0,157.59001431180678,0.0,1598.0,1.5954895561342175,4.416315076873439,0.5290005384064134,1.0029779630732578,0.2760415649738664,Smooth
28,PET SUPPLIES,960,2.5599762470308787,1.0,3.277445995888851,0.0,25.0,1.7561310969247244,4.426641573703676,1.2802642205801116,1.7541666666666669,0.5044616486749793,Lumpy
28,PLAYERS AND ELECTRONICS,955,3.16270783847981,2.0,4.230264928015439,0.0,49.0,2.3813855499911325,11.915398916597724,1.337545275352154,1.763350785340314,0.5816633806313853,Lumpy
28,POULTRY,1679,228.79203203622325,213.392495,93.01222413330312,0.0,670.355,0.9134328501065492,1.2264524948937217,0.4065361162497587,1.0029779630732578,0.16181178123288,Smooth
28,PREPARED FOODS,1679,64.48798217992874,61.8085,25.14040404781508,0.0,193.75,0.7379705589567988,0.9462541917354894,0.3898463434207116,1.0029779630732578,0.1485598027984434,Smooth
28,PRODUCE,1016,947.3905545427554,970.5065,927.9709550536168,0.0,4231.601,0.6094746847834406,-0.5085702217448507,0.979502012768651,1.65748031496063,0.1821704157409684,Intermittent
28,SCHOOL AND OFFICE SUPPLIES,790,3.648456057007126,0.0,13.376200325426172,0.0,205.0,7.531011065583426,71.5464287800325,3.66626323923237,2.131645569620253,5.774806445014237,Lumpy
28,SEAFOOD,1532,6.417034085451307,5.0,5.072348621460665,0.0,26.0,0.9411392113771896,0.6242417420718303,0.7904506276770819,1.0992167101827677,0.4781545620523207,Smooth
29,AUTOMOTIVE,864,3.3022565320665085,1.0,4.248036532975878,0.0,25.0,1.2971652225309092,1.3113870723656778,1.2864041574114498,1.9490740740740744,0.3621009546543823,Intermittent
29,BABY CARE,218,0.2232779097387173,0.0,0.7163046441240839,0.0,9.0,4.760681817201103,31.42493957431885,3.2081303598469835,7.724770642201835,0.4618039831675367,Intermittent
29,BEAUTY,785,1.564726840855107,0.0,2.2789370118558367,0.0,17.0,1.859598159140951,4.36249294258304,1.4564439945019267,2.1452229299363057,0.4549672519784139,Intermittent
29,BEVERAGES,876,1304.6193586698337,850.5,1451.6296422215655,0.0,8255.0,0.7630784667584415,-0.1208723767659472,1.1126844259773276,1.9223744292237444,0.1642199343641255,Intermittent
29,BOOKS,0,0.0,0.0,0.0,0.0,0.0,,,0.0,,,No Sales
29,BREAD/BAKERY,876,306.59263657957246,368.0,325.6744751224067,0.0,1497.0,0.5789824302399645,-0.5987228179261348,1.062238411054662,1.9223744292237444,0.1071466669404375,Intermittent
29,CELEBRATION,798,4.942399049881235,0.0,6.633223292765408,0.0,44.0,1.4419767979046088,2.1722559124257907,1.3421059741387529,2.110275689223058,0.3274324585744843,Intermittent
29,CLEANING,876,495.69061757719714,572.5,526.0312074793059,0.0,2963.0,0.5681511081530557,-0.502982330753809,1.061208723395541,1.9223744292237444,0.1060092780538364,Intermittent
29,DAIRY,876,356.16567695962,361.0,386.6153228007191,0.0,1617.0,0.6585356849236789,-0.5072325076299462,1.0854929259325172,1.9223744292237444,0.1331272717433109,Intermittent
29,DELI,876,146.2626591567696,169.0655,152.98266308233372,0.0,1002.9,0.486219478881615,-0.6280283656428156,1.045944767880334,1.9223744292237444,0.0892781477100392,Intermittent
29,EGGS,876,100.15914489311164,81.5,119.8935675798008,0.0,903.0,1.4120413444621231,3.333718070484088,1.1970306626175014,1.9223744292237444,0.2655611572258601,Intermittent
29,FROZEN FOODS,876,51.678278442399055,34.5,100.79823633226998,0.0,1347.7579,6.351727411669748,55.53480614544385,1.9504952441995504,1.9223744292237444,1.4992174389639108,Lumpy
29,GROCERY I,876,1839.0339340855107,2077.016,1973.8276159702996,0.0,14380.789,0.728598117850292,0.5323321306990763,1.073295918789418,1.9223744292237444,0.1194302715314975,Intermittent
29,GROCERY II,868,5.483372921615202,2.0,7.462039103239083,0.0,51.0,1.9990701170477247,5.967279246710392,1.3608483698898577,1.9400921658986172,0.4699859813180417,Intermittent
29,HARDWARE,529,0.5760095011876485,0.0,1.0934024734885446,0.0,8.0,2.628054909558694,8.686906595791761,1.8982368682042043,3.183364839319471,0.4460495265620546,Intermittent
29,HOME AND KITCHEN I,876,12.70605700712589,7.0,15.80281361599963,0.0,101.0,1.404144663883967,2.433140905835476,1.243722864291674,1.9223744292237444,0.3248441742864075,Intermittent
29,HOME AND KITCHEN II,876,9.33729216152019,5.0,12.130192843307531,0.0,111.0,1.9492137974025172,7.529140916995942,1.2991124870225248,1.9223744292237444,0.3981112177503128,Intermittent
29,HOME APPLIANCES,176,0.1442992874109263,0.0,0.4824320273581242,0.0,6.0,4.422798970969398,26.364517578235883,3.343273779592625,9.568181818181818,0.2727057185841224,Intermittent
29,HOME CARE,831,116.71733966745845,0.0,134.8350568275633,0.0,997.0,0.9542665631119804,1.0732691690119989,1.1552272970800157,2.02647412755716,0.1520256173974822,Intermittent
29,LADIESWEAR,0,0.0,0.0,0.0,0.0,0.0,,,0.0,,,No Sales
29,LAWN AND GARDEN,436,1.0724465558194771,0.0,3.42680171936834,0.0,77.0,11.811567147151628,225.41976674735815,3.19531234221228,3.8623853211009176,1.902356975764342,Lumpy
29,LINGERIE,822,2.510688836104513,0.0,3.646558882977897,0.0,37.0,2.177977525004576,8.168503976008271,1.4524137077788348,2.048661800486618,0.5178227948962529,Lumpy
29,"LIQUOR,WINE,BEER",811,62.41567695961995,0.0,147.7224057494621,0.0,3244.0,10.180990067342234,176.44586192201191,2.3667516390580032,2.0764488286066585,2.1792323654434385,Lumpy
29,MAGAZINES,551,0.6882422802850356,0.0,1.278668212382427,0.0,9.0,2.4152583910557097,6.6993240415576665,1.857875122108149,3.056261343012704,0.4565835438875733,Intermittent
29,MEATS,876,66.4567517624703,74.26750000000001,68.62639680331232,0.0,311.855,0.3477197171926337,-1.273174652976756,1.0326474734661135,1.9223744292237444,0.0749002759676656,Intermittent
29,PERSONAL CARE,876,141.5712589073634,142.5,164.52811030014814,0.0,1423.0,1.4455006556223402,4.657726764551892,1.1621575704617015,1.9223744292237444,0.2227639854461421,Intermittent
29,PET SUPPLIES,758,2.155581947743468,0.0,3.1080347115541014,0.0,17.0,1.5447848656384957,2.0342688603919736,1.4418541189611638,2.221635883905013,0.385890156097141,Intermittent
29,PLAYERS AND ELECTRONICS,777,2.6395486935866983,0.0,3.7639846962955663,0.0,34.0,1.7690827189627452,4.555948241775329,1.42599555144215,2.167310167310167,0.3996442962917318,Intermittent
29,POULTRY,876,104.6223931270784,125.9674975,108.2025601024486,0.0,438.698,0.3646784267782932,-1.2386958998996258,1.034219891815965,1.9223744292237444,0.0765908832248251,Intermittent
29,PREPARED FOODS,876,35.84582124287411,37.952,37.33729932901664,0.0,166.427,0.3799449478567148,-1.2613855483723433,1.041608143805533,1.9223744292237444,0.0845689027083686,Intermittent
29,PRODUCE,803,594.2424995249406,0.0,733.4826019790414,0.0,3100.598,1.0555761911031516,0.3261100593514072,1.2343152880586294,2.0971357409713574,0.2033242202866865,Intermittent
29,SCHOOL AND OFFICE SUPPLIES,633,2.044536817102138,0.0,6.760215272732084,0.0,100.0,7.067537202820199,64.02238999852513,3.30647763976553,2.660347551342812,3.485426869707865,Lumpy
29,SEAFOOD,851,3.5694774346793348,1.0,4.840745948934666,0.0,28.0,1.5870991635847629,2.601094001143773,1.3561497547366863,1.9788484136310225,0.4347446416320881,Intermittent
3,AUTOMOTIVE,1672,9.291567695961994,8.0,5.280709317080237,0.0,48.0,1.0708121070950352,2.283399143119912,0.5683335137090845,1.007177033492823,0.3135754081076065,Smooth
3,BABY CARE,287,0.3990498812351544,0.0,1.09247003791186,0.0,11.0,3.621148176602923,16.333516699851053,2.7376778857638726,5.867595818815331,0.4477616563635687,Intermittent
3,BEAUTY,1670,9.613420427553445,8.0,6.434271026704844,0.0,93.0,2.222309621730451,17.21494950713593,0.6693009085084843,1.008383233532934,0.4359260031126807,Smooth
3,BEVERAGES,1679,6740.848574821853,6556.5,3123.962928951737,0.0,19154.0,0.6784637034268063,0.171261041126904,0.463437636118956,1.0029779630732578,0.2111676300935829,Smooth
3,BOOKS,181,0.3206650831353919,0.0,1.1632845359513997,0.0,11.0,4.785562203778702,26.615466253178813,3.6277243563575343,9.303867403314918,0.5219890257131742,Lumpy
3,BREAD/BAKERY,1679,1150.4627859026127,1118.6975,324.0881754339293,0.0,2323.775,0.5196644920202746,0.441032656903972,0.2817024413174558,1.0029779630732578,0.0761515259387445,Smooth
3,CELEBRATION,1016,28.770783847981,24.0,40.1942989020979,0.0,473.0,4.479706330655486,35.666580026850006,1.3970526181378788,1.65748031496063,0.7808694264929525,Lumpy
3,CLEANING,1679,2063.2019002375296,1973.0,485.1072385261823,0.0,4041.0,0.5576698329338509,1.038279783675116,0.2351234934739534,1.0029779630732578,0.0521497939494818,Smooth
3,DAIRY,1679,2040.8859857482184,1981.5,642.8907409626283,0.0,4448.0,0.3724203301852569,0.0956022229573823,0.3150057109763631,1.0029779630732578,0.0959648550797113,Smooth
3,DELI,1679,394.6971649346793,366.3365,117.47120438173742,0.0,852.963,0.7018505863520803,0.3525995459488866,0.2976236335542992,1.0029779630732578,0.0853477018722592,Smooth
3,EGGS,1679,522.5540380047506,499.0,125.35283713674508,0.0,971.0,0.5467277844312604,0.7488810857694239,0.2398849267630491,1.0029779630732578,0.0544047995308566,Smooth
3,FROZEN FOODS,1679,449.2751451128266,351.996,448.30375241541697,0.0,5574.725,6.178065243170179,45.10612565204153,0.9978378668195332,1.0029779630732578,0.9897549915692584,Erratic
3,GROCERY I,1679,7702.178130047507,7263.5,2242.378595903482,0.0,21858.0,1.0397718662001765,2.7547712121395724,0.2911356447542145,1.0029779630732578,0.0815391799064101,Smooth
3,GROCERY II,1679,77.27553444180522,72.0,31.85647512103583,0.0,444.0,2.413376780652566,15.551069609956487,0.4122452901909609,1.0029779630732578,0.1664724673509761,Smooth
3,HARDWARE,1509,2.999406175771972,3.0,2.2393850167118425,0.0,15.0,1.0454979571315424,1.6590376670944007,0.7466094569165417,1.115970841616965,0.3955791882595514,Smooth
3,HOME AND KITCHEN I,1166,43.715558194774346,43.0,39.56095714702984,0.0,436.0,1.2246726558824024,6.054994302191634,0.9049628731688916,1.444253859348199,0.2594446537678636,Intermittent
3,HOME AND KITCHEN II,1166,34.92161520190024,29.0,37.19317592829904,0.0,423.0,2.2225144820553075,11.565000985733423,1.0650474129618768,1.444253859348199,0.4778052889244975,Intermittent
3,HOME APPLIANCES,1218,1.877672209026128,2.0,1.7232517174303674,0.0,9.0,0.8209086088295625,0.1585874438929182,0.917759611197733,1.3825944170771758,0.3324823836504701,Intermittent
3,HOME CARE,1044,324.396674584323,388.5,283.23919646077314,0.0,1385.0,0.1699642182336936,-1.0517034822121267,0.8731260788133492,1.6130268199233715,0.0925727506451668,Intermittent
3,LADIESWEAR,1013,30.877672209026127,28.5,32.58700031232908,0.0,147.0,0.9129865567473344,0.1729087794803727,1.0553580623136458,1.6623889437314907,0.2715319406541876,Intermittent
3,LAWN AND GARDEN,1668,24.533847980997624,19.0,21.40782970326438,0.0,230.0,2.696983667621684,13.00331059480381,0.8725834495662056,1.009592326139089,0.7446664667056508,Erratic
3,LINGERIE,1678,27.53028503562945,26.0,13.7065759020674,0.0,156.0,2.197705616219121,11.662882607748156,0.4978726476616786,1.0035756853396902,0.2434310550953531,Smooth
3,"LIQUOR,WINE,BEER",1499,219.5439429928741,174.0,160.88373029097377,0.0,1447.0,1.2993061976970437,3.351149009109294,0.7328087857812724,1.123415610406938,0.3681568088260819,Smooth
3,MAGAZINES,1020,12.15914489311164,6.0,14.871447342546771,0.0,79.0,1.2463929553479405,1.1061802073334572,1.2230668745257431,1.6509803921568629,0.511763914084635,Lumpy
3,MEATS,1679,811.4540612707838,744.539,253.78203772673837,0.0,1839.418,1.141189751313523,1.6184375733297074,0.3127497289606121,1.0029779630732578,0.0945528549810817,Smooth
3,PERSONAL CARE,1679,503.5433491686461,452.0,201.3830325351632,0.0,1428.0,0.9778057751911624,0.811006790857733,0.3999318685615612,1.0029779630732578,0.1565014807872032,Smooth
3,PET SUPPLIES,1022,11.685273159144892,12.0,11.281677354354686,0.0,51.0,0.5146981775220166,-0.6318563743025392,0.9654611577958864,1.6477495107632094,0.1725782558100412,Intermittent
3,PLAYERS AND ELECTRONICS,1016,17.675178147268408,18.0,17.437797877082783,0.0,103.0,0.6980538902915377,0.0994525460572455,0.9865698512798932,1.65748031496063,0.1905541524273698,Intermittent
3,POULTRY,1679,1131.3767907422805,1105.77,405.6183981723264,0.0,2232.524,-0.0941846499226406,-0.5270370467707597,0.3585175173213933,1.0029779630732578,0.1251840536638718,Smooth
3,PREPARED FOODS,1679,367.5047286282661,354.698,86.84740680453797,0.0,795.342,0.4433129342547565,1.4343502702327786,0.2363164336101604,1.0029779630732578,0.0527105237277511,Smooth
3,PRODUCE,1577,5114.795791805226,6538.737499999999,4388.850469033559,0.0,14084.1875,-0.076871586347993,-1.5712542145904032,0.8580695393674146,1.067850348763475,0.6259612935471642,Erratic
3,SCHOOL AND OFFICE SUPPLIES,563,0.7505938242280285,0.0,1.3605507054845989,0.0,9.0,2.318816640986242,6.234682766960054,1.8126324248287904,2.991119005328597,0.4327869628415104,Intermittent
3,SEAFOOD,1679,106.2650126496437,102.859,30.663828694198653,0.0,221.094,0.3812303975656082,0.2122154998653433,0.2885599684160289,1.0029779630732578,0.0800505048516184,Smooth
30,AUTOMOTIVE,1481,3.082541567695962,3.0,2.385816004219907,0.0,15.0,1.0364303496455862,1.3771041073282166,0.7739769119250521,1.137069547602971,0.4062818441396156,Smooth
30,BABY CARE,82,0.0665083135391924,0.0,0.3310451570581348,0.0,4.0,6.231012001182162,45.74112509942439,4.977500322355255,20.536585365853657,0.2551020404427842,Intermittent
30,BEAUTY,640,0.5973871733966746,0.0,0.9422229815754204,0.0,8.0,2.04142572219646,5.891093193210057,1.577240057969121,2.63125,0.3254864447320823,Intermittent
30,BEVERAGES,1656,931.3432304038004,968.0,473.0949882857653,0.0,4376.0,0.850886674952777,3.5935110341611685,0.5079706093747399,1.0169082125603863,0.2371167077322472,Smooth
30,BOOKS,0,0.0,0.0,0.0,0.0,0.0,,,0.0,,,No Sales
30,BREAD/BAKERY,1656,152.0712589073634,148.0,46.44784478948995,0.0,342.0,0.127420478537048,1.9565168176025145,0.3054347358134185,1.0169082125603863,0.0751121530319332,Smooth
30,CELEBRATION,951,2.42874109263658,1.0,2.9773939380241794,0.0,19.0,1.474490437366183,2.645123536446752,1.2259000952489736,1.7707676130389065,0.41341586891422,Intermittent
30,CLEANING,1656,480.31294536817103,449.0,355.1691227386001,0.0,10392.0,16.300343507366353,390.9083490216178,0.739453571182878,1.0169082125603863,0.5210729590241818,Erratic
30,DAIRY,1656,222.61401425178147,226.0,86.66842755967859,0.0,545.0,0.0061858178788416,0.1399103715783938,0.3893215251995111,1.0169082125603863,0.1324239845446842,Smooth
30,DELI,1656,104.71199524940616,102.0,35.25301588904326,0.0,260.0,0.2366888317105942,1.460421671207624,0.3366664516776698,1.0169082125603863,0.0948326367454459,Smooth
30,EGGS,1656,119.00712589073636,111.0,60.58642515937235,0.0,470.0,1.1497043897512045,2.6140101917377017,0.5090991375969308,1.0169082125603863,0.2382454152198296,Smooth
30,FROZEN FOODS,1656,58.05064729275534,40.0,177.72861132283057,0.0,3768.671,16.932177888305766,320.41000127593475,3.061612912315437,1.0169082125603863,9.200993065779327,Erratic
30,GROCERY I,1656,1553.8192684085511,1499.5,561.7476960009849,0.0,8615.0,3.092656442700934,27.44388130927729,0.3615270497810052,1.0169082125603863,0.111901540136532,Smooth
30,GROCERY II,1341,3.506532066508313,3.0,6.597565238087795,0.0,235.0,25.97766637474745,898.2221744546085,1.8815071732043,1.255779269202088,2.61534017537285,Erratic
30,HARDWARE,876,0.9471496437054632,1.0,1.2922885475759025,0.0,10.0,2.1883567248421323,7.074424661548422,1.3643974368778522,1.9223744292237444,0.4885655599432916,Intermittent
30,HOME AND KITCHEN I,1154,9.228622327790974,8.0,10.013796314552,0.0,149.0,2.691856354528312,23.878473819355985,1.085080303190161,1.459272097053726,0.4921132727172259,Lumpy
30,HOME AND KITCHEN II,1147,4.647268408551069,4.0,4.665183969526233,0.0,51.0,1.535860191125182,7.1405401585818495,1.0038550732164178,1.4681778552746294,0.3674944088584655,Intermittent
30,HOME APPLIANCES,397,0.2951306413301662,0.0,0.5900602203952897,0.0,5.0,2.2562661522459453,6.210873636281624,1.9993187279251812,4.241813602015113,0.1780987734443644,Intermittent
30,HOME CARE,1044,75.71852731591449,97.0,66.95002293672404,0.0,509.0,0.5963758443580864,2.18152839515298,0.8841960522622092,1.6130268199233715,0.104633002282385,Intermittent
30,LADIESWEAR,355,0.3948931116389548,0.0,0.9899723120363676,0.0,9.0,3.6858478875409553,17.466319661378055,2.5069373973647524,4.743661971830986,0.5356775391420201,Lumpy
30,LAWN AND GARDEN,0,0.0,0.0,0.0,0.0,0.0,,,0.0,,,No Sales
30,LINGERIE,1454,4.068883610451306,3.0,3.7032124384277063,0.0,24.0,1.4774329294256563,2.933201637233057,0.910129851835902,1.15818431911967,0.5786229507193577,Erratic
30,"LIQUOR,WINE,BEER",1475,54.45249406175772,34.0,67.6335891034537,0.0,790.0,3.4404831053797995,19.760764836799297,1.2420659561617964,1.1416949152542373,1.227151759628782,Erratic
30,MAGAZINES,405,0.3515439429928741,0.0,0.7244811337447986,0.0,6.0,2.4746512118494848,7.386450714052879,2.0608551110739204,4.158024691358024,0.2619270449301518,Intermittent
30,MEATS,1656,57.71794821615202,53.036,26.6639927720002,0.0,196.86,1.7589648560339568,5.06306544669067,0.4619705584765827,1.0169082125603863,0.1932412207043803,Smooth
30,PERSONAL CARE,1656,102.93289786223278,90.5,70.39404454074432,0.0,1120.0,6.049346620347194,56.123544648215024,0.68388285963033,1.0169082125603863,0.4432922731553576,Smooth
30,PET SUPPLIES,695,0.8390736342042755,0.0,1.3157616028476142,0.0,9.0,2.021792040472581,4.709837585596513,1.5681121985524993,2.423021582733813,0.4275464555245869,Intermittent
30,PLAYERS AND ELECTRONICS,944,2.4073634204275534,1.0,3.0458246695774904,0.0,19.0,1.57382133643792,2.9952488321921376,1.2652118257123526,1.7838983050847457,0.4579087594055963,Intermittent
30,POULTRY,1656,98.86985317102136,98.756502,32.55388845830136,0.0,441.266,0.753982257937907,9.420276019898136,0.3292600060977293,1.0169082125603863,0.0899824958882701,Smooth
30,PREPARED FOODS,1655,22.73099762470309,22.0,8.675091363705654,0.0,66.0,0.2330301062181307,0.7665264843107313,0.3816414706715859,1.017522658610272,0.1259210814065123,Smooth
30,PRODUCE,1016,312.08483870902614,353.2445,311.64891522176947,0.0,1538.246,0.931997437091461,0.955787934119273,0.9986031891518392,1.65748031496063,0.2049665455222862,Intermittent
30,SCHOOL AND OFFICE SUPPLIES,104,0.8040380047505938,0.0,4.284794175826533,0.0,55.0,7.266992659172402,62.58020865882264,5.3290940791120285,16.192307692307693,0.8156302567425869,Lumpy
30,SEAFOOD,1281,3.5504750593824226,3.0,3.392102538515127,0.0,19.0,1.1617447735817248,1.39887171822512,0.9553939911775532,1.3145979703356752,0.4550286260883315,Smooth
31,AUTOMOTIVE,1657,7.553444180522566,7.0,4.660453605077403,0.0,34.0,1.0953895145568118,2.092527976667297,0.6169971595842235,1.016294508147254,0.3585486134899091,Smooth
31,BABY CARE,333,0.5368171021377672,0.0,1.423988022478972,0.0,10.0,3.550888853900532,14.345729672615985,2.6526502493224844,5.057057057057057,0.589175933468359,Lumpy
31,BEAUTY,1433,2.578978622327791,2.0,2.326713584958698,0.0,24.0,1.8035236137267936,6.580680125136672,0.9021841297608036,1.175157013258897,0.5435692283974839,Erratic
31,BEVERAGES,1679,1808.0480997624704,1767.0,1070.2668993339598,0.0,8443.0,1.0196028022040733,2.154638993237211,0.5919460325607337,1.0029779630732578,0.3463906039636125,Smooth
31,BOOKS,0,0.0,0.0,0.0,0.0,0.0,,,0.0,,,No Sales
31,BREAD/BAKERY,1679,466.23456057007127,447.0,127.74965857635236,0.0,1036.0,0.7985597953290545,1.3244791405500642,0.2740029791439681,1.0029779630732578,0.0718855968535965,Smooth
31,CELEBRATION,998,5.25771971496437,3.0,6.175873948545959,0.0,37.0,1.27812969456875,1.661561585493173,1.1746297410631714,1.687374749498998,0.4103298805825284,Intermittent
31,CLEANING,1679,1247.896080760095,1155.5,441.224749510767,0.0,3500.0,1.0194093030356075,1.523251970991459,0.3535749140598814,1.0029779630732578,0.1216749133802118,Smooth
31,DAIRY,1679,588.0255344418052,579.0,254.83431101420103,0.0,1718.0,0.4853303783751176,0.5305420659622264,0.4333728657815415,1.0029779630732578,0.1842852829548755,Smooth
31,DELI,1679,246.25202053622328,236.6305,83.18599548316679,0.0,746.20703,0.6637152368750373,1.1128415807731322,0.3378083773756993,1.0029779630732578,0.1108065589112594,Smooth
31,EGGS,1679,236.36401425178147,224.0,125.50034271244208,0.0,1322.0,1.4024092157341557,6.767103288483854,0.5309621395168247,1.0029779630732578,0.2781146154720492,Smooth
31,FROZEN FOODS,1672,107.17279556353918,61.1045,256.00580747610394,0.0,4094.0278,8.444542296503483,92.5828610062586,2.388720067696078,1.007177033492823,5.658197455673647,Erratic
31,GROCERY I,1679,3923.8856490498815,3648.5815,1538.469084615675,0.0,31851.158,4.857868627232031,69.22974663027992,0.3920779610353332,1.0029779630732578,0.1502995778635642,Smooth
31,GROCERY II,1643,9.330166270783849,8.0,7.056289943258277,0.0,83.0,2.477285189991233,12.702321892881368,0.7562876949575706,1.024954351795496,0.5336986225764002,Erratic
31,HARDWARE,760,0.7149643705463183,0.0,1.0591707019775856,0.0,12.0,2.622957098382886,13.017028687408416,1.4814314448800028,2.2157894736842105,0.4417611279066606,Intermittent
31,HOME AND KITCHEN I,1157,14.092042755344416,11.0,15.936683160995074,0.0,157.0,2.203590577518425,9.966242649082371,1.1308994328604471,1.4554883318928262,0.5657518355929395,Lumpy
31,HOME AND KITCHEN II,1165,12.541567695961994,11.0,13.527004974331293,0.0,202.0,3.386733550197133,31.05712483219721,1.0785736919960975,1.4454935622317595,0.4965969172718903,Lumpy
31,HOME APPLIANCES,499,0.3966745843230403,0.0,0.6999411994612205,0.0,6.0,2.048767808983817,5.402393089238542,1.7645224205407777,3.374749498997996,0.2189169561790848,Intermittent
31,HOME CARE,1042,186.2143705463183,217.0,165.87919797492182,0.0,885.0,0.2955155771967335,-0.7179487868856929,0.8907969749454479,1.616122840690979,0.1097666621755554,Intermittent
31,LADIESWEAR,771,1.4346793349168645,0.0,2.22912788337767,0.0,17.0,2.1526776162372,5.8359200430545926,1.5537464209401852,2.1841763942931256,0.5631191473753404,Lumpy
31,LAWN AND GARDEN,833,1.2013064133016629,0.0,3.4780237383661143,0.0,81.0,15.365664443065908,308.20080250783366,2.895201171790913,2.021608643457383,3.640952571803116,Lumpy
31,LINGERIE,1618,12.060570071258908,11.0,8.374610348390563,0.0,62.0,1.2239253257931082,2.516728338554427,0.6943793119409343,1.0407911001236094,0.4240731196540491,Smooth
31,"LIQUOR,WINE,BEER",1492,30.26603325415677,16.0,42.531648249183135,0.0,497.0,4.337507854210524,30.43004824994631,1.405260077877451,1.128686327077748,1.6355913198668894,Erratic
31,MAGAZINES,556,0.6413301662707839,0.0,1.1951414461323784,0.0,9.0,2.6207135112924806,8.785039315344703,1.8635353631006772,3.028776978417266,0.4767558294130961,Intermittent
31,MEATS,1679,304.94430858907367,289.0675,110.29663812360393,0.0,809.729,0.8882693930320483,1.514213687803485,0.3616943652221822,1.0029779630732578,0.1274652639111908,Smooth
31,PERSONAL CARE,1679,294.74821852731594,264.0,128.97337469585267,0.0,1285.0,1.4993845122546117,4.047831205232522,0.4375713459433935,1.0029779630732578,0.1879310679368452,Smooth
31,PET SUPPLIES,844,1.484560570071259,1.0,2.0974759425239324,0.0,14.0,1.810542051979861,3.650119336577954,1.4128597939324183,1.995260663507109,0.5016447996612894,Lumpy
31,PLAYERS AND ELECTRONICS,1010,4.669833729216152,4.0,5.295901451252672,0.0,39.0,1.385229648396934,2.869268760066433,1.1340663837741267,1.6673267326732673,0.3711209197330042,Intermittent
31,POULTRY,1679,137.7627581490499,128.9735,73.61767330019701,0.0,991.295,3.5587396714335164,28.766803836909645,0.5343800769436784,1.0029779630732578,0.2817450771253775,Smooth
31,PREPARED FOODS,1679,72.30146674465558,71.0,25.66801790189889,0.0,246.0,0.6058413881833713,1.5641588735279957,0.3550137923507784,1.0029779630732578,0.1226914590516563,Smooth
31,PRODUCE,1016,806.0614654453681,906.073,776.3736805018647,0.0,4704.0,0.6935652847342547,0.3551372664399221,0.9631693286217778,1.65748031496063,0.163027481050604,Intermittent
31,SCHOOL AND OFFICE SUPPLIES,581,2.5878859857482186,0.0,12.173771328456398,0.0,248.0,10.86725974155075,159.7350773981784,4.704137427535293,2.8984509466437176,6.979748277481942,Lumpy
31,SEAFOOD,1493,5.263064133016627,5.0,4.335161342469924,0.0,32.0,1.3323179994675298,2.979455381522471,0.8236953288200665,1.1279303415941058,0.4881007566656555,Smooth
32,AUTOMOTIVE,1245,1.8402612826603328,1.0,1.8310514944798344,0.0,12.0,1.3692490870342229,2.279117718415664,0.994995390457718,1.3526104417670683,0.4712409176703748,Intermittent
32,BABY CARE,54,0.0433491686460807,0.0,0.2922550446063911,0.0,7.0,11.993280375688554,217.58278937768875,6.741883339230563,31.185185185185187,0.48958528732222,Intermittent
32,BEAUTY,367,0.2589073634204275,0.0,0.5322811960829537,0.0,3.0,2.1506795764134083,4.6705476861068025,2.055875070508258,4.5885558583106265,0.1390560556534525,Intermittent
32,BEVERAGES,1679,600.5338479809976,565.0,436.317860031629,0.0,4320.0,3.2281836611484658,19.661469618726027,0.7265499879778777,1.0029779630732578,0.523338439410032,Erratic
32,BOOKS,0,0.0,0.0,0.0,0.0,0.0,,,0.0,,,No Sales
32,BREAD/BAKERY,1679,99.35926365795724,93.0,36.50312879479435,0.0,432.0,2.1779537586722397,11.670105909566615,0.367385258812791,1.0029779630732578,0.1316020592469492,Smooth
32,CELEBRATION,898,2.244061757719715,1.0,3.908445285181164,0.0,106.0,12.05765392060958,295.86137006871564,1.7416834763990698,1.8752783964365256,1.1508600223326495,Lumpy
32,CLEANING,1679,451.1211401425178,398.0,383.1494635952553,0.0,7448.0,13.16722552024474,213.83286956376725,0.8493272194545389,1.0029779630732578,0.7162458090623798,Erratic
32,DAIRY,1679,143.7119952494062,140.0,64.84824839035277,0.0,576.0,0.95466594072899,3.189156013759105,0.45123754824613,1.0029779630732578,0.2000416452413279,Smooth
32,DELI,1679,96.84323040380048,92.0,35.06445213234071,0.0,300.0,1.0706386875666618,2.779591297287572,0.362074375108852,1.0029779630732578,0.1277394865632947,Smooth
32,EGGS,1679,133.73218527315913,126.0,92.3627897267262,0.0,886.0,2.4639554135220063,10.937372154721642,0.6906549050804551,1.0029779630732578,0.472618793523659,Smooth
32,FROZEN FOODS,1668,28.43158547357482,19.0,68.51380918332929,0.0,1505.209,12.613233668512894,212.9811919144832,2.409778000055548,1.009592326139089,5.742355140106799,Erratic
32,GROCERY I,1679,1470.71708847981,1327.0,916.3295233635351,0.0,20602.0,13.486949240510183,248.4933245973221,0.6230494841873809,1.0029779630732578,0.3840689535117661,Smooth
32,GROCERY II,1155,1.7494061757719714,1.0,1.9710266875900648,0.0,13.0,1.809456076883512,4.558956655651578,1.1266832790238746,1.458008658008658,0.5565169655073001,Lumpy
32,HARDWARE,574,0.4887173396674584,0.0,0.8172667606772509,0.0,8.0,2.1901814991889936,7.301527833486272,1.6722687997137178,2.9337979094076654,0.2940506012915138,Intermittent
32,HOME AND KITCHEN I,1133,7.119952494061757,5.0,9.41311593159705,0.0,148.0,3.916615806979396,36.62153766702748,1.322075665269646,1.4863195057369816,0.8487842313474954,Lumpy
32,HOME AND KITCHEN II,1058,2.3634204275534443,2.0,2.7717598080807755,0.0,22.0,1.6396545656079695,3.9599988900371352,1.1727747524706214,1.5916824196597354,0.4923835254067639,Lumpy
32,HOME APPLIANCES,252,0.173396674584323,0.0,0.4422519642623758,0.0,3.0,2.7452722673396908,8.078910796281022,2.5505215874067213,6.682539682539683,0.1231000185527727,Intermittent
32,HOME CARE,1044,60.657957244655584,75.0,52.6715891958485,0.0,301.0,0.1978941406548292,-0.6572229019896212,0.8683376689151681,1.6130268199233715,0.0874030646076505,Intermittent
32,LADIESWEAR,0,0.0,0.0,0.0,0.0,0.0,,,0.0,,,No Sales
32,LAWN AND GARDEN,5,0.0053444180522565,0.0,0.1060853313527571,0.0,3.0,22.231021357134267,531.6856871553076,19.84974050789778,336.8,0.1728395059807956,Intermittent
32,LINGERIE,1225,2.2998812351543942,2.0,2.518996705823008,0.0,19.0,1.7247307750329894,4.094473308175932,1.0952725150429916,1.3746938775510205,0.6000812389217396,Lumpy
32,"LIQUOR,WINE,BEER",1455,75.47149643705463,26.0,131.66256362471069,0.0,1223.0,3.319268788811836,14.193626166498865,1.7445336297628131,1.1573883161512029,2.493553139394016,Erratic
32,MAGAZINES,143,0.09916864608076,0.0,0.358506101433644,0.0,4.0,4.703492369136167,29.902729490925186,3.6151153815952233,11.776223776223777,0.1947004191868019,Intermittent
32,MEATS,1679,59.718977167458426,57.9035,19.77397797575493,0.0,148.731,0.6424082782221712,1.312314206897784,0.331117157616003,1.0029779630732578,0.1063439207255672,Smooth
32,PERSONAL CARE,1679,99.61817102137768,92.0,41.46031989590757,0.0,615.0,3.089770857934307,23.05338835576953,0.4161923419231833,1.0029779630732578,0.1697326448536155,Smooth
32,PET SUPPLIES,168,0.1276722090261282,0.0,0.4273533940802826,0.0,4.0,4.136705325601831,20.764556569481627,3.3472702790436872,10.023809523809524,0.2175229850575692,Intermittent
32,PLAYERS AND ELECTRONICS,669,0.8016627078384798,0.0,1.3448581026125912,0.0,17.0,3.257091105540278,21.755618325156902,1.6775859570181844,2.517189835575486,0.5152987649213805,Lumpy
32,POULTRY,1678,63.34526488123515,61.03,24.462824816424167,0.0,312.172,2.331076369278994,15.304110848837528,0.3861823746716171,1.0035756853396902,0.1450425147737402,Smooth
32,PREPARED FOODS,1672,11.48456057007126,11.0,5.295013932972157,0.0,35.0,0.533393446596994,0.388267541718978,0.4610549877119284,1.007177033492823,0.2039310482392883,Smooth
32,PRODUCE,1016,117.75620368408552,125.3105,115.61980169645337,0.0,829.666,0.9303589057278608,2.118220602054156,0.9818574145414408,1.65748031496063,0.1849576521515954,Intermittent
32,SCHOOL AND OFFICE SUPPLIES,114,0.828978622327791,0.0,4.613361381067183,0.0,79.0,9.007536968980911,107.62792971829305,5.565115011708798,14.771929824561404,1.1642741026497243,Lumpy
32,SEAFOOD,873,1.3735154394299287,1.0,1.9409419910721168,0.0,23.0,2.4360706281529008,12.376398582018108,1.4131198921685042,1.9289805269186715,0.5536226467413543,Lumpy
33,AUTOMOTIVE,1656,7.697149643705464,7.0,4.819148903178178,0.0,41.0,1.2211069347569985,2.88896710227398,0.6260952593656617,1.0169082125603863,0.3688504592773255,Smooth
33,BABY CARE,157,0.1478622327790973,0.0,0.5482547910753334,0.0,7.0,5.279031500314242,37.889329332447,3.707875750710035,10.726114649681527,0.3749939512375722,Intermittent
33,BEAUTY,981,1.1009501187648456,1.0,1.353897882900272,0.0,11.0,1.9341724402111968,5.894370990080509,1.2297540629628652,1.7166156982670744,0.4635163011820669,Intermittent
33,BEVERAGES,1679,1356.872921615202,1302.5,765.9082427713818,0.0,8411.0,1.3636885885820873,6.405379542065347,0.5644657141945845,1.0029779630732578,0.3147063954035203,Smooth
33,BOOKS,0,0.0,0.0,0.0,0.0,0.0,,,0.0,,,No Sales
33,BREAD/BAKERY,1679,274.4625890736342,259.0,88.60856514228524,0.0,1071.0,1.5138710953135597,7.273172169366584,0.3228438726058583,1.0029779630732578,0.1009495788877251,Smooth
33,CELEBRATION,985,5.033847980997625,2.0,8.331217609434415,0.0,99.0,3.9962642317641,25.64448048735593,1.6550395719594746,1.7096446700507617,1.1870953952422352,Lumpy
33,CLEANING,1679,1065.564133016627,1012.5,328.3374354839284,0.0,2547.0,0.6343197756558174,0.4208101786525886,0.3081348417331694,1.0029779630732578,0.0916960501653176,Smooth
33,DAIRY,1679,384.9067695961995,385.5,156.29876220178943,0.0,979.0,0.1305684155345129,-0.1513124536137433,0.4060691433547773,1.0029779630732578,0.1614334432787696,Smooth
33,DELI,1679,198.27197149643703,192.0,57.89277415976606,0.0,446.0,0.6067954489467579,0.9078519019712848,0.2919866773025678,1.0029779630732578,0.0820339625377779,Smooth
33,EGGS,1679,170.24940617577198,149.0,154.46899936008302,0.0,3110.0,11.365222888162087,179.5070778838317,0.9073100625073314,1.0029779630732578,0.8177982135724683,Erratic
33,FROZEN FOODS,1679,75.35269891745844,46.0,149.6396220110992,0.0,2784.708,8.759548810442162,104.13787660229428,1.9858561691735688,1.0029779630732578,3.928946503966236,Erratic
33,GROCERY I,1679,3065.8164714964373,2900.6555,944.9714975414648,0.0,9040.0,1.1635180461269017,3.102674533419276,0.3082283321023167,1.0029779630732578,0.0917535030932664,Smooth
33,GROCERY II,1308,3.097980997624703,2.0,3.402949776669761,0.0,37.0,2.778455307830734,15.627973864033972,1.09844113898066,1.2874617737003058,0.7138939432595826,Erratic
33,HARDWARE,745,0.7387173396674585,0.0,1.090074968943817,0.0,8.0,2.121024522458215,6.338146943368454,1.4756320299167391,2.2604026845637586,0.4057185094550151,Intermittent
33,HOME AND KITCHEN I,1166,29.52612826603325,26.0,30.864867627381088,0.0,292.0,2.165874161187752,10.580543919622116,1.0453408367070791,1.444253859348199,0.449009432369131,Intermittent
33,HOME AND KITCHEN II,1166,11.57541567695962,10.0,12.859773176746891,0.0,227.0,4.235241078614473,52.25999111999567,1.1109556265208491,1.444253859348199,0.5469734699032727,Lumpy
33,HOME APPLIANCES,251,0.1751781472684085,0.0,0.4502061065054645,0.0,3.0,2.801999546882151,8.48958222289192,2.569990098397759,6.709163346613546,0.1335018670523379,Intermittent
33,HOME CARE,1044,145.23634204275535,160.0,133.91126465974162,0.0,1259.0,0.802163147248508,3.383156273757023,0.922023116083426,1.6130268199233715,0.146990616491898,Intermittent
33,LADIESWEAR,0,0.0,0.0,0.0,0.0,0.0,,,0.0,,,No Sales
33,LAWN AND GARDEN,10,0.0308788598574821,0.0,0.534106519267122,0.0,13.0,20.396808427711008,439.118841823165,17.29683364073011,168.4,0.782544378397246,Lumpy
33,LINGERIE,1652,12.602731591448933,11.0,8.176033404385011,0.0,62.0,1.0701177942245954,1.8840936672985684,0.6487508953442898,1.019370460048426,0.3938776724477598,Smooth
33,"LIQUOR,WINE,BEER",1497,64.36282660332542,35.0,87.35203747977374,0.0,1075.0,3.689378446498252,22.975006957181616,1.3571814988296889,1.1249164996659986,1.5263578422213682,Erratic
33,MAGAZINES,666,0.905581947743468,0.0,1.5431227265589766,0.0,16.0,2.786770153044902,13.02471114570822,1.704012241741482,2.5285285285285286,0.5438456324193651,Lumpy
33,MEATS,1679,251.6436634091449,246.7027,87.45458014128768,0.0,634.135,0.3601925504440324,0.2519313892601009,0.3475334087739322,1.0029779630732578,0.1174517401956051,Smooth
33,PERSONAL CARE,1679,238.30106888361044,224.0,85.70418229856443,0.0,717.0,0.89823652272368,1.2026066584539723,0.3596466549634484,1.0029779630732578,0.1259925521852546,Smooth
33,PET SUPPLIES,555,0.6733966745843231,0.0,1.2950591680788357,0.0,13.0,2.981092280203888,12.906867924136163,1.923174282015991,3.0342342342342343,0.5485288760342847,Lumpy
33,PLAYERS AND ELECTRONICS,980,3.053444180522565,2.0,3.7314219160117417,0.0,30.0,1.6509104153024956,4.226552479728153,1.2220370487175929,1.7183673469387757,0.4510136924814287,Intermittent
33,POULTRY,1677,211.3882972036817,205.7055,87.22518752948056,0.0,910.77,0.9087699616083246,4.0330800623892005,0.4126301629887425,1.0041741204531902,0.1653991350424513,Smooth
33,PREPARED FOODS,1679,37.16686460807601,36.0,12.98071177912956,0.0,103.0,0.4843299500108749,0.632029389029019,0.34925495910569,1.0029779630732578,0.1186477348138373,Smooth
33,PRODUCE,1016,800.8940551068883,980.7395,730.57495745271,0.0,5035.664,0.4762927609756572,0.5678108325111437,0.912199251315824,1.65748031496063,0.1053570033780356,Intermittent
33,SCHOOL AND OFFICE SUPPLIES,109,1.0688836104513064,0.0,5.822493522553949,0.0,97.0,7.824437899539711,79.46430061903199,5.447266157115363,15.44954128440367,0.9853475307448616,Lumpy
33,SEAFOOD,1046,1.6193586698337292,1.0,2.1914063569942286,0.0,26.0,3.6012245146242603,24.74318385642412,1.3532557033001094,1.6099426386233269,0.7586347065508756,Lumpy
34,AUTOMOTIVE,1509,3.3331353919239906,3.0,2.91304207999409,0.0,43.0,2.831651284169122,23.274736590943103,0.8739645218667897,1.115970841616965,0.5805197768753392,Erratic
34,BABY CARE,211,0.1858669833729216,0.0,0.6002887439647732,0.0,9.0,5.336219606759696,45.20136581537944,3.2296684964789657,7.981042654028436,0.4322387688238861,Intermittent
34,BEAUTY,1442,2.73812351543943,2.0,2.427024275754207,0.0,41.0,3.1876482303154896,36.92084641353,0.8863823202943865,1.1678224687933425,0.5290625635615237,Erratic
34,BEVERAGES,1679,2243.990498812352,2206.0,910.3400534821373,0.0,5764.0,0.5818346999070851,0.5142347107091041,0.4056791033489382,1.0029779630732578,0.161117769054055,Smooth
34,BOOKS,0,0.0,0.0,0.0,0.0,0.0,,,0.0,,,No Sales
34,BREAD/BAKERY,1679,684.0332541567695,672.0,132.47028111513023,0.0,1285.0,0.3674470113833724,2.7915646540960326,0.1936605863968369,1.0029779630732578,0.0344239464090758,Smooth
34,CELEBRATION,1007,6.945368171021378,5.0,8.454607518086078,0.0,91.0,2.059123506434386,9.381157664755255,1.2173015610813116,1.6722939424031775,0.484083047823395,Intermittent
34,CLEANING,1679,914.4133016627078,889.0,207.20674315134823,0.0,2311.0,0.8035326137633556,3.821686028065546,0.2266007534824251,1.0029779630732578,0.0482263221988844,Smooth
34,DAIRY,1679,569.9614014251781,590.0,227.0498162440752,0.0,1630.0,-0.0348518522165261,0.1339233796090435,0.3983599866165374,1.0029779630732578,0.1552503859474215,Smooth
34,DELI,1679,251.1385031769596,247.8885,52.09527047418042,0.0,634.264,0.3534738875611678,3.1828895395767995,0.2074364138312361,1.0029779630732578,0.0399329837588916,Smooth
34,EGGS,1679,114.75059382422803,97.0,94.95763916604822,0.0,1764.0,8.313714239555114,109.77332303543338,0.8275132703075536,1.0029779630732578,0.6797759019278998,Erratic
34,FROZEN FOODS,1679,127.41378854038004,98.8625,170.5483748520247,0.0,2532.04,7.224274031476248,65.70895771299946,1.3385393904729224,1.0029779630732578,1.783398840881459,Erratic
34,GROCERY I,1679,3796.7319946555817,3682.115,1017.5151870309902,0.0,22125.0,4.298794069794972,66.07926769467474,0.2679976328229155,1.0029779630732578,0.0686403596690005,Smooth
34,GROCERY II,1483,5.843230403800475,5.0,6.434606777911453,0.0,102.0,5.065731025050104,52.13728198797112,1.101207094730534,1.1355360755225894,0.9485572614299932,Erratic
34,HARDWARE,1195,1.8200712589073635,1.0,1.9953154150092345,0.0,17.0,1.8421748489768208,5.4462642653804725,1.0962842274157938,1.409205020920502,0.5624689632066207,Lumpy
34,HOME AND KITCHEN I,1166,24.552850356294535,21.0,30.654889760399765,0.0,455.0,4.5377243998893135,40.85770375324429,1.2485267215133065,1.444253859348199,0.7717238266904765,Lumpy
34,HOME AND KITCHEN II,1166,22.44358669833729,23.0,19.215919653589825,0.0,106.0,0.4683556732745598,-0.3521721086284226,0.8561875564281901,1.444253859348199,0.1999671114689768,Intermittent
34,HOME APPLIANCES,705,0.6555819477434679,0.0,0.9324696889010636,0.0,7.0,1.577412453664438,2.873034998179208,1.4223541247410754,2.3886524822695034,0.2656053084194399,Intermittent
34,HOME CARE,1044,151.0682897862233,193.0,127.28339886368262,0.0,538.0,-0.0365652822499063,-1.310338325788288,0.8425553704417968,1.6130268199233715,0.0600564920241977,Intermittent
34,LADIESWEAR,950,3.446555819477435,2.0,4.359320564729851,0.0,26.0,1.4383693399980697,1.9888825388304945,1.2648338781659352,1.7726315789473683,0.4666356906253883,Intermittent
34,LAWN AND GARDEN,794,2.0415676959619957,0.0,5.284938615032075,0.0,111.0,9.967828191629446,165.22634969743294,2.5886668479798427,2.1209068010075565,2.6310865004339705,Lumpy
34,LINGERIE,1657,10.26543942992874,9.0,8.49221903799732,0.0,134.0,4.116887284081511,39.02182333210444,0.8272630796896151,1.016294508147254,0.6573583636631786,Erratic
34,"LIQUOR,WINE,BEER",1498,52.96318289786223,35.0,60.80972679209712,0.0,698.0,3.538535440893959,21.16987540522489,1.148150912837292,1.124165554072096,1.0621967202795997,Erratic
34,MAGAZINES,693,1.0736342042755345,0.0,1.6972223637989323,0.0,14.0,1.9304931754017995,4.3638509555300615,1.58081994357041,2.43001443001443,0.4399057283807602,Intermittent
34,MEATS,1679,184.26464546733965,181.2435,42.832443873363225,0.0,336.819,0.1681664893391694,1.3151064464210354,0.2324506894119452,1.0029779630732578,0.0509037703863645,Smooth
34,PERSONAL CARE,1679,317.6828978622328,303.5,94.14256342953796,0.0,919.0,1.2014146101483338,3.869828657176424,0.2963413015392089,1.0029779630732578,0.0845883030817079,Smooth
34,PET SUPPLIES,889,1.5771971496437054,1.0,2.114445897911265,0.0,17.0,1.8656941266226243,5.216830917420795,1.3406351241810772,1.8942632170978628,0.4767232518763972,Intermittent
34,PLAYERS AND ELECTRONICS,996,3.7541567695962,3.0,4.326231985957977,0.0,37.0,1.6062075313437083,5.516480312966968,1.1523844768131315,1.6907630522088353,0.3768871870397519,Intermittent
34,POULTRY,1678,140.3348839875297,134.033,48.02299295539355,0.0,628.192,2.298043772080118,14.829184412035271,0.3422028193597161,1.0035756853396902,0.113122593439157,Smooth
34,PREPARED FOODS,1679,34.96031294299287,35.0,11.946130723513804,0.0,81.466,0.2006054351872152,0.2097821910707198,0.3417054859506478,1.0029779630732578,0.1134468355685988,Smooth
34,PRODUCE,1016,466.6749681116389,606.6355,418.16020315260033,0.0,1729.877,0.2461623553704346,-0.870965131745348,0.8960416386671745,1.65748031496063,0.0877297316627522,Intermittent
34,SCHOOL AND OFFICE SUPPLIES,919,4.696555819477434,1.0,14.468327683334635,0.0,250.0,7.629828379717113,79.10219117204181,3.080625087058763,1.8324265505984767,4.724786581824522,Lumpy
34,SEAFOOD,1315,3.136579572446556,2.0,3.136122647521188,0.0,23.0,1.5017311840288772,3.07207229792454,0.9998543235028255,1.2806083650190114,0.5615302251106297,Erratic
35,AUTOMOTIVE,1601,4.406769596199525,4.0,3.1085242951772853,0.0,29.0,1.5521874322396554,5.293340475318294,0.7053975086768169,1.051842598376015,0.4237735261845701,Smooth
35,BABY CARE,53,0.0534441805225653,0.0,0.3439242097993193,0.0,6.0,8.463550550052116,90.40124606627616,6.435203982946336,31.77358490566038,0.3348148144204771,Intermittent
35,BEAUTY,374,0.2666270783847981,0.0,0.544506380331425,0.0,3.0,2.1617914717106754,4.773514240433872,2.042202095855348,4.502673796791444,0.1483375576022962,Intermittent
35,BEVERAGES,1679,1116.9988123515438,1067.5,609.596165144729,0.0,4226.0,0.7920121109523239,1.2291413062059844,0.5457446851360931,1.0029779630732578,0.2939838253051484,Smooth
35,BOOKS,0,0.0,0.0,0.0,0.0,0.0,,,0.0,,,No Sales
35,BREAD/BAKERY,1679,93.0041567695962,86.5,36.31912665997896,0.0,307.0,1.4346566457967522,3.9186460673906014,0.3905107892065901,1.0029779630732578,0.1490767683024841,Smooth
35,CELEBRATION,822,1.5635391923990498,0.0,2.373923222140088,0.0,21.0,2.518056527537151,10.398476962659348,1.5183010647653203,2.048661800486618,0.6133644531501352,Lumpy
35,CLEANING,1679,474.38895486935866,457.0,158.11568991784185,0.0,1365.0,0.7218754566476516,1.5086053862218565,0.3333039024086296,1.0029779630732578,0.1077925261252032,Smooth
35,DAIRY,1679,158.15676959619952,161.5,72.76144037033895,0.0,433.0,0.1110114340441499,-0.107835715202408,0.4600589690574164,1.0029779630732578,0.2080567067471238,Smooth
35,DELI,1679,82.05997624703087,81.0,33.48932667917666,0.0,228.0,0.5382147735820858,0.4392121954686661,0.4081079255732818,1.0029779630732578,0.1630884444772257,Smooth
35,EGGS,1679,167.17814726840854,126.0,171.77924323406648,0.0,1601.0,3.139029799893414,13.393799170127943,1.0275221136243555,1.0029779630732578,1.0496977697175784,Erratic
35,FROZEN FOODS,1678,53.28256712114015,36.0,62.06983307430368,0.0,799.804,4.458195896804171,33.48048614144006,1.164918216722186,1.0035756853396902,1.3486364666693818,Erratic
35,GROCERY I,1679,1736.3983806413305,1617.0,1665.8885510453483,0.0,45361.0,21.325022272717085,505.2392032650792,0.959393057271282,1.0029779630732578,0.9147330340697376,Erratic
35,GROCERY II,1415,2.9970308788598574,2.0,2.994748486974181,0.0,29.0,2.289063618038772,9.11424757583081,0.9992384486589664,1.190106007067138,0.679243248604719,Erratic
35,HARDWARE,661,0.6437054631828979,0.0,1.0843913312678333,0.0,9.0,2.745165665322188,10.72856955684564,1.6846079326735717,2.5476550680786687,0.5064456496322208,Lumpy
35,HOME AND KITCHEN I,1134,7.14251781472684,4.0,10.232388720810413,0.0,116.0,3.621938191589417,21.73259913101653,1.432602477837731,1.4850088183421517,1.055442245247787,Lumpy
35,HOME AND KITCHEN II,1153,5.817102137767221,5.0,6.635114403409896,0.0,71.0,2.5479585928865696,13.644591016345109,1.140621953187164,1.4605377276669558,0.575459775364773,Lumpy
35,HOME APPLIANCES,287,0.1995249406175772,0.0,0.473125517506938,0.0,3.0,2.52866397035995,6.710164428133593,2.371260022287148,5.867595818815331,0.128720237875341,Intermittent
35,HOME CARE,1044,64.97446555819478,75.0,57.22899526517275,0.0,295.0,0.2009011393222506,-0.980003940324695,0.8807920892097905,1.6130268199233715,0.1009083559563395,Intermittent
35,LADIESWEAR,0,0.0,0.0,0.0,0.0,0.0,,,0.0,,,No Sales
35,LAWN AND GARDEN,8,0.0522565320665083,0.0,0.9334765763072682,0.0,27.0,21.757953872698973,527.0964188796902,17.863346868404133,210.5,0.5206611569301278,Lumpy
35,LINGERIE,878,1.5112826603325415,1.0,2.436459215578371,0.0,20.0,2.9273341440548526,11.912375341604026,1.6121796920703595,1.917995444191344,0.8765025603703693,Lumpy
35,"LIQUOR,WINE,BEER",1484,44.87826603325416,16.0,80.01512640745177,0.0,842.0,4.26872863143763,25.436780309379348,1.7829371203062696,1.1347708894878703,2.682562545179564,Erratic
35,MAGAZINES,342,0.2790973871733966,0.0,0.6273763507876392,0.0,5.0,2.651046084160127,8.174419136588524,2.2478761083850234,4.923976608187134,0.2292802169592168,Intermittent
35,MEATS,1679,161.2126288212589,158.33300000000003,56.156057542958585,0.0,397.004,0.5953828221505915,1.201648102192726,0.3483353503581415,1.0029779630732578,0.118008129384262,Smooth
35,PERSONAL CARE,1679,87.32719714964371,82.0,35.217771054998245,0.0,249.0,0.90157128412423,1.066813258536535,0.4032852559580706,1.0029779630732578,0.1591869816468998,Smooth
35,PET SUPPLIES,285,0.2707838479809976,0.0,0.7345084825909226,0.0,7.0,3.9239559510824304,20.3214770968804,2.712526930077233,5.908771929824561,0.4144736836924341,Intermittent
35,PLAYERS AND ELECTRONICS,592,0.7042755344418052,0.0,1.2983474825190024,0.0,15.0,3.0898146048079624,15.828310682009928,1.8435220551918288,2.8445945945945947,0.5462918984789404,Lumpy
35,POULTRY,1677,56.3091429587886,51.766000000000005,30.71585738029332,0.0,313.97998,1.039768331973932,3.2725903628066693,0.5454861460460885,1.0041741204531902,0.2921614977916491,Smooth
35,PREPARED FOODS,1676,17.37351543942993,17.0,8.407102344265756,0.0,53.0,0.6473081793862431,0.7471555791838087,0.4839033512297446,1.0047732696897376,0.2282994488031591,Smooth
35,PRODUCE,1016,217.84859973871733,243.2835,210.9971417980712,0.0,1227.668,0.703589189110271,0.2410057756130088,0.9685494515464768,1.65748031496063,0.1692977724106934,Intermittent
35,SCHOOL AND OFFICE SUPPLIES,127,0.75,0.0,3.986300024582413,0.0,49.0,7.195124342989377,60.18927865057992,5.315066692356463,13.25984251968504,1.2059035748645714,Lumpy
35,SEAFOOD,416,0.5486935866983373,0.0,1.294288367712147,0.0,13.0,3.5605341881462853,16.7589715849516,2.358854553306217,4.048076923076923,0.6215588158043389,Lumpy
36,AUTOMOTIVE,1417,3.6680522565320666,3.0,3.1198773891989813,0.0,18.0,1.1044718280079684,1.366249739432038,0.8505542370048164,1.1884262526464362,0.4501888580784919,Smooth
36,BABY CARE,48,0.0385985748218527,0.0,0.2630118498416255,0.0,6.0,10.882176944911976,179.47992655831965,6.814029902438016,35.083333333333336,0.3519526622020864,Intermittent
36,BEAUTY,1030,1.346793349168646,1.0,1.615592205182809,0.0,11.0,1.6403780843677758,3.275978325199871,1.1995843348799606,1.6349514563106795,0.4917889876679923,Lumpy
36,BEVERAGES,1553,1962.102137767221,2008.5,1159.1778826725174,0.0,6974.0,0.2092500162679392,-0.3059259865855379,0.590783660218125,1.0843528654217642,0.2440833387350546,Smooth
36,BOOKS,0,0.0,0.0,0.0,0.0,0.0,,,0.0,,,No Sales
36,BREAD/BAKERY,1553,455.6716152019002,467.0,182.19403044212245,0.0,1581.0,-0.4597529348076832,2.621208951269078,0.3998362512902972,1.0843528654217642,0.0696416866064507,Smooth
36,CELEBRATION,1001,4.802256532066508,3.0,6.047474072001546,0.0,64.0,2.252245458622151,9.966422701673189,1.2592984215568128,1.6823176823176824,0.5370655270114214,Lumpy
36,CLEANING,1553,814.2755344418052,826.0,358.351104842798,0.0,2369.0,-0.1911830019321017,1.076772714617766,0.4400858059526638,1.0843528654217642,0.1008183356779786,Smooth
36,DAIRY,1553,493.7304038004751,520.0,244.67126086386008,0.0,1330.0,-0.2604459569730921,-0.1032181793955926,0.495556398755302,1.0843528654217642,0.148681563047508,Smooth
36,DELI,1553,196.4363990771971,198.338,92.50891175641463,0.0,495.089,-0.1265171885573919,0.2956204859131524,0.470935693132864,1.0843528654217642,0.1267369377884949,Smooth
36,EGGS,1553,109.69774346793348,102.0,63.65044810212768,0.0,398.0,0.6806645382027849,0.9815705114965648,0.5802347987235813,1.0843528654217642,0.2326913722239167,Smooth
36,FROZEN FOODS,1553,97.94367393111638,63.446,171.67541254308867,0.0,4875.152,14.437070843624006,360.8273135450216,1.752797354345467,1.0843528654217642,2.7555104941074653,Erratic
36,GROCERY I,1553,3193.010013657957,3189.801,1415.218590881444,0.0,12774.617,0.0380400979625772,2.3854413935645136,0.4432239751292563,1.0843528654217642,0.1033746765302952,Smooth
36,GROCERY II,1446,5.84144893111639,4.0,6.75059014155566,0.0,76.0,3.993480292433314,26.803973040524383,1.155636250526953,1.1645919778699865,1.0054192266690496,Erratic
36,HARDWARE,548,0.4827790973871734,0.0,0.8754030608228404,0.0,8.0,2.7851700460393243,11.729451596565172,1.813257996767696,3.072992700729927,0.3953513699549039,Intermittent
36,HOME AND KITCHEN I,1167,20.267220902612827,15.0,37.94686050838578,0.0,1013.0,13.836723956582722,307.6407276786761,1.8723267826829373,1.4430162810625535,2.122353947365496,Lumpy
36,HOME AND KITCHEN II,1161,10.721496437054633,8.0,12.657144805416593,0.0,165.0,2.734045944634308,17.65779513562693,1.1805390113726677,1.450473729543497,0.6502693628686288,Lumpy
36,HOME APPLIANCES,241,0.1858669833729216,0.0,0.506972544082858,0.0,4.0,3.2303925496024672,12.03235694411513,2.7276094557260016,6.987551867219917,0.2078412555874187,Intermittent
36,HOME CARE,1045,141.2523752969121,170.0,125.31301838792872,0.0,863.0,0.4154680409004637,0.3314914869316516,0.8871568929275274,1.6114832535885169,0.1089456553141059,Intermittent
36,LADIESWEAR,51,0.0552256532066508,0.0,0.3710612742804806,0.0,7.0,9.557675430727391,120.38762246531412,6.719001877134734,33.01960784313726,0.3975026010208453,Intermittent
36,LAWN AND GARDEN,1320,8.045724465558195,5.0,12.720116094351184,0.0,194.0,4.946087012644082,43.973614887365805,1.5809783379013231,1.275757575757576,1.7430701346399429,Erratic
36,LINGERIE,1262,2.961995249406176,2.0,3.3647579435941317,0.0,50.0,3.151061943502988,26.39577679152448,1.135976819386434,1.3343898573692552,0.716472380183162,Lumpy
36,"LIQUOR,WINE,BEER",1390,119.40439429928742,59.5,202.39718308170072,0.0,3395.0,5.712239836100754,58.140961425880846,1.695056402804545,1.2115107913669063,2.1970133789150923,Erratic
36,MAGAZINES,544,0.5855106888361045,0.0,1.0701872493625124,0.0,8.0,2.3614562512247548,6.666854521423291,1.8277843051201648,3.0955882352941178,0.4022522203017464,Intermittent
36,MEATS,1553,189.5708094536817,188.1675,91.4271056126194,0.0,688.5,0.4867559007126891,2.632334327142316,0.482284724508051,1.0843528654217642,0.1367135134699837,Smooth
36,PERSONAL CARE,1553,221.08610451306413,219.5,104.81899485971044,0.0,936.0,0.2723046740489015,2.1268402160926083,0.4741093751237654,1.0843528654217642,0.129502893972365,Smooth
36,PET SUPPLIES,727,1.1199524940617578,0.0,1.7622610173382722,0.0,22.0,2.515903925385244,13.578436343396657,1.573514077702997,2.31636863823934,0.5006016308781983,Lumpy
36,PLAYERS AND ELECTRONICS,957,3.0498812351543942,2.0,3.892850043166189,0.0,41.0,1.9964097296467815,8.367354023385479,1.2763939779093485,1.7596656217345872,0.4941370423523193,Lumpy
36,POULTRY,1553,113.43865860748218,114.006,60.242291498000974,0.0,1190.24,3.8542831677660727,63.42018246617846,0.531056098837689,1.0843528654217642,0.1822909506637541,Smooth
36,PREPARED FOODS,1553,49.181147284441806,48.649,25.26515993795679,0.0,251.0,0.9896407580003946,6.268859739084874,0.513716359468409,1.0843528654217642,0.1655841362100077,Smooth
36,PRODUCE,1017,873.1175386520189,993.764,866.5621361937833,0.0,3987.331,0.8681031988262113,0.5253603522688062,0.9924919587924568,1.6558505408062931,0.1988040220724879,Intermittent
36,SCHOOL AND OFFICE SUPPLIES,560,4.804038004750594,0.0,22.80191125961138,0.0,341.0,7.042219409637445,60.44018026237987,4.746405259974366,3.007142857142857,6.824158683570152,Lumpy
36,SEAFOOD,723,0.9354271377672208,0.0,1.500263259172511,0.0,11.0,2.2766707255209333,6.598709974654728,1.6038269545500627,2.3291839557399725,0.5336963384521556,Lumpy
37,AUTOMOTIVE,1538,4.0492874109263655,3.0,4.049200761648069,0.0,63.0,4.344302346761625,43.03588403609913,0.9999786011044706,1.0949284785435631,0.8265642386183711,Erratic
37,BABY CARE,23,0.0213776722090261,0.0,0.1998075139649699,0.0,4.0,11.290871751212627,151.5600599850896,9.346551049372708,73.21739130434783,0.2067901231925582,Intermittent
37,BEAUTY,1627,4.324821852731591,4.0,2.729416863946339,0.0,18.0,1.0809805081481878,1.7553868850050025,0.6311050388332904,1.0350338045482483,0.3509641558740746,Smooth
37,BEVERAGES,1679,2090.2642517814725,2279.5,953.5745276043904,0.0,4982.0,0.0834084582057606,-1.0483211502065797,0.456198074856435,1.0029779630732578,0.2045296387179741,Smooth
37,BOOKS,97,0.1496437054631829,0.0,0.8357687325102869,0.0,13.0,8.434779088031387,87.04272842376474,5.585057683103516,17.36082474226804,0.8543398834440827,Lumpy
37,BREAD/BAKERY,1679,547.5058669299287,545.5025,116.50395568319531,0.0,1089.09,-0.093885101709281,1.3023970266158758,0.2127903328895159,1.0029779630732578,0.0421761636400925,Smooth
37,CELEBRATION,1013,7.586104513064133,6.0,8.44819742279619,0.0,74.0,1.5759405728045155,5.245084535131685,1.1136410534726742,1.6623889437314907,0.3475765732576328,Intermittent
37,CLEANING,1679,1053.9477434679334,1032.0,229.40135533563208,0.0,2004.0,0.2881150740382125,1.882331232712468,0.2176591360977604,1.0029779630732578,0.0442657147895168,Smooth
37,DAIRY,1678,884.6692399049881,919.5,226.65271702971475,0.0,2330.0,-0.2144503386498379,2.1210024489618533,0.2562005174428814,1.0035756853396902,0.0618418926493935,Smooth
37,DELI,1679,145.90916180522566,142.73000000000002,35.378023833875,0.0,368.821,0.3698689364044253,1.695548341436692,0.2424660891470181,1.0029779630732578,0.0556461291951221,Smooth
37,EGGS,1679,155.12589073634203,150.0,37.88328518509997,0.0,299.0,0.3003646833797831,0.6263929288916463,0.2442099446135891,1.0029779630732578,0.0564923019857181,Smooth
37,FROZEN FOODS,1677,193.44750909501187,161.21249999999998,248.90079614173357,0.0,7763.951,18.75000000539428,517.2563203585108,1.2866580567765238,1.0041741204531902,1.6444506993165833,Erratic
37,GROCERY I,1678,3641.480997624703,3571.5,785.86090529146,0.0,11530.0,1.269610098867721,12.692677215344448,0.2158080478255557,1.0035756853396902,0.0428442306790598,Smooth
37,GROCERY II,1679,46.57244655581948,45.0,16.643498254780525,0.0,148.0,0.993849707502509,2.8546233110361303,0.3573679178411868,1.0029779630732578,0.1243635156717003,Smooth
37,HARDWARE,1314,1.92458432304038,2.0,1.779305391878797,0.0,13.0,1.4667516262307907,3.7672861630553713,0.9245141247661254,1.2815829528158296,0.4472152296037046,Smooth
37,HOME AND KITCHEN I,1166,21.09679334916865,18.0,22.007734856587703,0.0,182.0,1.66421084137728,5.41994615016803,1.0431791453468342,1.444253859348199,0.4458834337405715,Intermittent
37,HOME AND KITCHEN II,1166,15.214370546318287,12.0,25.400773505447564,0.0,576.0,10.281964301554549,175.4474508173976,1.6695250997370212,1.444253859348199,1.6223326559184628,Lumpy
37,HOME APPLIANCES,445,0.333729216152019,0.0,0.6319126888986105,0.0,6.0,2.3019638995369247,7.442505623218054,1.8934892614174803,3.784269662921348,0.2116741172671471,Intermittent
37,HOME CARE,1044,156.60510688836104,207.0,130.58491743978627,0.0,570.0,-0.1044543816620864,-1.4065879320709591,0.8338483976262817,1.6130268199233715,0.0510074161771735,Intermittent
37,LADIESWEAR,1016,16.157363420427554,16.0,16.005887031082455,0.0,81.0,0.6677733942274865,-0.1463125016728628,0.9906249314077932,1.65748031496063,0.1953914245256325,Intermittent
37,LAWN AND GARDEN,1621,12.721496437054633,10.0,10.48747646511218,0.0,149.0,2.7731186738590843,21.879956518009823,0.8243901585147101,1.038864898210981,0.6167830257411175,Erratic
37,LINGERIE,1570,6.479809976247031,5.0,6.266939682214761,0.0,82.0,3.0343849776378384,19.283556549234422,0.9671486824799284,1.0726114649681529,0.8043593950588284,Erratic
37,"LIQUOR,WINE,BEER",1498,107.55878859857482,97.0,74.06716466284395,0.0,1249.0,3.639580126676093,44.24780420369655,0.6886202943265274,1.124165554072096,0.3113708247164777,Smooth
37,MAGAZINES,1005,4.727434679334917,3.0,5.437831133216778,0.0,25.0,0.9770713623447468,0.0197967999571675,1.150271024544655,1.6756218905472635,0.3864246125028555,Intermittent
37,MEATS,1679,249.4262785035629,238.504,72.18601739980708,0.0,664.356,1.1442143790640509,3.071656411064196,0.2894082284857829,1.0029779630732578,0.0805393165314708,Smooth
37,PERSONAL CARE,1679,255.3188836104513,244.0,76.76328546221298,0.0,612.0,0.8275115988534124,1.546492257457527,0.3006565138324538,1.0029779630732578,0.0871568264259731,Smooth
37,PET SUPPLIES,1016,6.374703087885986,6.0,6.2443590863097445,0.0,35.0,0.581215922061712,-0.3497614928720418,0.9795529296409914,1.65748031496063,0.1822305969640801,Intermittent
37,PLAYERS AND ELECTRONICS,1015,6.320665083135392,6.0,6.337257440068411,0.0,29.0,0.666635308402028,-0.3005076443801924,1.0026250965226216,1.6591133004926109,0.2086317937621746,Intermittent
37,POULTRY,1679,244.32092876187647,256.17,78.89136257081906,0.0,469.219,-0.4592153513002472,-0.2061345915553456,0.3229005512146951,1.0029779630732578,0.1009860701138104,Smooth
37,PREPARED FOODS,1679,132.1896318557007,131.724,37.51784671649781,0.0,281.178,0.2869156264560831,0.7579014880649266,0.2838183765968029,1.0029779630732578,0.0773445785220798,Smooth
37,PRODUCE,1563,1827.0049299881236,2428.8625,1593.4384949188684,0.0,6012.921,0.0697783974532633,-1.2405964448553126,0.8721588369924949,1.0774152271273192,0.6341527320331631,Erratic
37,SCHOOL AND OFFICE SUPPLIES,345,0.2933491686460807,0.0,0.6827904490553172,0.0,8.0,3.2694348358215093,16.45226269554519,2.327569053217668,4.881159420289855,0.3147650342273647,Intermittent
37,SEAFOOD,1678,19.924086456294532,19.058,8.011846052656116,0.0,133.181,2.245488150958202,24.290473363746017,0.4021186150656783,1.0035756853396902,0.1575603091555001,Smooth
38,AUTOMOTIVE,1659,6.495843230403801,6.0,4.167582940611047,0.0,38.0,1.4740169067428024,4.5297170831498175,0.6415768965086925,1.0150693188667872,0.3906645466499732,Smooth
38,BABY CARE,11,0.013064133016627,0.0,0.2817832056463681,0.0,11.0,35.63769528274471,1371.745410223337,21.569221908450647,153.0909090909091,2.0454545434090905,Lumpy
38,BEAUTY,1597,5.064726840855107,4.0,3.961958713739276,0.0,27.0,1.4374993004574843,2.801448698804273,0.7822650337225474,1.0544771446462116,0.5286614709498004,Erratic
38,BEVERAGES,1679,1823.498812351544,1702.0,1178.885163961514,0.0,12734.0,1.9991853030355224,10.632614120474235,0.6464962609109699,1.0029779630732578,0.4137473280340672,Smooth
38,BOOKS,88,0.096793349168646,0.0,0.5001322177236461,0.0,7.0,7.049789240631475,61.1806370940013,5.167010097824387,19.13636363636364,0.4474011060696661,Intermittent
38,BREAD/BAKERY,1679,533.6583806472685,498.7565,164.12076812424414,0.0,1333.444,0.8504752180090305,1.022415240439841,0.3075390063674748,1.0029779630732578,0.0913302991060406,Smooth
38,CELEBRATION,1013,9.27731591448931,8.0,10.517982945519584,0.0,114.0,1.9135316804975988,9.777703717286244,1.1337312474137986,1.6623889437314907,0.3747363697143825,Intermittent
38,CLEANING,1679,1070.0356294536816,976.0,354.4829862865728,0.0,4253.0,1.6424640710190808,8.043918395045377,0.3312814793533806,1.0029779630732578,0.1064524440418977,Smooth
38,DAIRY,1679,814.8266033254157,773.0,272.7897524302928,0.0,1727.0,0.4749036001796916,-0.0518716776757157,0.3347825798969581,1.0029779630732578,0.1087774774182596,Smooth
38,DELI,1679,169.0295405,159.20999999999998,52.520397207001984,0.0,395.68,0.7300067103432945,0.6658133615932909,0.3107172690130532,1.0029779630732578,0.0932894456653944,Smooth
38,EGGS,1679,120.4186460807601,108.0,47.29999682695138,0.0,292.0,0.9596792310371732,0.5766195256728297,0.3927962850108472,1.0029779630732578,0.1508616978796671,Smooth
38,FROZEN FOODS,1678,208.3682134982185,143.0,520.2040434976761,0.0,12646.774,16.52975136308652,347.2115391528736,2.496561422501361,1.0035756853396902,6.207048797594279,Erratic
38,GROCERY I,1679,3761.317111045131,3396.5,1200.082957491357,0.0,13531.0,1.3085235307456444,4.776340072747483,0.3190592343216655,1.0029779630732578,0.0985274209114935,Smooth
38,GROCERY II,1677,26.425178147268408,24.0,14.90702723794307,0.0,175.0,2.984910297780321,19.75977122230487,0.5641221093875539,1.0041741204531902,0.3127541603097187,Smooth
38,HARDWARE,1255,1.7185273159144894,1.0,1.624957874064508,0.0,10.0,1.2140775681776037,1.702128412284586,0.9455525426165586,1.3418326693227092,0.4115542531590149,Intermittent
38,HOME AND KITCHEN I,1166,22.744655581947743,20.0,24.55606075683257,0.0,450.0,4.181792434257219,56.63867921015376,1.079640914643829,1.444253859348199,0.4994763494063987,Lumpy
38,HOME AND KITCHEN II,1166,17.47209026128266,12.0,28.37682981681817,0.0,346.0,4.673137641920327,30.56019712928916,1.6241233527779892,1.444253859348199,1.5187931066416922,Lumpy
38,HOME APPLIANCES,191,0.1365795724465558,0.0,0.426683265976005,0.0,4.0,4.113346651812803,22.74732057723556,3.1240635419246496,8.81675392670157,0.2203780714676291,Intermittent
38,HOME CARE,1044,204.08432304038004,231.0,185.05267919506952,0.0,780.0,0.3654794560731762,-0.7852402507065226,0.906746174509192,1.6130268199233715,0.1296703827158965,Intermittent
38,LADIESWEAR,1016,17.41686460807601,14.0,19.93474152981495,0.0,98.0,1.2501394263444263,1.1392075265703374,1.144565452924682,1.65748031496063,0.3936998559097676,Intermittent
38,LAWN AND GARDEN,1600,8.546318289786223,7.0,9.153202104881158,0.0,218.0,8.391308706386035,166.05760911787624,1.0710111411073018,1.0525,1.039966617008103,Erratic
38,LINGERIE,1644,13.96793349168646,12.0,9.935130105783948,0.0,80.0,1.2508215436207986,2.544610931344203,0.7112813152343496,1.024330900243309,0.4701510117960191,Smooth
38,"LIQUOR,WINE,BEER",1499,78.73396674584323,65.0,67.14336956590708,0.0,1003.0,3.874464657318083,34.37768706888623,0.8527878416414111,1.123415610406938,0.5374960850246431,Erratic
38,MAGAZINES,1003,5.021971496437055,2.0,6.439476447724827,0.0,40.0,1.5576364948585446,2.52266456404202,1.2822606522181956,1.678963110667996,0.5748960556976473,Lumpy
38,MEATS,1679,185.27175659263656,176.4855,59.28394528322943,0.0,705.644,1.4383261757799288,6.673383935899549,0.3199837167478209,1.0029779630732578,0.0991164507801515,Smooth
38,PERSONAL CARE,1679,358.4964370546318,315.0,150.70962188866125,0.0,1253.0,1.1343088247095667,1.7791889098879228,0.4203936394081204,1.0029779630732578,0.1732369557244952,Smooth
38,PET SUPPLIES,1004,3.862232779097387,3.0,4.194218818714407,0.0,22.0,0.9799787826173868,0.5177856780964403,1.0859570247365171,1.6772908366533863,0.2992992106118806,Intermittent
38,PLAYERS AND ELECTRONICS,1012,5.911520190023753,5.0,6.344420581178003,0.0,47.0,1.0260938230331451,1.229325775766708,1.0732299605119475,1.6640316205533596,0.2931380160404753,Intermittent
38,POULTRY,1679,157.27770434026127,149.0525,63.58349072341935,0.0,520.769,0.6857217932532145,0.8387738612158517,0.4042752975682799,1.0029779630732578,0.1599841263301885,Smooth
38,PREPARED FOODS,1679,121.80974227612823,117.411,40.107496029102585,0.0,309.991,0.6139517998647389,0.7691349807305032,0.3292634503556733,1.0029779630732578,0.1051234030544876,Smooth
38,PRODUCE,1543,1428.41200760095,1692.4645,1284.357586431286,0.0,4699.391,0.1978246304494134,-1.202988596516594,0.8991506509298351,1.0913804277381725,0.657049959028237,Erratic
38,SCHOOL AND OFFICE SUPPLIES,335,0.3503562945368171,0.0,1.5426035666335485,0.0,48.0,21.149925811835697,593.2925834035776,4.40295660812935,5.026865671641791,3.055415107130693,Lumpy
38,SEAFOOD,1679,19.763655452850355,18.898,8.125661522779808,0.0,51.693,0.4481810400527793,0.2337297767845747,0.4111416302390946,1.0029779630732578,0.165566426338945,Smooth
39,AUTOMOTIVE,1669,8.859263657957245,8.0,8.83248852898038,0.0,255.0,16.09445320596266,400.7353280373217,0.9969777251239392,1.0089874176153386,0.9762036171966256,Erratic
39,BABY CARE,277,0.260688836104513,0.0,0.7198234809969785,0.0,9.0,4.255407537991974,27.27654537127717,2.761236303756241,6.07942238267148,0.4186258887105589,Intermittent
39,BEAUTY,1540,3.792755344418053,3.0,3.105113361481281,0.0,28.0,1.7297615587721946,6.010001176915935,0.8186959291303888,1.0935064935064935,0.5274376826917921,Erratic
39,BEVERAGES,1679,2271.213182897862,2281.0,1331.3204642101712,0.0,7387.0,0.5080071807589503,-0.3925739738886058,0.586171511434669,1.0029779630732578,0.3396077384398834,Smooth
39,BOOKS,0,0.0,0.0,0.0,0.0,0.0,,,0.0,,,No Sales
39,BREAD/BAKERY,1679,721.9429928741092,695.5,172.30956393602128,0.0,1302.0,0.4683228011746767,0.8170079197987854,0.2386747508273545,1.0029779630732578,0.0538273776662302,Smooth
39,CELEBRATION,1010,6.669833729216152,5.0,7.893306778299228,0.0,52.0,1.5743163246425511,3.462425705436803,1.1834338152299675,1.6673267326732673,0.439739163462608,Intermittent
39,CLEANING,1679,1295.0730403800476,1194.5,493.0096878014194,0.0,6263.0,2.831206516693009,18.06614591548557,0.3806809905149147,1.0029779630732578,0.1415186162527846,Smooth
39,DAIRY,1679,514.2125890736341,505.5,233.9070301399225,0.0,1530.0,0.4070960685301332,0.1372749766546301,0.4548839042639088,1.0029779630732578,0.2033358765532888,Smooth
39,DELI,1679,184.65444683610448,177.708,68.11725998677377,0.0,548.334,0.7094977727393862,0.9437137769134928,0.368890439161015,1.0029779630732578,0.1327069964960569,Smooth
39,EGGS,1679,385.58729216152017,301.0,349.36456073751737,0.0,2999.0,3.015590239452799,11.958524030837689,0.9060582852151274,1.0029779630732578,0.8155350199593594,Erratic
39,FROZEN FOODS,1679,90.4856128456057,68.0,128.6375473113728,0.0,2044.073,7.914402937956307,78.82204162801925,1.421635365717681,1.0029779630732578,2.012077258210692,Erratic
39,GROCERY I,1679,4275.520641330166,4016.771,1547.8255821901507,0.0,12835.0,1.2978072193106314,3.325716740005469,0.362020374133486,1.0029779630732578,0.127700500838559,Smooth
39,GROCERY II,1679,28.612232779097383,27.0,14.445281059776326,0.0,205.0,2.1773540763141432,15.385622784683992,0.5048638171930586,1.0029779630732578,0.2511615609837174,Smooth
39,HARDWARE,1282,1.846793349168646,1.0,1.798731521256429,0.0,14.0,1.6067078602942109,4.18335568179047,0.9739755241658044,1.313572542901716,0.4834569531068634,Smooth
39,HOME AND KITCHEN I,1165,22.45190023752969,20.0,25.574736828509685,0.0,369.0,4.368707817146808,44.56238013288813,1.1390900795390535,1.4454935622317595,0.5894406377155456,Lumpy
39,HOME AND KITCHEN II,1166,13.501781472684083,14.0,11.714107119834344,0.0,89.0,0.6303457061281267,0.5970881890599635,0.8675971495069711,1.444253859348199,0.2135849958562682,Intermittent
39,HOME APPLIANCES,522,0.418646080760095,0.0,0.7301833763529657,0.0,6.0,2.1595363772700544,6.271309624486516,1.74415433027126,3.2260536398467434,0.2529470344828247,Intermittent
39,HOME CARE,1044,202.64014251781472,235.0,180.5827724991925,0.0,1107.0,0.3336354461696069,-0.4592658642782878,0.8911500468493097,1.6130268199233715,0.1122867790205059,Intermittent
39,LADIESWEAR,985,4.586104513064133,3.0,5.833930710337586,0.0,33.0,1.6476384200501664,3.057647367203169,1.272088477802188,1.7096446700507617,0.5314346552218319,Lumpy
39,LAWN AND GARDEN,1602,7.732185273159144,6.0,6.267977259853804,0.0,48.0,1.337530242206634,2.8319968397998228,0.8106346443613162,1.0511860174781522,0.5764369950764786,Erratic
39,LINGERIE,1635,6.906769596199525,6.0,4.857736368785806,0.0,38.0,1.3601579405581292,2.9795327521159933,0.7033297260640435,1.0299694189602446,0.4511816332244019,Smooth
39,"LIQUOR,WINE,BEER",1498,64.21140142517815,47.0,66.61705332719244,0.0,1000.0,4.77136543720668,49.57863516103854,1.0374645599937573,1.124165554072096,0.846999052523026,Erratic
39,MAGAZINES,805,1.910332541567696,0.0,3.0084461679533363,0.0,20.0,2.191567757068036,5.668008084124251,1.5748285185518829,2.0919254658385094,0.6635797601666265,Lumpy
39,MEATS,1679,239.97381183729215,136.959,2222.5031744442226,0.0,89576.36,38.64651284254786,1547.4237623792208,9.261440477271204,1.0029779630732578,85.51663636572009,Erratic
39,PERSONAL CARE,1679,307.6003562945368,283.0,122.46382964908295,0.0,1153.0,1.2579189328555878,3.2167727653432365,0.3981264232718311,1.0029779630732578,0.1550649082632197,Smooth
39,PET SUPPLIES,955,2.700712589073634,2.0,3.2892215058497665,0.0,18.0,1.3459315744671154,1.769940884135191,1.2179087541336957,1.763350785340314,0.408285722181097,Intermittent
39,PLAYERS AND ELECTRONICS,1012,5.40083135391924,4.0,5.9363427781450175,0.0,36.0,1.1069073737252315,1.1532274222736012,1.099153516937354,1.6640316205533596,0.3269810662538736,Intermittent
39,POULTRY,1679,205.45291970190024,205.3375,80.82272763679858,0.0,586.579,0.1588201777899738,0.1822618669279818,0.3933880703845634,1.0029779630732578,0.1513255688914671,Smooth
39,PREPARED FOODS,1679,76.08967996199524,73.049,26.333990878974696,0.0,236.612,0.7959367921710087,1.7862489173701857,0.3460914921942335,1.0029779630732578,0.1164545605151341,Smooth
39,PRODUCE,1016,1062.7587151247033,1260.1864999999998,964.7448227518536,0.0,3956.626,0.2520943709932911,-1.0596919773822309,0.9077740874020904,1.65748031496063,0.1004980133374234,Intermittent
39,SCHOOL AND OFFICE SUPPLIES,770,1.858076009501188,0.0,4.164882606942779,0.0,55.0,6.151410866105716,56.18933175649797,2.2415028144189675,2.187012987012987,1.7545949230030196,Lumpy
39,SEAFOOD,1666,11.316864488123516,10.2365,7.542037862951656,0.0,69.569,1.356531769906464,4.241366494626193,0.6664423586763106,1.0108043217286915,0.4287091837626641,Smooth
4,AUTOMOTIVE,1573,4.018408551068884,3.0,2.8913859015463235,0.0,22.0,1.2034415548712822,2.4170782067389585,0.7195350756601613,1.070565797838525,0.4176902794946066,Smooth
4,BABY CARE,16,0.014251781472684,0.0,0.161012896247813,0.0,3.0,13.390510384549138,200.72216055441825,11.297737427330308,105.25,0.2222222219259259,Intermittent
4,BEAUTY,1597,4.09144893111639,4.0,2.895027769570504,0.0,19.0,1.1486146862580746,1.7623760413622325,0.7075800816785432,1.0544771446462116,0.4231409183644304,Smooth
4,BEVERAGES,1679,2178.228028503563,2121.0,1132.1333141969812,0.0,6056.0,0.7550361642096696,0.295731582705085,0.5197496769767646,1.0029779630732578,0.2663685280039229,Smooth
4,BOOKS,132,0.1579572446555819,0.0,0.664676877957418,0.0,9.0,5.841780701854376,43.841753970243865,4.20795434358683,12.757575757575758,0.4663350099956482,Intermittent
4,BREAD/BAKERY,1679,405.5118598990499,386.1445,122.93359632616188,0.0,872.599,0.9121704077745648,1.3157824562585343,0.3031565990609064,1.0029779630732578,0.0886619285317618,Smooth
4,CELEBRATION,1009,6.383016627078385,5.0,8.607844371513062,0.0,150.0,4.702689071021894,55.57023309513244,1.3485542766170835,1.6689791873141724,0.6888159293778191,Lumpy
4,CLEANING,1679,884.70783847981,842.0,229.4710537799513,0.0,2190.0,0.8488348326518815,2.173670996976596,0.2593749527233658,1.0029779630732578,0.0641064962484138,Smooth
4,DAIRY,1679,789.3028503562946,749.0,279.66610515384764,0.0,1739.0,0.6786043738830458,0.5067370572098051,0.3543204044268317,1.0029779630732578,0.122201075629208,Smooth
4,DELI,1679,216.0194528408551,201.368,69.14869496231339,0.0,521.084,0.7857676810460303,0.6093046643468374,0.3201040186549134,1.0029779630732578,0.0991932259218848,Smooth
4,EGGS,1679,172.06413301662707,156.5,57.711878933990455,0.0,403.0,1.0759846450255188,1.0554617725452955,0.3354091170649619,1.0029779630732578,0.1091961306921339,Smooth
4,FROZEN FOODS,1679,150.64404685510686,109.6015,217.4617877917853,0.0,4755.959,10.501423313766368,161.2821980820647,1.443547171827519,1.0029779630732578,2.074672177085615,Erratic
4,GROCERY I,1679,3346.997381235154,3141.5,994.9802323210558,0.0,8969.0,0.9438606763274032,1.5024713490989638,0.2972754738020074,1.0029779630732578,0.0851411969105394,Smooth
4,GROCERY II,1678,20.807600950118765,19.0,12.20698523566925,0.0,116.0,2.3182786414855823,10.684476606582292,0.5866599068458642,1.0035756853396902,0.3393806425729457,Smooth
4,HARDWARE,986,1.1365795724465555,1.0,1.3893441390742125,0.0,11.0,1.9206080113264403,5.698484576926017,1.222390558068165,1.7079107505070994,0.4604034066375158,Intermittent
4,HOME AND KITCHEN I,1164,13.824228028503564,11.0,17.05565800576925,0.0,239.0,4.057621397584001,36.235732012108734,1.2337512061700076,1.4467353951890034,0.7433333332590001,Lumpy
4,HOME AND KITCHEN II,1159,8.85748218527316,7.0,11.147621939039883,0.0,120.0,3.576836532053696,21.598340670506182,1.2585542600713169,1.45297670405522,0.7783897143799995,Lumpy
4,HOME APPLIANCES,489,0.3907363420427553,0.0,0.6956325779127964,0.0,4.0,1.9339817581470444,3.7577269503901656,1.7803119425639875,3.443762781186094,0.2107426942295017,Intermittent
4,HOME CARE,1044,153.75534441805226,185.0,134.5611702988544,0.0,559.0,0.1952380309822465,-0.9923882623635364,0.875164182469748,1.6130268199233715,0.0947817633748727,Intermittent
4,LADIESWEAR,1016,15.195368171021377,13.0,16.520064886883024,0.0,100.0,1.12275275950395,1.1047437391407584,1.087177664921654,1.65748031496063,0.3164290734096879,Intermittent
4,LAWN AND GARDEN,1592,9.363420427553445,7.0,8.788069092350963,0.0,123.0,2.842381715152332,20.49047766331352,0.9385532946434866,1.0577889447236182,0.7781262474808088,Erratic
4,LINGERIE,1414,4.603919239904988,3.0,6.071760797032082,0.0,103.0,5.636614423998786,60.79180402866302,1.3188243492817138,1.190947666195191,1.300099107797547,Erratic
4,"LIQUOR,WINE,BEER",1498,83.14489311163895,53.0,80.56727557977398,0.0,724.0,2.16223589374793,7.658569218177931,0.9689984864208918,1.124165554072096,0.7247976151444857,Erratic
4,MAGAZINES,934,3.4910926365795723,1.0,4.61002125329038,0.0,32.0,1.5426544754210814,2.7824587531045424,1.3205095744713833,1.802997858672377,0.5217686054219627,Lumpy
4,MEATS,1679,369.6379874406176,356.879,103.45437894855874,0.0,1024.884,0.598117309411108,1.197343993608624,0.2798802678929173,1.0029779630732578,0.075131263155247,Smooth
4,PERSONAL CARE,1679,228.0184085510689,209.0,87.6987137189942,0.0,709.0,1.1351017207320602,1.911292322220386,0.3846124278995126,1.0029779630732578,0.1445183862040074,Smooth
4,PET SUPPLIES,1007,4.244061757719715,4.0,4.589483137960164,0.0,25.0,0.9744168511184924,0.5428347519150085,1.08138933853419,1.6722939424031775,0.2972617115319186,Intermittent
4,PLAYERS AND ELECTRONICS,1008,5.402612826603326,4.0,5.896022477833925,0.0,31.0,1.016330930892009,0.6780979086665533,1.0913279677769323,1.6706349206349207,0.3114754794812009,Intermittent
4,POULTRY,1679,448.94392681710207,431.2085,157.83794667827678,0.0,964.961,0.3366758632504619,-0.1981561992668257,0.3515760816656013,1.0029779630732578,0.1202696196399718,Smooth
4,PREPARED FOODS,1679,99.71808730997624,91.551502,37.41822228527779,0.0,287.165,0.8383305636827157,0.9308816520973124,0.3752400722306981,1.0029779630732578,0.1374179232335164,Smooth
4,PRODUCE,1559,1567.451428800475,1863.5525,1396.6069539419595,0.0,4730.112,0.1387244649878605,-1.3395418319029972,0.8910049321335917,1.0801796023091723,0.6607328866899888,Erratic
4,SCHOOL AND OFFICE SUPPLIES,240,0.2078384798099762,0.0,0.687199095051077,0.0,16.0,9.377914771177958,173.0866078034647,3.306409344280058,7.016666666666667,0.7005714276106452,Lumpy
4,SEAFOOD,1679,32.702539016033256,31.074,11.908776423975574,0.0,81.924,0.6415897946731122,0.556625372218071,0.3641544901994563,1.0029779630732578,0.1292456409133542,Smooth
40,AUTOMOTIVE,1570,3.836104513064133,3.0,2.6704111132965345,0.0,17.0,0.911988638745917,0.9417982483099938,0.6961257451422737,1.0726114649681529,0.3840902335929836,Smooth
40,BABY CARE,249,0.2939429928741092,0.0,0.9103189838359602,0.0,12.0,4.851928351940408,34.21300022043992,3.0969235627566416,6.763052208835341,0.5659993872481399,Lumpy
40,BEAUTY,1015,1.2013064133016629,1.0,1.3974776067813417,0.0,8.0,1.4911165352044744,2.4855381574867046,1.163298214464056,1.6591133004926109,0.4183857947694002,Intermittent
40,BEVERAGES,1679,2306.492280285036,2416.0,1451.0717050410742,0.0,8513.0,0.507199895127996,0.0039772908176702,0.62912489126611,1.0029779630732578,0.3916538350789753,Smooth
40,BOOKS,0,0.0,0.0,0.0,0.0,0.0,,,0.0,,,No Sales
40,BREAD/BAKERY,1679,363.6318289786223,356.0,113.9156606958048,0.0,2585.0,4.508921109897779,85.03955057175155,0.3132719735108462,1.0029779630732578,0.0948788206896921,Smooth
40,CELEBRATION,982,5.580166270783848,3.0,9.1654163042036,0.0,103.0,4.1516326715674285,27.72020431774869,1.6424987818998504,1.7148676171079429,1.1563193637834135,Lumpy
40,CLEANING,1679,1379.8990498812352,1337.0,546.8459405382679,0.0,6363.0,2.155791585393381,13.625588550974602,0.3962941641165253,1.0029779630732578,0.1536136456751933,Smooth
40,DAIRY,1679,466.34619952494063,483.5,203.9564091766332,0.0,1312.0,-0.1336248087928693,-0.4190991668723125,0.4373497830237771,1.0029779630732578,0.1877377934214383,Smooth
40,DELI,1679,249.14500950118764,253.0,82.31041255426818,0.0,983.0,0.4453769812785043,3.4575469784256034,0.3303715082181706,1.0029779630732578,0.105852146585361,Smooth
40,EGGS,1679,141.666864608076,136.0,54.38920241279912,0.0,448.0,1.0694740454768563,2.6633883638432563,0.3839232453042843,1.0029779630732578,0.1439902974231303,Smooth
40,FROZEN FOODS,1678,70.48955167636579,48.490499,135.20012870084057,0.0,2297.539,8.871648381231521,97.74192840004676,1.9180165781115808,1.0035756853396902,3.6621173293249454,Erratic
40,GROCERY I,1679,4318.824785035629,4270.5,1423.5180336060675,0.0,17114.078,0.7494601968593435,4.071462403269389,0.3296077299866644,1.0029779630732578,0.1053495654779284,Smooth
40,GROCERY II,1646,8.843230403800476,8.0,6.658385174157219,0.0,69.0,2.6805985525600957,14.02321907524354,0.7529358468985236,1.023086269744836,0.531554509028443,Erratic
40,HARDWARE,898,1.0653206650831355,1.0,1.414804386829989,0.0,12.0,2.040866087667839,6.472968452797639,1.3280549527231087,1.8752783964365256,0.4737704892915377,Intermittent
40,HOME AND KITCHEN I,1166,21.26187648456057,20.0,21.886062014283368,0.0,209.0,2.118660222061379,9.549789401537533,1.0293570291947984,1.444253859348199,0.426048391895476,Intermittent
40,HOME AND KITCHEN II,1166,15.787410926365796,16.0,14.152417122132723,0.0,108.0,0.830254488556691,1.5964082643305435,0.8964368627157867,1.444253859348199,0.248810267829217,Intermittent
40,HOME APPLIANCES,318,0.2191211401425178,0.0,0.493511521552069,0.0,5.0,2.626680922416368,9.603214861517182,2.252231432251833,5.29559748427673,0.1467160197528521,Intermittent
40,HOME CARE,1044,211.32363420427552,261.0,183.40511507254524,0.0,1196.0,0.2534148017044861,-0.1355972502239844,0.8678873792904263,1.6130268199233715,0.0869183831805095,Intermittent
40,LADIESWEAR,0,0.0,0.0,0.0,0.0,0.0,,,0.0,,,No Sales
40,LAWN AND GARDEN,132,0.1377672209026128,0.0,0.8140825551634753,0.0,17.0,12.79222254767646,205.0812155488284,5.909116435104916,12.757575757575758,1.8153983332493036,Lumpy
40,LINGERIE,1579,8.03206650831354,7.0,6.269116532282608,0.0,59.0,1.6683462733879642,6.20042871518884,0.7805110334947162,1.0664977834072198,0.5088615264543271,Erratic
40,"LIQUOR,WINE,BEER",1498,69.40914489311164,34.0,102.33346096114124,0.0,1682.0,5.266592345143274,55.70540306191337,1.4743512705315398,1.124165554072096,1.8231710689158225,Erratic
40,MAGAZINES,682,0.929334916864608,0.0,1.4763758941889875,0.0,11.0,1.9663045092577809,4.469931215345132,1.58863706270862,2.469208211143695,0.4270840772441571,Intermittent
40,MEATS,1679,112.07384544536818,115.5375,37.80414148097026,0.0,243.157,-0.2736563009543713,0.0141703671600632,0.3373145744254939,1.0029779630732578,0.1104741710447331,Smooth
40,PERSONAL CARE,1679,284.33847980997626,273.5,124.39725717610668,0.0,1626.0,2.952977951464673,24.586101874550334,0.4374970888878777,1.0029779630732578,0.1878662808650083,Smooth
40,PET SUPPLIES,760,1.1377672209026128,0.0,1.765336261689333,0.0,16.0,2.2540295870875706,7.2391630793666035,1.551579468722326,2.2157894736842105,0.5377809541542841,Lumpy
40,PLAYERS AND ELECTRONICS,1003,4.157957244655582,3.0,4.570637424745128,0.0,30.0,1.0303219403568684,0.8134329958601021,1.099250702859134,1.678963110667996,0.3153071048042501,Intermittent
40,POULTRY,1679,150.6689547891924,150.0355,74.50309194766268,0.0,1729.643,6.927406681801867,127.33614109990094,0.4944820387943141,1.0029779630732578,0.2408173783568272,Smooth
40,PREPARED FOODS,1679,49.34085510688836,47.0,19.827886938764824,0.0,175.0,0.993280582693972,2.382874461636624,0.4018553568925652,1.0029779630732578,0.1580391300965754,Smooth
40,PRODUCE,1016,672.6015388064134,840.7185,612.786846004334,0.0,2662.7969,0.3577879266577602,-0.5988916284840227,0.911069646214107,1.65748031496063,0.1041144101300085,Intermittent
40,SCHOOL AND OFFICE SUPPLIES,129,2.005938242280285,0.0,10.71588218524553,0.0,159.0,7.192687898415458,64.0230590868006,5.342079807861873,13.054263565891471,1.2626949847969295,Lumpy
40,SEAFOOD,1246,3.1051068883610453,2.0,3.407968523054911,0.0,39.0,2.1164976646643354,10.441000028551024,1.0975366209554824,1.3515248796147672,0.631184647770667,Lumpy
41,AUTOMOTIVE,1624,4.827197149643705,4.0,3.2437327082771814,0.0,20.0,0.9788855051035662,0.9896698191170032,0.6719702152303082,1.0369458128078817,0.3998262515256682,Smooth
41,BABY CARE,27,0.0285035629453681,0.0,0.2609044985252761,0.0,4.0,11.306647368643436,142.18359181316708,9.153399168796684,62.37037037037037,0.3593749995957032,Intermittent
41,BEAUTY,1577,4.330760095011876,4.0,3.2382407971397567,0.0,21.0,1.1857932524781214,1.8156111105833777,0.7477303580315607,1.067850348763475,0.4600366897600649,Smooth
41,BEVERAGES,1679,1518.6003562945368,1431.0,942.4922859364708,0.0,11371.0,1.741269057386562,9.461909852579584,0.6206322038772465,1.0029779630732578,0.3810715524049446,Smooth
41,BOOKS,40,0.0302850356294536,0.0,0.2116773067079168,0.0,3.0,8.395689513129705,82.28323931662527,6.989501425996305,42.1,0.1841599381963197,Intermittent
41,BREAD/BAKERY,1679,416.9028300771971,408.7125,186.10208043693137,0.0,4551.298,6.8800944243390125,143.5548446894512,0.4463919815608467,1.0029779630732578,0.195705035758838,Smooth
41,CELEBRATION,1013,7.275534441805226,6.0,7.933143740503105,0.0,51.0,1.1312150913133148,1.4645157226368315,1.0903863905624402,1.6623889437314907,0.3167450909834171,Intermittent
41,CLEANING,1679,865.8485748218527,790.0,385.94985735336206,0.0,6886.0,4.468637559601159,48.28046811050483,0.4457475228071202,1.0029779630732578,0.195131795733322,Smooth
41,DAIRY,1679,554.8794536817102,536.0,230.6203764499265,0.0,1485.0,0.5303167201041593,0.4079801071093083,0.4156224832606602,1.0029779630732578,0.1692600353833624,Smooth
41,DELI,1679,194.8576500285036,183.6325,64.29406548246205,0.0,490.595,0.8842746965322638,1.1862390941250016,0.3299540227069721,1.0029779630732578,0.105577288759987,Smooth
41,EGGS,1679,117.333135391924,111.0,39.03935610187048,0.0,289.0,0.8941284756483067,1.152135138982353,0.3327223462591014,1.0029779630732578,0.1074063444992074,Smooth
41,FROZEN FOODS,1679,179.36167208491688,126.8325,292.3079118614522,0.0,4253.371,8.412818259207333,87.35363353573096,1.6297122370794606,1.0029779630732578,2.645106981697093,Erratic
41,GROCERY I,1679,2905.5581947743467,2671.5,1129.2928208028825,0.0,11044.0,1.2497655489659356,3.283256927342757,0.3886663921698521,1.0029779630732578,0.1476439231778591,Smooth
41,GROCERY II,1678,22.700712589073635,21.0,12.650546145601895,0.0,191.0,2.842183827361368,22.69648251882648,0.557275287963146,1.0035756853396902,0.3058863080478299,Smooth
41,HARDWARE,782,0.7695961995249406,0.0,1.0696091493775248,0.0,8.0,1.7927233610178246,4.116694924669074,1.3898316398235149,2.153452685421995,0.3613635493276655,Intermittent
41,HOME AND KITCHEN I,1165,16.836104513064132,14.0,20.499069627888712,0.0,338.0,4.68251158310449,51.87741899756929,1.21756607122299,1.4454935622317595,0.7173837385006997,Lumpy
41,HOME AND KITCHEN II,1166,19.395486935866984,15.0,27.116321588608955,0.0,380.0,4.857632913160817,39.27233710472133,1.3980737723612493,1.444253859348199,1.0457693458347868,Lumpy
41,HOME APPLIANCES,380,0.3171021377672209,0.0,0.6694324618076088,0.0,4.0,2.4037746500884585,6.128803103125275,2.1110941238369487,4.431578947368421,0.2313260106963159,Intermittent
41,HOME CARE,1044,143.0332541567696,162.0,131.41512379153485,0.0,1436.0,0.8334306868894648,4.462854878789704,0.9187732221108552,1.6130268199233715,0.143281817078138,Intermittent
41,LADIESWEAR,995,8.032660332541568,4.0,10.602267596877091,0.0,64.0,1.832157358450036,3.811165952612126,1.3198949235542483,1.692462311557789,0.6201971475392506,Lumpy
41,LAWN AND GARDEN,1581,9.65083135391924,7.0,12.601339540549413,0.0,249.0,8.096417385493378,119.36956564014837,1.3057258050754594,1.0651486401012018,1.539476441351174,Erratic
41,LINGERIE,1651,8.779691211401426,8.0,6.052191130644069,0.0,41.0,1.2279825333286518,2.1202580356619256,0.689339862214661,1.0199878861296183,0.446281338930773,Smooth
41,"LIQUOR,WINE,BEER",1498,70.64014251781472,49.0,78.55544786059248,0.0,1218.0,4.185592540847965,36.66327596376639,1.1120510953056124,1.124165554072096,0.9896158803972416,Erratic
41,MAGAZINES,1012,5.573040380047506,3.0,6.570918439677003,0.0,36.0,1.226458019828494,1.1890341250607914,1.179054517893505,1.6640316205533596,0.4363726788512255,Intermittent
41,MEATS,1679,171.86332550653208,159.9065,57.76817058938383,0.0,494.545,0.9640123881359032,1.5471684584030907,0.3361285510959817,1.0029779630732578,0.1096778232809785,Smooth
41,PERSONAL CARE,1679,260.4388361045131,226.0,174.12989100973846,0.0,3304.0,7.807111002979207,115.88383283487478,0.6686018629694391,1.0029779630732578,0.4427320484014925,Smooth
41,PET SUPPLIES,1004,4.568289786223278,3.0,5.230503141039397,0.0,31.0,1.1772437840724077,1.102795508457942,1.1449587011025912,1.6772908366533863,0.3777756231292307,Intermittent
41,PLAYERS AND ELECTRONICS,1000,4.621733966745843,3.0,5.324396218645058,0.0,55.0,1.5242069432779473,5.381653062767683,1.1520343351224789,1.684,0.3819377136045934,Intermittent
41,POULTRY,1679,158.1133317351544,157.0235,61.27031636795653,0.0,806.805,1.385050583991604,9.808897142747115,0.3875088564334287,1.0029779630732578,0.1467481401985483,Smooth
41,PREPARED FOODS,1679,59.51732482304038,57.094,19.363366944599605,0.0,164.307,0.6340209132810705,0.9375259741266372,0.3253400081715082,1.0029779630732578,0.1025627298217877,Smooth
41,PRODUCE,1574,1158.971672090261,1452.6375,1008.5543427246024,0.0,3785.668,0.0177659923249951,-1.4396559755067542,0.8702148352813109,1.0698856416772553,0.6424875623052628,Erratic
41,SCHOOL AND OFFICE SUPPLIES,384,0.5647268408551069,0.0,4.3421062222813145,0.0,138.0,27.153570558230445,791.8370401027902,7.68886105717528,4.385416666666667,12.708750864625245,Lumpy
41,SEAFOOD,1656,7.820233193824228,7.156000000000001,4.428339199229991,0.0,33.0,0.9136111102378216,1.4381166635239246,0.5662668988133064,1.0169082125603863,0.2986995132747356,Smooth
42,AUTOMOTIVE,671,1.678147268408551,0.0,2.6888919716714432,0.0,17.0,1.860985683419668,3.557801458436097,1.6022979750872048,2.5096870342771984,0.4214357227826472,Intermittent
42,BABY CARE,17,0.014251781472684,0.0,0.1572816082765305,0.0,3.0,13.463616324318997,207.4972436763772,11.035925406382464,99.05882352941175,0.2395833329939235,Intermittent
42,BEAUTY,708,2.365795724465558,0.0,3.5897609268189,0.0,26.0,1.7235066117169395,3.2366787537730444,1.5173587846907115,2.378531073446328,0.388410569852757,Intermittent
42,BEVERAGES,722,1109.9940617577197,0.0,1389.479459158418,0.0,5818.0,0.7901001983188694,-0.6447007293858995,1.2517899933238117,2.332409972299169,0.1005690328351132,Intermittent
42,BOOKS,120,0.1799287410926365,0.0,0.8251112324959902,0.0,10.0,6.252106672958044,46.63765380865056,4.585766692411935,14.033333333333331,0.5697807399989713,Lumpy
42,BREAD/BAKERY,722,226.3856021377672,0.0,275.5116185247462,0.0,1050.002,0.6150361822249681,-1.1479757705848834,1.2170015050509542,2.332409972299169,0.0637463793996202,Intermittent
42,CELEBRATION,721,5.183491686460807,0.0,7.627160379628955,0.0,82.0,1.978477774279182,7.746797053338723,1.4714329335338834,2.335644937586685,0.3551352894660697,Intermittent
42,CLEANING,722,361.30106888361047,0.0,454.13597869856255,0.0,4296.0,1.0438213236476634,2.32331203931947,1.2569461255693128,2.332409972299169,0.1061149597335667,Intermittent
42,DAIRY,722,369.93705463182897,0.0,450.595245880743,0.0,2132.0,0.6278396537574639,-1.06998606666856,1.2180322036892712,2.332409972299169,0.0648224277585323,Intermittent
42,DELI,722,68.15505285866985,0.0,84.3065254976001,0.0,346.452,0.702782818331554,-0.9257537721331032,1.236981294273014,2.332409972299169,0.0847675805165982,Intermittent
42,EGGS,722,56.55760095011876,0.0,69.72237707528629,0.0,295.0,0.6888239812511834,-0.9497311257742896,1.232767583892844,2.332409972299169,0.0803057549372828,Intermittent
42,FROZEN FOODS,722,70.70755465795725,0.0,135.68195544521055,0.0,1792.702,6.075012546831094,54.56162374564513,1.9189173787672815,2.332409972299169,1.0074703685112616,Lumpy
42,GROCERY I,722,1387.9486763657958,0.0,1722.4250014035688,0.0,13494.0,0.8448911096623554,0.3767231072220092,1.240986090287088,2.332409972299169,0.0890223015914641,Intermittent
42,GROCERY II,722,12.27790973871734,0.0,19.275689867261203,0.0,417.0,6.36510494133675,115.16577131579427,1.5699488166871771,2.332409972299169,0.4854761077549835,Intermittent
42,HARDWARE,437,0.4809976247030879,0.0,0.9833506888142742,0.0,8.0,2.5559806405435026,7.92886886128519,2.044398217926508,3.8535469107551488,0.3441030327029351,Intermittent
42,HOME AND KITCHEN I,722,9.163895486935868,0.0,15.247225611998603,0.0,195.0,3.882666744044893,31.908228315519,1.6638366982765518,2.332409972299169,0.6156475935862142,Lumpy
42,HOME AND KITCHEN II,722,11.76959619952494,0.0,35.365420220080566,0.0,690.0,9.746205250858614,133.89705223556695,3.0048116874649637,2.332409972299169,3.2997986619880626,Lumpy
42,HOME APPLIANCES,146,0.1110451306413301,0.0,0.3991042230559424,0.0,4.0,4.3654385261503,22.589316252889432,3.59407222231973,11.534246575342468,0.2066115699253104,Intermittent
42,HOME CARE,722,93.55106888361044,0.0,119.05725435592733,0.0,555.0,0.8960991468166515,-0.2822146876930138,1.272644511446226,2.332409972299169,0.123140478585721,Intermittent
42,LADIESWEAR,722,8.118171021377671,0.0,12.427592757166314,0.0,78.0,1.8045803768116813,3.22895560657631,1.5308365299166224,2.332409972299169,0.4334789001531748,Intermittent
42,LAWN AND GARDEN,719,11.252969121140142,0.0,17.29577535421756,0.0,192.0,2.289378447386554,10.260730973649483,1.5369966065390013,2.3421418636995828,0.4355913367022788,Intermittent
42,LINGERIE,665,1.9685273159144892,0.0,3.4221345268067163,0.0,32.0,2.5326345501124394,9.530715873100249,1.7384236923725502,2.532330827067669,0.5883062724993061,Lumpy
42,"LIQUOR,WINE,BEER",680,34.415083135391924,0.0,52.33338484345926,0.0,412.0,1.816098306395939,4.122701322636531,1.520652576547746,2.476470588235294,0.3375423372326148,Intermittent
42,MAGAZINES,701,3.7672209026128263,0.0,5.488421768757582,0.0,38.0,1.439718068156015,1.745000980923952,1.4568887541195408,2.4022824536376604,0.2998158639169873,Intermittent
42,MEATS,722,92.23986400712587,0.0,112.36351915944354,0.0,411.872,0.6093264366813169,-1.1918594464907113,1.2181665743733625,2.332409972299169,0.0649627777499042,Intermittent
42,PERSONAL CARE,722,101.43289786223278,0.0,133.17670252667293,0.0,735.0,1.1001329183590456,0.5096698735700955,1.3129537391926036,2.332409972299169,0.1678253624535364,Intermittent
42,PET SUPPLIES,716,3.0878859857482186,0.0,4.342451396333477,0.0,20.0,1.287943923580383,0.8493938877833207,1.4062861825110362,2.35195530726257,0.2660278105776276,Intermittent
42,PLAYERS AND ELECTRONICS,715,3.670427553444181,0.0,5.379984419937083,0.0,32.0,1.5392321969215337,2.095429734014119,1.4657650478410773,2.355244755244755,0.3367898047320115,Intermittent
42,POULTRY,722,102.22043106294537,0.0,124.1557152498106,0.0,494.01102,0.5924566893053766,-1.2322274914907227,1.2145880618732992,2.332409972299169,0.0612303109100734,Intermittent
42,PREPARED FOODS,722,34.51322565736342,0.0,42.83915972164868,0.0,159.36,0.7124018877713413,-0.9258168478516952,1.2412389425926544,2.332409972299169,0.0892913951093131,Intermittent
42,PRODUCE,722,1119.303726365796,0.0,1351.75639592982,0.0,5182.967,0.557930052029052,-1.3265612442236945,1.207676133016687,2.332409972299169,0.0540521055298027,Intermittent
42,SCHOOL AND OFFICE SUPPLIES,263,0.2440617577197149,0.0,0.687818428773416,0.0,8.0,4.141026016045461,24.53709190895873,2.8182146698505086,6.403041825095057,0.3965759136771972,Intermittent
42,SEAFOOD,722,8.2164162706057,0.0,10.57381583695339,0.0,55.108,0.9340063113341992,-0.1321718389175994,1.2869133558257502,2.332409972299169,0.1387989321421687,Intermittent
43,AUTOMOTIVE,1592,5.962589073634204,5.0,4.252052956141111,0.0,28.0,1.0557656379906308,1.3998063803107188,0.7131219178309665,1.0577889447236182,0.4261284136531748,Smooth
43,BABY CARE,52,0.0451306413301662,0.0,0.290966600326033,0.0,5.0,8.59487647037604,93.09503502598184,6.44720715910451,32.38461538461539,0.3144044317027264,Intermittent
43,BEAUTY,960,1.1959619952494065,1.0,1.622535138013991,0.0,12.0,2.414355535251681,8.368497754781194,1.3566778401841684,1.7541666666666669,0.6193300317847376,Lumpy
43,BEVERAGES,1675,2972.4055819477435,2838.0,1276.7857305183602,0.0,7910.0,0.573069406366177,0.5108903034153642,0.4295462699546152,1.0053731343283585,0.1781794814153673,Smooth
43,BOOKS,0,0.0,0.0,0.0,0.0,0.0,,,0.0,,,No Sales
43,BREAD/BAKERY,1675,303.8402612826603,256.0,146.3479812277331,0.0,994.0,1.5165957454367156,2.38680936641676,0.4816609247551463,1.0053731343283585,0.225412938111843,Smooth
43,CELEBRATION,991,5.383016627078385,4.0,6.58075878218973,0.0,65.0,1.8126650441890728,6.445866091156088,1.2225038926805083,1.6992936427850656,0.4679721651356253,Intermittent
43,CLEANING,1675,1011.4774346793348,965.0,308.99433088923354,0.0,2255.0,0.5326929588748502,0.9020623964186972,0.3054881110490491,1.0053731343283585,0.0874798108890433,Smooth
43,DAIRY,1675,353.7814726840855,320.5,215.01564266956385,0.0,1362.0,0.944098001870071,1.4225150056872558,0.6077639991649804,1.0053731343283585,0.3620585551014023,Smooth
43,DELI,1674,233.44691212589075,231.0,97.59635794615755,0.0,620.17,0.3951554774395463,-0.0236195703404811,0.4180666047666922,1.005973715651135,0.1678035596196583,Smooth
43,EGGS,1674,140.33372921615202,121.0,86.94406167165576,0.0,722.0,1.4690014204127178,3.695992405328121,0.6195521358740405,1.005973715651135,0.375627243074123,Smooth
43,FROZEN FOODS,1674,50.93647097957245,37.419,73.08033382839108,0.0,1086.488,7.233948451506178,66.5468689194368,1.434734924142359,1.005973715651135,2.040302400520321,Erratic
43,GROCERY I,1675,3297.0727250593827,3147.0,1084.8641873428523,0.0,9276.0,0.8738351925751859,2.1614623778221844,0.3290385981167534,1.0053731343283585,0.1023433601008464,Smooth
43,GROCERY II,1418,4.290380047505939,3.0,5.546874542950413,0.0,102.0,6.032665167966466,72.69470766297981,1.29286321496904,1.1875881523272214,1.2495132572530951,Erratic
43,HARDWARE,950,1.1912114014251782,1.0,1.5412826522791985,0.0,13.0,2.236442757727146,8.207071071783698,1.2938783570584638,1.7726315789473683,0.5085600621022461,Lumpy
43,HOME AND KITCHEN I,1159,14.652019002375296,11.0,16.67130329055934,0.0,126.0,2.0740859700717342,7.212812979753945,1.137816111671632,1.45297670405522,0.5792582893262906,Lumpy
43,HOME AND KITCHEN II,1152,9.82957244655582,9.0,9.104307380648518,0.0,50.0,0.6805485316042871,0.0272989348119909,0.9262160108410776,1.4618055555555556,0.2709461198837071,Intermittent
43,HOME APPLIANCES,204,0.1371733966745843,0.0,0.3954258546341725,0.0,3.0,3.2682707082561206,12.592096861490267,2.8826715772706817,8.254901960784315,0.1277899587330831,Intermittent
43,HOME CARE,1039,137.4851543942993,170.0,117.85839521880052,0.0,519.0,0.0297684708331092,-1.2814918862084008,0.8572445202333074,1.620789220404235,0.0703848135459667,Intermittent
43,LADIESWEAR,0,0.0,0.0,0.0,0.0,0.0,,,0.0,,,No Sales
43,LAWN AND GARDEN,238,1.0089073634204275,0.0,3.4309325745467403,0.0,49.0,5.964296648441676,55.565517010452666,3.400641818605079,7.07563025210084,0.7757237662471029,Lumpy
43,LINGERIE,1205,3.48812351543943,2.0,4.251921632796432,0.0,36.0,2.102359005923985,6.608639674629067,1.2189710635983049,1.397510373443983,0.7787992858824052,Lumpy
43,"LIQUOR,WINE,BEER",1492,90.541567695962,53.5,129.88830413103557,0.0,1744.0,4.716541796927222,37.68549247574722,1.4345709648607483,1.128686327077748,1.7093389721009309,Erratic
43,MAGAZINES,648,1.1633016627078383,0.0,2.418762276817413,0.0,29.0,4.120756146344901,25.54578520288464,2.079221883950543,2.598765432098765,1.0483432566016817,Lumpy
43,MEATS,1674,147.98778914014252,145.904,45.39539102676766,0.0,353.515,0.2226194777201318,1.0357832642125515,0.3067509237770426,1.005973715651135,0.0875991213448186,Smooth
43,PERSONAL CARE,1674,220.78859857482183,210.0,79.8772764929817,0.0,766.0,0.9589759408265616,2.35017054344416,0.3617817088754732,1.005973715651135,0.1241705297885756,Smooth
43,PET SUPPLIES,426,0.671021377672209,0.0,1.526049703607418,0.0,14.0,3.000356255460622,10.79238497915547,2.274219200924873,3.953051643192489,0.561343879285426,Lumpy
43,PLAYERS AND ELECTRONICS,914,2.6870546318289787,1.0,3.4697605959510938,0.0,20.0,1.4614954802804372,2.042082919617404,1.291287699758478,1.8424507658643323,0.4477585908267159,Intermittent
43,POULTRY,1674,169.4021885391924,153.852,299.7974162589749,0.0,12143.201,37.84201316532166,1508.0494206443968,1.7697375626752598,1.005973715651135,3.107434395609,Erratic
43,PREPARED FOODS,1674,59.88889371021378,54.0,31.70281716009148,0.0,252.804,1.8579944800272896,5.974826797972598,0.5293605407534077,1.005973715651135,0.2726203102417507,Smooth
43,PRODUCE,1012,490.215265047506,516.164985,494.9935215452289,0.0,2884.438,0.8951107700227204,0.7205058007860643,1.0097472617386771,1.6640316205533596,0.2136725694674285,Intermittent
43,SCHOOL AND OFFICE SUPPLIES,324,1.7315914489311164,0.0,7.175136840415778,0.0,108.0,7.673630882204999,75.19278246067762,4.143666129040548,5.197530864197531,2.49588477310791,Lumpy
43,SEAFOOD,611,0.7428741092636579,0.0,1.3549558216740276,0.0,11.0,2.731506391967764,9.570438711335209,1.823937330637532,2.756137479541735,0.5698590602362834,Lumpy
44,AUTOMOTIVE,1679,18.871733966745843,17.0,9.728325519888443,0.0,89.0,1.0706800056870849,2.80421495437722,0.5154971735249856,1.0029779630732578,0.2619792084307214,Smooth
44,BABY CARE,0,0.0,0.0,0.0,0.0,0.0,,,0.0,,,No Sales
44,BEAUTY,1670,11.652019002375296,10.0,8.314058263401806,0.0,136.0,3.124106632019386,31.811846083766767,0.7135294115975465,1.008383233532934,0.4965780578576092,Erratic
44,BEVERAGES,1679,7967.849762470309,7585.5,3883.917494019447,0.0,25413.0,0.9162288099404056,0.6846572994934923,0.4874486354289404,1.0029779630732578,0.233931569532542,Smooth
44,BOOKS,166,0.3135391923990498,0.0,1.706570247875623,0.0,51.0,17.7907532642271,474.2789596551697,5.442924788364893,10.144578313253012,2.018896348592802,Lumpy
44,BREAD/BAKERY,1679,1385.4265311579577,1295.9165,481.8126995456876,0.0,3361.502,0.8903923043789426,0.929960909101557,0.347772103904084,1.0029779630732578,0.1176172134621501,Smooth
44,CELEBRATION,1016,22.430522565320665,19.0,38.5952785866433,0.0,919.0,13.443332724401996,280.97599987839044,1.7206589134304855,1.65748031496063,1.3895711223586646,Lumpy
44,CLEANING,1679,2558.3491686460807,2408.5,677.5165347084504,0.0,5869.0,0.7100891323217441,1.1861665250489466,0.2648256707925205,1.0029779630732578,0.066955282478672,Smooth
44,DAIRY,1679,2540.352731591449,2369.0,851.6970457655102,0.0,5636.0,0.6639833896183862,0.1985276602472612,0.3352672387474373,1.0029779630732578,0.1091012587841706,Smooth
44,DELI,1679,596.6116615023752,529.6565,208.24706413766776,0.0,1368.412,0.8149033636772237,0.1139763150076742,0.3490496039130634,1.0029779630732578,0.11850476011898,Smooth
44,EGGS,1679,648.375296912114,588.0,205.1400755609661,0.0,1375.0,0.7404408350753494,0.1790932430176659,0.3163909490963473,1.0029779630732578,0.0968368929056375,Smooth
44,FROZEN FOODS,1679,606.3506477019002,468.0365000000001,658.0035796651897,0.0,10092.619,7.124491035590054,64.55862654120362,1.0851865701108288,1.0029779630732578,1.1711642450013342,Erratic
44,GROCERY I,1679,9730.43648337292,8804.0,3575.0241489591285,0.0,46271.0,1.8629830966898595,9.824374024406694,0.3674063496604345,1.0029779630732578,0.1316175106111542,Smooth
44,GROCERY II,1679,81.52019002375297,76.0,32.72298176138316,0.0,369.0,1.753974742539681,8.891339465705249,0.4014095373360523,1.0029779630732578,0.1576820821731442,Smooth
44,HARDWARE,1553,4.176959619952494,3.0,3.28742529996995,0.0,31.0,1.49655635693979,4.571804041600956,0.7870378452977004,1.0843528654217642,0.4934516444158444,Erratic
44,HOME AND KITCHEN I,1166,80.06057007125891,70.0,102.94467249413358,0.0,1935.0,7.384309323458767,107.85471634926792,1.2858348672913589,1.444253859348199,0.8371917712306197,Lumpy
44,HOME AND KITCHEN II,1166,60.37885985748218,38.0,81.98214816182478,0.0,1568.0,6.4985622868195705,92.26071236599678,1.357795565434277,1.444253859348199,0.968912029651976,Lumpy
44,HOME APPLIANCES,1117,1.9097387173396676,2.0,1.989921202595463,0.0,11.0,1.1588282968572603,1.327961740592091,1.0419861018084746,1.507609668755595,0.3834715180747511,Intermittent
44,HOME CARE,1044,399.1490498812352,436.5,375.6404883365471,0.0,2214.0,0.6712963828638584,0.3801193815195587,0.9411033007528792,1.6130268199233715,0.1690291812885888,Intermittent
44,LADIESWEAR,1016,19.86104513064133,18.0,20.778887463682143,0.0,100.0,0.8918735770580921,0.2844270034661988,1.0462131940165913,1.65748031496063,0.2637025179196877,Intermittent
44,LAWN AND GARDEN,1624,12.958432304038006,10.0,12.433459241346506,0.0,147.0,2.731263751701569,15.826966449090442,0.9594879186514408,1.0369458128078817,0.8521865292535532,Erratic
44,LINGERIE,1678,19.28087885985748,16.0,13.954629236828332,0.0,216.0,3.670067071036128,31.39159000196881,0.7237548317964861,1.0035756853396902,0.5183917653739691,Erratic
44,"LIQUOR,WINE,BEER",1498,328.9204275534442,267.5,223.2428155918044,0.0,1591.0,0.982205114636007,1.5566983129469163,0.6787137462140517,1.124165554072096,0.2993213891049514,Smooth
44,MAGAZINES,1060,11.431116389548691,6.0,13.862169540132422,0.0,74.0,1.3555298854344746,1.6560499406758344,1.2126697923917331,1.588679245283019,0.5551081395914212,Lumpy
44,MEATS,1679,971.8592716270782,868.4280000000001,310.8476949518873,0.0,2093.967,0.562379508073188,-0.2984725267013353,0.3198484636887283,1.0029779630732578,0.0990301684659584,Smooth
44,PERSONAL CARE,1679,559.1692399049881,472.5,291.18617756331656,0.0,3223.0,2.0681783850511986,8.266502992985979,0.5207478465951974,1.0029779630732578,0.267404037311537,Smooth
44,PET SUPPLIES,1010,20.27731591448931,19.0,21.18075547039984,0.0,106.0,0.9146295775991412,0.4845603853036788,1.0445541983305795,1.6673267326732673,0.2541593872125383,Intermittent
44,PLAYERS AND ELECTRONICS,1016,26.31650831353919,27.0,25.8622825939102,0.0,156.0,0.717109998402573,0.2586702300000461,0.9827398940923312,1.65748031496063,0.1860036476792551,Intermittent
44,POULTRY,1679,1239.2776874584324,1155.8159999999998,497.15227735993074,0.0,2920.308,0.2462227409876915,-0.4521158478435065,0.4011629374035712,1.0029779630732578,0.1574847554865691,Smooth
44,PREPARED FOODS,1679,470.9095360866983,448.4695,122.67300438266815,0.0,892.568,0.4849584647892067,0.4095173608338922,0.2605022726909113,1.0029779630732578,0.064690824118482,Smooth
44,PRODUCE,1603,6333.763942042756,7674.4205,5569.184157121997,0.0,17850.615,0.0524772889240907,-1.4665609614541166,0.8792850835746417,1.0505302557704304,0.6878545367515544,Erratic
44,SCHOOL AND OFFICE SUPPLIES,1010,17.54334916864608,5.0,56.15409657945539,0.0,740.0,7.127682726787928,63.80493324038186,3.2008766419934536,1.6673267326732673,5.744695600089151,Lumpy
44,SEAFOOD,1679,123.30916190558196,117.5955,39.3921920920045,0.0,274.44,0.4257554561711026,-0.0245262121641136,0.3194587610760643,1.0029779630732578,0.0987817684961565,Smooth
45,AUTOMOTIVE,1678,15.67874109263658,14.0,7.876993731375625,0.0,57.0,0.8717301674245268,0.9128155991672372,0.5023996304507257,1.0035756853396902,0.2479431366989336,Smooth
45,BABY CARE,0,0.0,0.0,0.0,0.0,0.0,,,0.0,,,No Sales
45,BEAUTY,1674,9.96496437054632,9.0,6.419191316688631,0.0,58.0,1.651151631612238,5.139793174586531,0.6441760429187093,1.005973715651135,0.4065603825008814,Smooth
45,BEVERAGES,1679,6751.990498812352,6249.5,3812.240719881554,0.0,22170.0,0.8549379966433575,0.435867919467785,0.5646099058568799,1.0029779630732578,0.3148687153113366,Smooth
45,BOOKS,170,0.3438242280285035,0.0,1.388775364929424,0.0,20.0,6.451060440245618,55.74349338727493,4.039201567770526,9.905882352941177,0.7479663879201985,Lumpy
45,BREAD/BAKERY,1679,1136.906542131829,1084.5915,379.65208085679865,0.0,3606.892,0.8039446234250872,1.4676877150330618,0.3339342916829152,1.0029779630732578,0.1082118970550012,Smooth
45,CELEBRATION,1015,23.078978622327792,23.0,24.075624319375688,0.0,322.0,1.8187963656903927,14.032746510422,1.0431841335924852,1.6591133004926109,0.2586440817700476,Intermittent
45,CLEANING,1679,2504.7060570071258,2305.5,801.514631168742,0.0,6210.0,0.7643640001116506,0.5593963658042491,0.32000347063725,1.0029779630732578,0.0991290554799238,Smooth
45,DAIRY,1679,2108.1187648456057,2002.0,812.1958931149392,0.0,4934.0,0.5342620121337683,0.0413066742882612,0.3852704632483253,1.0029779630732578,0.1450234921738758,Smooth
45,DELI,1679,643.1928830760095,591.7255,239.6716133759897,0.0,1754.576,0.8067948291923818,0.428346285400413,0.372627900093375,1.0029779630732578,0.1354701637096951,Smooth
45,EGGS,1679,413.48871733966746,379.0,140.7968094779224,0.0,905.0,0.8093581601429631,0.3263717379411135,0.3405094348969186,1.0029779630732578,0.1126332943890669,Smooth
45,FROZEN FOODS,1679,521.1901900290975,363.7125,700.5615416413095,0.0,7808.414,6.231357738490466,45.10074646414375,1.3441571906809178,1.0029779630732578,1.7984249471034923,Erratic
45,GROCERY I,1679,9708.878438836104,8975.5,3967.800528468557,0.0,76090.0,4.237987269754249,55.341742616492205,0.4086775371083753,1.0029779630732578,0.1635523135135212,Smooth
45,GROCERY II,1679,82.85985748218528,76.0,35.81977623570376,0.0,502.0,2.2680622593736985,14.436453787605274,0.4322934811102307,1.0029779630732578,0.183353670277795,Smooth
45,HARDWARE,981,1.0878859857482186,1.0,1.321975972384264,0.0,11.0,1.8616606465826904,5.648508497182959,1.2151787857252945,1.7166156982670744,0.4427570979793246,Intermittent
45,HOME AND KITCHEN I,1166,47.096199524940616,42.0,48.2588429595931,0.0,435.0,1.810787813701077,6.965801718743693,1.024686565908829,1.444253859348199,0.4194059756959744,Intermittent
45,HOME AND KITCHEN II,1166,51.26603325415677,38.0,63.00294462589297,0.0,588.0,3.0451908187931123,15.582358915067282,1.2289412818877616,1.444253859348199,0.7381270322455441,Lumpy
45,HOME APPLIANCES,1078,1.3717339667458432,1.0,1.4615610323611423,0.0,8.0,1.217990332645803,1.5605709532351115,1.0654843189185663,1.562152133580705,0.3668686865262761,Intermittent
45,HOME CARE,1044,408.40498812351547,448.0,373.6370050183221,0.0,1766.0,0.395590041659519,-0.7644923344789323,0.91486885783189,1.6130268199233715,0.1388434490638621,Intermittent
45,LADIESWEAR,1014,16.052256532066508,13.0,18.72791496526156,0.0,112.0,1.4314278220649383,2.169007761984698,1.1666842556797783,1.660749506903353,0.4217388852161973,Intermittent
45,LAWN AND GARDEN,1646,17.910332541567698,12.0,21.80135240926097,0.0,441.0,6.975347982591061,103.9556549709824,1.2172500068016852,1.023086269744836,1.425697277399595,Erratic
45,LINGERIE,1543,5.146674584323041,4.0,4.294030780401528,0.0,35.0,1.6230240156734597,4.2862004710201145,0.8343311218173715,1.0913804277381725,0.5540945922984108,Erratic
45,"LIQUOR,WINE,BEER",1497,208.15439429928745,148.0,190.97257929775023,0.0,1775.0,2.525562847669428,11.24391182183027,0.9174563906743648,1.1249164996659986,0.6372114991095149,Erratic
45,MAGAZINES,1002,8.72624703087886,3.0,11.08632719888911,0.0,61.0,1.3549030401186757,1.5277262892367638,1.27045763870635,1.6806387225548902,0.555398300008274,Lumpy
45,MEATS,1679,1192.762148016627,1118.5755,378.1198598355155,0.0,2491.455,0.475061510810245,-0.2175067326391433,0.3170119545325541,1.0029779630732578,0.0972290716582523,Smooth
45,PERSONAL CARE,1679,633.833135391924,560.0,293.6739815328585,0.0,2300.0,1.1157660304887205,1.436866934019802,0.4633301181876598,1.0029779630732578,0.2110682817974157,Smooth
45,PET SUPPLIES,1019,13.5166270783848,13.0,13.762287415040554,0.0,73.0,0.8112726573742765,0.1905053532591623,1.0181746773224534,1.6526005888125614,0.232408899916402,Intermittent
45,PLAYERS AND ELECTRONICS,1016,18.79750593824228,18.0,20.69705633775162,0.0,269.0,2.351335760521378,18.083243134651312,1.10105332083145,1.65748031496063,0.3347479275854232,Intermittent
45,POULTRY,1679,1273.2079139073635,1196.52155,495.2471006751591,0.0,2812.276,0.199028738641815,-0.5981356261675419,0.3889758265442288,1.0029779630732578,0.1478838379539549,Smooth
45,PREPARED FOODS,1679,325.5285535748219,305.34749,96.62850654521615,0.0,628.03,0.4954839405016206,-0.1390116829137841,0.2968357321770531,1.0029779630732578,0.0848807171824482,Smooth
45,PRODUCE,1596,4105.45312155582,4825.9875,3607.457782301477,0.0,12757.507,0.051478994083693,-1.4622385537941731,0.8786990559847145,1.055137844611529,0.6795076018156792,Erratic
45,SCHOOL AND OFFICE SUPPLIES,1003,16.268408551068884,3.0,64.18083622330265,0.0,749.0,7.508171464926177,63.52690669531752,3.945120754613742,1.678963110667996,8.86559958587619,Lumpy
45,SEAFOOD,1679,97.2563470397862,91.5585,37.33845203969485,0.0,229.419,0.5031618713893329,-0.0846123747596419,0.3839178950864388,1.0029779630732578,0.1439862015032786,Smooth
46,AUTOMOTIVE,1678,15.190023752969122,13.0,8.442736846699576,0.0,59.0,1.0365022279137277,1.2403012166759044,0.555808008166775,1.0035756853396902,0.3042589224348217,Smooth
46,BABY CARE,0,0.0,0.0,0.0,0.0,0.0,,,0.0,,,No Sales
46,BEAUTY,1677,11.81769596199525,10.0,7.5719444289348035,0.0,67.0,1.4846823017609512,3.663010778272506,0.6407293310510638,1.0041741204531902,0.4046708105099869,Smooth
46,BEVERAGES,1679,4668.408551068884,4138.5,2810.197390692284,0.0,17309.0,1.2027017142344247,1.3766925871363114,0.6019604668165248,1.0029779630732578,0.3583114024116033,Smooth
46,BOOKS,108,0.1181710213776722,0.0,0.6025894078928516,0.0,9.0,8.330150889095549,89.022652481545,5.099299267861016,15.592592592592592,0.7317744493458599,Lumpy
46,BREAD/BAKERY,1679,777.9727643467934,716.924,343.9381314319744,0.0,2431.0,1.1117676899987432,1.5132521010002735,0.4420953370010477,1.0029779630732578,0.1918988562172059,Smooth
46,CELEBRATION,1016,14.197743467933492,13.0,14.88820476044117,0.0,163.0,1.3751672051292556,6.033583917166734,1.0486317627176809,1.65748031496063,0.2667592821140609,Intermittent
46,CLEANING,1679,2298.4679334916864,1967.5,922.5235963317368,0.0,6406.0,0.9965861480280108,0.4522377361403165,0.4013645711079798,1.0029779630732578,0.1576460916279262,Smooth
46,DAIRY,1679,1428.8064133016628,1249.5,644.0816737256063,0.0,3789.0,0.8763044867935894,0.402058103601659,0.4507830226187339,1.0029779630732578,0.1996328710897155,Smooth
46,DELI,1679,809.3620448693588,714.2715000000001,320.2372577505719,0.0,2118.325,0.9186584289342624,0.4000305566292574,0.3956662655238134,1.0029779630732578,0.1531178512933033,Smooth
46,EGGS,1679,179.54750593824227,150.0,86.89058973238092,0.0,533.0,1.2141540966794593,0.982195999029305,0.4839420591104403,1.0029779630732578,0.2305354275126254,Smooth
46,FROZEN FOODS,1679,394.8127057244656,241.827,767.7778692309201,0.0,13460.539,9.465023804980918,119.23184510806284,1.944663528039539,1.0029779630732578,3.7675187425209673,Erratic
46,GROCERY I,1679,8516.782660332541,7330.0,3608.080602382108,0.0,25238.0,1.1353755762737674,1.2217432202237992,0.4236436159380407,1.0029779630732578,0.1759719123947589,Smooth
46,GROCERY II,1679,42.01484560570072,36.0,31.341982242144464,0.0,419.0,5.023458771689128,40.03787569437972,0.7459739953714338,1.0029779630732578,0.5518558324067128,Erratic
46,HARDWARE,1143,1.5368171021377672,1.0,1.6557531851860758,0.0,12.0,1.5510556596905067,3.438318214593509,1.0773911754401178,1.47331583552056,0.4666045756958595,Intermittent
46,HOME AND KITCHEN I,1166,27.19774346793349,21.0,32.83861740402335,0.0,539.0,4.055540983237364,41.38652295213931,1.2074022773813249,1.444253859348199,0.7017924124436369,Lumpy
46,HOME AND KITCHEN II,1165,34.195961995249405,22.0,48.73140873678125,0.0,580.0,4.037316265480059,26.845897028897724,1.4250632499277571,1.4454935622317595,1.0967269211976989,Lumpy
46,HOME APPLIANCES,1040,1.399643705463183,1.0,1.6274150309710336,0.0,11.0,1.5218683163640296,2.787328340796732,1.1627352185817454,1.6192307692307693,0.4525126587934709,Intermittent
46,HOME CARE,1044,424.605106888361,450.0,400.398017829457,0.0,1912.0,0.5614895591713666,-0.4569095306780375,0.9429891711919244,1.6130268199233715,0.1712319681568369,Intermittent
46,LADIESWEAR,1016,20.46258907363421,15.0,24.749248928257398,0.0,136.0,1.5140976541888855,2.169720278537035,1.209487657597396,1.65748031496063,0.4859062709498445,Intermittent
46,LAWN AND GARDEN,1628,10.652019002375296,7.0,15.016342703207114,0.0,364.0,10.570310074894635,206.72921556951096,1.409717979140752,1.0343980343980343,1.887964479234334,Erratic
46,LINGERIE,1625,8.013064133016627,6.0,10.238710038264998,0.0,141.0,7.071993071050448,69.75461669674331,1.2777521640941545,1.0363076923076924,1.5404140222174962,Erratic
46,"LIQUOR,WINE,BEER",1498,120.41092636579572,89.0,119.6506336481174,0.0,1104.0,3.5471936993469866,19.76433826741338,0.993685849435604,1.124165554072096,0.7678993633750368,Erratic
46,MAGAZINES,920,4.539192399049881,1.0,6.803939637973493,0.0,51.0,2.115141002625079,5.611903352788069,1.4989317566487652,1.830434782608696,0.7737842629453914,Lumpy
46,MEATS,1679,1168.9252748337292,1126.821,360.2446909323968,0.0,2550.1934,0.5359906789737271,0.1301161095217513,0.3081845338516876,1.0029779630732578,0.0917265854478299,Smooth
46,PERSONAL CARE,1679,743.7963182897862,623.0,355.58959698349173,0.0,2795.0,1.189893524279387,1.4031808356457312,0.4780738869488117,1.0029779630732578,0.2249069138248065,Smooth
46,PET SUPPLIES,1020,13.134204275534442,12.0,13.545508538403872,0.0,73.0,0.8696188814513883,0.2968218597579581,1.0313155066884612,1.6509803921568629,0.2499310617275414,Intermittent
46,PLAYERS AND ELECTRONICS,1016,15.911520190023753,12.0,18.56387535606024,0.0,108.0,1.472496916423461,2.553253345803375,1.1666940137204973,1.65748031496063,0.4245568411622778,Intermittent
46,POULTRY,1679,1007.6405260629454,890.145,427.7500550610801,0.0,2589.955,0.7784319396096022,0.030057755595406,0.4245066013094583,1.0029779630732578,0.1767016804028341,Smooth
46,PREPARED FOODS,1679,173.50623876900238,160.2735,62.97417580999449,0.0,443.663,0.7950062182294125,0.5260546991505279,0.362950498243883,1.0029779630732578,0.1283728116096798,Smooth
46,PRODUCE,1580,1882.0762503562944,2062.7615,1752.5824070406472,0.0,8343.898,0.4067188617261406,-0.7619426460069256,0.9311962821420948,1.0658227848101265,0.7518170398355725,Erratic
46,SCHOOL AND OFFICE SUPPLIES,989,12.937054631828978,2.0,49.59232451405388,0.0,738.0,7.928735196920765,74.65488586455274,3.8333551122377374,1.7027300303336703,8.2173222636151,Lumpy
46,SEAFOOD,1679,50.45723638788599,45.081499,23.338916455682654,0.0,135.539,0.8680626212054875,0.5363516921169551,0.4625484494593411,1.0029779630732578,0.2103467003179969,Smooth
47,AUTOMOTIVE,1679,15.9916864608076,15.0,7.950406091095733,0.0,56.0,0.8932809868262646,1.008798061333108,0.4971587024347567,1.0029779630732578,0.2434637861689296,Smooth
47,BABY CARE,0,0.0,0.0,0.0,0.0,0.0,,,0.0,,,No Sales
47,BEAUTY,1675,12.264251781472684,11.0,7.809694929475508,0.0,83.0,1.662184333313928,6.230375059754449,0.6367852738180607,1.0053731343283585,0.3979839295106207,Smooth
47,BEVERAGES,1679,6406.682304038005,6022.0,3523.0233506346194,0.0,21928.0,0.9747935599731888,0.9509689652510837,0.5498982442774754,1.0029779630732578,0.2985211310812461,Smooth
47,BOOKS,164,0.3450118764845605,0.0,1.2450729737941972,0.0,11.0,4.304751223088459,20.42769766789032,3.6087829290744193,10.268292682926829,0.365690941578888,Intermittent
47,BREAD/BAKERY,1679,1107.4205052790974,1043.8815,374.3553138322802,0.0,2501.809,0.8515671869729217,0.7820677683578574,0.3380426062614719,1.0029779630732578,0.1109643927108571,Smooth
47,CELEBRATION,1016,17.036817102137768,15.0,18.26327840470293,0.0,182.0,1.482130005215406,5.941461790659636,1.071988875277606,1.65748031496063,0.296642940142595,Intermittent
47,CLEANING,1679,2325.1110451306413,2118.5,737.8546219494474,0.0,5783.0,0.8714081671909008,0.7292120809536646,0.3173416699793244,1.0029779630732578,0.0974376068369044,Smooth
47,DAIRY,1679,1982.8919239904988,1858.5,775.8092802928178,0.0,4707.0,0.6475918833412683,0.3880935572308837,0.3912514196593923,1.0029779630732578,0.1496540460892181,Smooth
47,DELI,1679,641.3056694655583,589.0070000000001,226.5538768582049,0.0,1482.184,0.8093755482800242,0.3358803850881773,0.3532697240095409,1.0029779630732578,0.1214598319341458,Smooth
47,EGGS,1679,356.790973871734,321.0,126.62071034817065,0.0,818.0,0.9899808301725892,0.6094022810797437,0.3548876502501876,1.0029779630732578,0.1226021764726238,Smooth
47,FROZEN FOODS,1679,425.3491484085511,297.6245,584.5540698645954,0.0,7194.712,6.623426165349397,51.53031709935709,1.3742923244359069,1.0029779630732578,1.8801025539506269,Erratic
47,GROCERY I,1679,9212.902903800476,8537.5,3212.675388539621,0.0,23024.0,0.8638691054364244,0.6997278066256962,0.3487147777508857,1.0029779630732578,0.118271824024042,Smooth
47,GROCERY II,1679,64.13479809976248,58.0,35.63652947851089,0.0,450.0,3.0028343424180512,18.490174391124437,0.5556504508289271,1.0029779630732578,0.3048615938642708,Smooth
47,HARDWARE,1231,1.8070071258907363,1.0,1.8258953675007945,0.0,16.0,1.6099422537682828,4.613253485949148,1.0104527759348456,1.3679935012185216,0.4773570277899461,Intermittent
47,HOME AND KITCHEN I,1166,40.141330166270784,36.0,43.983115710341934,0.0,787.0,4.347619484662963,55.35134975353941,1.0957064832446324,1.444253859348199,0.5236744449145373,Lumpy
47,HOME AND KITCHEN II,1166,44.57422802850356,30.0,65.18131900845495,0.0,679.0,4.695574274811243,32.24782828075315,1.462309542754428,1.444253859348199,1.1729900034958776,Lumpy
47,HOME APPLIANCES,1121,1.8224465558194771,1.0,1.9169068265269245,0.0,15.0,1.2342702114947968,2.0347598456994325,1.0518315718801097,1.5022301516503125,0.4021484351533007,Intermittent
47,HOME CARE,1044,417.2149643705464,476.0,376.2791076507603,0.0,1610.0,0.3384478285391611,-0.8419056879176212,0.9018830573767938,1.6130268199233715,0.1242175435574986,Intermittent
47,LADIESWEAR,1015,18.84619952494062,15.5,21.49185292357213,0.0,119.0,1.3296266509092145,1.7979460141310328,1.1403812685942294,1.6591133004926109,0.3865656053595209,Intermittent
47,LAWN AND GARDEN,1669,16.256532066508314,13.0,16.787182259419446,0.0,474.0,12.945670508984628,328.8475158158152,1.0326422750994804,1.0089874176153386,1.0479443373125004,Erratic
47,LINGERIE,1507,5.105700712589074,4.0,4.845792140468039,0.0,75.0,3.3516819590623013,31.30113649278158,0.9490944362584208,1.1174518911745188,0.7009951515828554,Erratic
47,"LIQUOR,WINE,BEER",1498,166.48931116389548,127.0,133.4339419680079,0.0,968.0,1.6900825411349398,4.856198657130545,0.8014565081349357,1.124165554072096,0.4609347604407169,Smooth
47,MAGAZINES,999,7.359263657957245,2.0,9.7408110510809,0.0,58.0,1.565130197600983,2.499690340288314,1.3236121849262703,1.6856856856856857,0.6325399448771523,Lumpy
47,MEATS,1679,896.6359253800474,831.1800000000001,306.76650405193124,0.0,2272.34,1.047981372621254,1.5143104465982251,0.3421305073422786,1.0029779630732578,0.1137366175339411,Smooth
47,PERSONAL CARE,1679,702.4228028503563,616.0,313.7495473819927,0.0,2043.0,1.0125839470815998,0.8536210454321518,0.4466676567280904,1.0029779630732578,0.1959504991430809,Smooth
47,PET SUPPLIES,1015,13.51959619952494,13.0,14.073913161090765,0.0,90.0,0.9448599270958218,0.7533118790531259,1.0410009997594676,1.6591133004926109,0.2559016198616435,Intermittent
47,PLAYERS AND ELECTRONICS,1016,18.1353919239905,17.0,18.750124792004836,0.0,118.0,0.9537196093256282,0.8495101233646087,1.033896861427474,1.65748031496063,0.2482457266524052,Intermittent
47,POULTRY,1679,1151.4501193883611,1094.627,418.9355474180344,0.0,2443.436,0.3343371091020791,-0.3712685561172679,0.3638329966392334,1.0029779630732578,0.1290122925270904,Smooth
47,PREPARED FOODS,1679,288.6047227351544,268.60799,89.25477537289929,0.0,615.049,0.7230172100616838,0.4154892845014108,0.3092630450628384,1.0029779630732578,0.0923905323745737,Smooth
47,PRODUCE,1564,3797.5006910926368,4590.362,3343.633185731364,0.0,12274.984,0.0732092455239539,-1.3840584929221658,0.8804825746505489,1.0767263427109974,0.6487472200165335,Erratic
47,SCHOOL AND OFFICE SUPPLIES,988,12.403800475059382,3.0,58.46041058279426,0.0,1332.0,12.517259625452478,205.67702096050715,4.713104721059396,1.7044534412955463,12.619237434596617,Lumpy
47,SEAFOOD,1679,85.82381861045133,79.428,32.15382931415724,0.0,202.416,0.6711538497685281,0.3188069966721891,0.3746492504572269,1.0029779630732578,0.1369761877659005,Smooth
48,AUTOMOTIVE,1676,13.53503562945368,12.0,8.045924186823303,0.0,54.0,1.150932543705429,1.6640501940313408,0.5944516443473604,1.0047732696897376,0.3469434332047236,Smooth
48,BABY CARE,0,0.0,0.0,0.0,0.0,0.0,,,0.0,,,No Sales
48,BEAUTY,1669,10.554038004750591,9.0,7.591096897225637,0.0,79.0,1.880234128139096,6.687786712237639,0.7192599546343746,1.0089874176153386,0.5038194291156812,Erratic
48,BEVERAGES,1679,3749.324821852732,3215.5,2448.422415074252,0.0,14040.0,1.2948779218149256,1.5106372516749946,0.6530302204821266,1.0029779630732578,0.4222131705587119,Smooth
48,BOOKS,33,0.0338479809976247,0.0,0.2852996352579975,0.0,5.0,11.226247484892948,150.32241826120733,8.428852132987384,51.03030303030303,0.4118190207604604,Intermittent
48,BREAD/BAKERY,1679,707.2830605344419,617.475,325.1512364163273,0.0,2058.271,1.2267660495492154,1.2020287040850075,0.4597186820368279,1.0029779630732578,0.2077446476510586,Smooth
48,CELEBRATION,1016,14.311757719714963,13.0,14.967846123457594,0.0,88.0,0.9357109084042816,0.5192786478312619,1.0458426152500473,1.65748031496063,0.2632347769625594,Intermittent
48,CLEANING,1679,2139.400237529692,1788.0,951.3769812618988,0.0,6285.0,1.1317323384668112,0.8406533940887808,0.4446933138420063,1.0029779630732578,0.1941958721662404,Smooth
48,DAIRY,1679,1198.726840855107,1007.5,620.0751325764189,0.0,3577.0,1.069940426058784,0.6821405693859481,0.5172780915905525,1.0029779630732578,0.263813035488384,Smooth
48,DELI,1679,651.3181010391926,567.135,273.60654657875943,0.0,1803.476,1.012544066536513,0.5779805829568083,0.4200812876869136,1.0029779630732578,0.1729752113993123,Smooth
48,EGGS,1679,142.3248218527316,112.0,76.40535776396523,0.0,469.0,1.3001975494387688,1.067452827981021,0.5368378949561423,1.0029779630732578,0.2843701186751854,Smooth
48,FROZEN FOODS,1679,308.7962370718527,170.7165,618.1631955878408,0.0,7198.118,7.111776030900648,57.97685229976487,2.0018482137203013,1.0029779630732578,3.992528704650626,Erratic
48,GROCERY I,1679,7619.35517280285,6446.5,3453.817768947049,0.0,22255.0,1.118420880840345,0.9630253610659548,0.4532952842617096,1.0029779630732578,0.2018974086331512,Smooth
48,GROCERY II,1679,42.72565320665083,36.0,27.704746883345337,0.0,290.0,2.4473019098759874,11.973625746883874,0.6484335476089171,1.0029779630732578,0.4162485298404625,Smooth
48,HARDWARE,851,0.8948931116389549,1.0,1.205292190346109,0.0,8.0,1.8199533457852477,3.992442448685253,1.3468560360150903,1.9788484136310225,0.4220498980504067,Intermittent
48,HOME AND KITCHEN I,1166,32.3438242280285,25.0,37.92018688639068,0.0,446.0,2.810560180359046,16.38866926055812,1.1724088845485814,1.444253859348199,0.6441310350281909,Lumpy
48,HOME AND KITCHEN II,1166,24.421021377672208,15.0,43.65719199866809,0.0,526.0,5.410278028344459,39.11492685517377,1.7876890291245373,1.444253859348199,1.9051901352380929,Lumpy
48,HOME APPLIANCES,736,0.8491686460807601,0.0,1.2576815840298792,0.0,9.0,1.8599842544252203,4.06636871515988,1.4810739755329985,2.2880434782608696,0.3957689858511037,Intermittent
48,HOME CARE,1044,389.1947743467933,397.0,378.569963688843,0.0,1875.0,0.7213439857002885,-0.0849455372291005,0.9727005310470695,1.6130268199233715,0.2065182668168563,Intermittent
48,LADIESWEAR,1016,16.56294536817102,11.0,21.122146854944955,0.0,118.0,1.6367210422128475,2.400233834548618,1.2752651405987292,1.65748031496063,0.5845142504841612,Lumpy
48,LAWN AND GARDEN,1476,6.258313539192399,4.0,9.9076086314915,0.0,218.0,11.07155682011237,193.3778617666387,1.583111579159856,1.1409214092140922,2.0731672172087983,Erratic
48,LINGERIE,1487,5.456650831353919,4.0,6.942238592057689,0.0,132.0,7.113204513879046,98.38307346857697,1.272252670245149,1.1324815063887022,1.3122910548963969,Erratic
48,"LIQUOR,WINE,BEER",1499,103.7790973871734,72.0,108.1205884803725,0.0,1080.0,3.689319671741302,21.113735139733876,1.0418339646562955,1.123415610406938,0.8563192380426901,Erratic
48,MAGAZINES,859,3.031472684085511,1.0,4.834268260313475,0.0,44.0,2.4736011835136997,8.726885124469211,1.5946929966077232,1.960419091967404,0.8072899662588005,Lumpy
48,MEATS,1679,982.84688543943,906.4085,365.96189585716246,0.0,2598.35,0.7329154523304903,0.250297792718547,0.3723488381337942,1.0029779630732578,0.1352628863057347,Smooth
48,PERSONAL CARE,1679,706.2505938242281,583.5,367.17258610438665,0.0,2643.0,1.2587867672669846,1.595584555375506,0.519889950273442,1.0029779630732578,0.266513928683945,Smooth
48,PET SUPPLIES,1020,9.617577197149645,8.0,10.350098388316948,0.0,57.0,1.0418634301145846,0.8622102445684376,1.0761648360158975,1.6509803921568629,0.3071813358332318,Intermittent
48,PLAYERS AND ELECTRONICS,1016,13.620546318289788,11.0,15.5799701086089,0.0,104.0,1.405647181612447,2.3580352970294136,1.1438579439757215,1.65748031496063,0.3927230237938928,Intermittent
48,POULTRY,1679,891.1362766508314,770.921,418.4116021685446,0.0,2875.293,0.981891956930057,0.599375890251888,0.4695259447192483,1.0029779630732578,0.2168309351731672,Smooth
48,PREPARED FOODS,1679,131.52282953266032,107.8745,62.95858215857892,0.0,355.906,1.0393347056404851,0.3626400409380843,0.4786893832942218,1.0029779630732578,0.225494049652296,Smooth
48,PRODUCE,1508,1376.3238541567696,1452.74845,1328.148941694431,0.0,6027.289,0.5955015033639428,-0.4285948206509822,0.9649974006351733,1.1167108753315649,0.7293822652703474,Erratic
48,SCHOOL AND OFFICE SUPPLIES,979,16.196555819477435,2.0,68.05370216003178,0.0,1217.0,8.244149217341844,90.99037827146032,4.201739117522192,1.7201225740551582,9.844931572930072,Lumpy
48,SEAFOOD,1679,29.966439028800472,26.6464995,14.825584574621214,0.0,95.901,1.000163415122551,1.0773350094607883,0.4947396172056926,1.0029779630732578,0.2410714239612498,Smooth
49,AUTOMOTIVE,1669,10.383610451306414,9.0,5.930825891327442,0.0,39.0,0.9349308866729,1.1743654378511827,0.5711718403313255,1.0089874176153386,0.3144239938335452,Smooth
49,BABY CARE,0,0.0,0.0,0.0,0.0,0.0,,,0.0,,,No Sales
49,BEAUTY,1665,7.864014251781473,7.0,5.10227112020911,0.0,32.0,1.3339512876183166,2.47965736376188,0.6488125474091626,1.0114114114114114,0.4049255383590308,Smooth
49,BEVERAGES,1679,5475.823040380047,5449.5,2821.418944329544,0.0,14548.0,0.4811092819505881,-0.2815016190214123,0.5152502050419089,1.0029779630732578,0.2617254021395673,Smooth
49,BOOKS,165,0.2695961995249406,0.0,1.15116468065208,0.0,16.0,6.956210194761151,62.49846627399036,4.26995884367289,10.206060606060609,0.8844243041175627,Lumpy
49,BREAD/BAKERY,1679,1027.703200290974,1055.5435,387.412032325316,0.0,2177.901,0.0452143866469265,-0.592894947066847,0.3769687904204745,1.0029779630732578,0.1387144194589471,Smooth
49,CELEBRATION,1016,20.745249406175773,20.0,20.893487830575225,0.0,126.0,0.8629696855457986,0.9419693189369736,1.007145656361604,1.65748031496063,0.2153039496296684,Intermittent
49,CLEANING,1679,1682.055225653207,1644.5,524.1415240289687,0.0,4157.0,0.4642417511397167,0.5925724480830703,0.311607797434304,1.0029779630732578,0.0938419983428186,Smooth
49,DAIRY,1679,1891.3200712589075,1891.0,766.9849028117096,0.0,4592.0,0.1580850258489094,-0.3130433836043336,0.4055288760832432,1.0029779630732578,0.160996265330996,Smooth
49,DELI,1679,367.1204733551069,350.326,135.46500271252276,0.0,987.095,0.6910480646235462,0.4975745601353849,0.3689933211137524,1.0029779630732578,0.1327826860175889,Smooth
49,EGGS,1679,430.0166270783848,422.0,125.05964737076418,0.0,917.0,0.3543289157736651,0.3110050428260082,0.2908251437163082,1.0029779630732578,0.0813590169960775,Smooth
49,FROZEN FOODS,1679,426.8696802220902,339.9325,553.9458483688635,0.0,14541.55,13.60349486910971,281.20555880469664,1.297693122826997,1.0029779630732578,1.6760382977990511,Erratic
49,GROCERY I,1679,6584.311163895487,6309.5,2575.3437633404506,0.0,21190.0,0.9050123042411112,2.023959405652568,0.3911333622052583,1.0029779630732578,0.1495619539806143,Smooth
49,GROCERY II,1679,64.18467933491686,61.0,26.19604017063723,0.0,222.0,0.926955932816212,2.2063360252522592,0.4081354061697132,1.0029779630732578,0.1631108087309169,Smooth
49,HARDWARE,1152,1.6971496437054632,1.0,1.904730066456352,0.0,14.0,1.7478342597841423,4.140815290229177,1.1223112071457395,1.4618055555555556,0.5457476118753669,Lumpy
49,HOME AND KITCHEN I,1166,39.67814726840855,31.0,67.45158180690684,0.0,1842.0,13.811207563757897,324.8415542055281,1.699968028973755,1.444253859348199,1.6933570399796336,Lumpy
49,HOME AND KITCHEN II,1166,25.899049881235157,23.0,28.88093789888284,0.0,318.0,3.0925268161439017,20.185791842563685,1.1151350350768288,1.444253859348199,0.5534153722266044,Lumpy
49,HOME APPLIANCES,859,1.0,1.0,1.2853089132093098,0.0,8.0,1.4883676614727612,2.3913072690258463,1.2853089119240009,1.960419091967404,0.3527816641533853,Intermittent
49,HOME CARE,1044,286.63479809976246,334.0,254.47609121117523,0.0,1340.0,0.2631802543106337,-0.8232372547299636,0.8878059917962847,1.6130268199233715,0.1085987269319407,Intermittent
49,LADIESWEAR,1013,10.696555819477435,9.0,11.646820185855818,0.0,62.0,1.014803708172891,0.6024719590134469,1.088838349589052,1.6623889437314907,0.3147157648876018,Intermittent
49,LAWN AND GARDEN,1657,16.767220902612827,13.0,17.312290723394884,0.0,382.0,9.029841732235782,154.4848604072155,1.0325080597980678,1.016294508147254,1.0329470217431906,Erratic
49,LINGERIE,1645,9.119952494061758,8.0,7.889745351274461,0.0,157.0,5.296876877295565,76.9308764453485,0.8651081631781059,1.02370820668693,0.7079204040619501,Erratic
49,"LIQUOR,WINE,BEER",1499,217.38657957244652,169.0,166.44914507410851,0.0,1206.0,1.134792812848218,1.6581479989822148,0.765682708659905,1.123415610406938,0.412006380940152,Smooth
49,MAGAZINES,1034,8.44061757719715,5.0,9.70016840457065,0.0,59.0,1.1008268012192075,0.6627581400559137,1.1492249606980216,1.6286266924564796,0.4249539328151683,Intermittent
49,MEATS,1679,727.7424655047505,668.002,288.6538951909734,0.0,1901.0859,1.3106791915066751,2.1123090554502806,0.3966429181652482,1.0029779630732578,0.1538893646122131,Smooth
49,PERSONAL CARE,1679,393.248812351544,364.0,190.2859561279802,0.0,1416.0,0.927696866800856,1.337323040922806,0.4838818329536125,1.0029779630732578,0.2304773122641621,Smooth
49,PET SUPPLIES,1022,10.339073634204276,9.0,10.525034880553047,0.0,59.0,0.7255569680132383,-0.1658735002618723,1.0179862579482537,1.6477495107632094,0.2358043551068381,Intermittent
49,PLAYERS AND ELECTRONICS,1016,20.286817102137768,20.0,21.097957080178336,0.0,197.0,1.3357029181295703,4.481059238960867,1.0399835998380993,1.65748031496063,0.2558616046447938,Intermittent
49,POULTRY,1679,873.354301152019,882.673,394.5415487176288,0.0,2064.671,-0.0758682451221623,-0.4550385932285228,0.451754285971624,1.0029779630732578,0.2005068697663833,Smooth
49,PREPARED FOODS,1679,297.1148349406176,293.979,79.5551483367949,0.0,912.568,0.4152132169193364,2.204553601305558,0.2677589234224111,1.0029779630732578,0.0685128492639404,Smooth
49,PRODUCE,1578,4761.263210391924,6045.042,4125.906878461359,0.0,13780.029,-0.0212573854339704,-1.5069919446463709,0.8665571921029898,1.067173637515843,0.640708977089467,Erratic
49,SCHOOL AND OFFICE SUPPLIES,948,8.920427553444181,1.0,35.012157180199885,0.0,428.0,7.855634691750112,69.76236783242956,3.92494159797943,1.7763713080168777,8.235212522922033,Lumpy
49,SEAFOOD,1679,85.64821405225652,83.6135,28.85328330693484,0.0,199.76599,0.3853200573895282,0.0748680853067442,0.3368813188444736,1.0029779630732578,0.1101829391890033,Smooth
5,AUTOMOTIVE,1640,5.459619952494061,5.0,3.2562979501459117,0.0,19.0,0.8693950177904816,0.9498523268907566,0.5964330810356017,1.026829268292683,0.3203094828225765,Smooth
5,BABY CARE,122,0.1276722090261282,0.0,0.5347488561080771,0.0,5.0,5.277702573170643,32.08582623248104,4.188451472709998,13.80327868852459,0.3433856134556189,Intermittent
5,BEAUTY,1647,5.156769596199525,5.0,3.129680611242428,0.0,25.0,1.2817565244323568,3.2653057660014744,0.6069072027073026,1.0224650880388586,0.3382719554114103,Smooth
5,BEVERAGES,1679,1504.6502375296911,1562.0,668.8431299017791,0.0,3796.0,0.3037859360268128,-0.5643221773694891,0.4445173457716191,1.0029779630732578,0.1940398640686556,Smooth
5,BOOKS,128,0.1365795724465558,0.0,0.5623725500043473,0.0,6.0,5.373699363113778,34.73812582409705,4.11754507510163,13.15625,0.3646880903313262,Intermittent
5,BREAD/BAKERY,1679,381.7426103859858,369.9975,87.25941663235612,0.0,802.359,0.7022657052841177,2.29950403081461,0.2285818094655407,1.0029779630732578,0.0491253869569818,Smooth
5,CELEBRATION,1016,15.54394299287411,16.0,15.324435725208208,0.0,83.0,0.6330542267503907,-0.2514713462109528,0.9858782762679708,1.65748031496063,0.1897311587465773,Intermittent
5,CLEANING,1679,990.3491686460808,956.0,229.1710724689168,0.0,2282.0,0.7099339841819925,2.234179738705569,0.2314043165018133,1.0029779630732578,0.0504198461823295,Smooth
5,DAIRY,1679,517.3889548693587,517.0,146.5484651347448,0.0,1310.0,0.2382942679693052,0.8983690031456142,0.2832462188363978,1.0029779630732578,0.0770210914456838,Smooth
5,DELI,1679,246.5979819536817,237.3985,63.01036135188811,0.0,527.174,0.790397752959346,1.8004736297789377,0.2555185604214222,1.0029779630732578,0.062126760448128,Smooth
5,EGGS,1679,113.33194774346794,109.0,35.55153698775967,0.0,274.0,0.7307729269564188,0.9573162578804468,0.3136938673984366,1.0029779630732578,0.0951425483744328,Smooth
5,FROZEN FOODS,1679,160.13610225118765,110.6545,308.8944225608648,0.0,8216.62,13.82371648401755,294.2782765229765,1.9289493013537176,1.0029779630732578,3.706828645295329,Erratic
5,GROCERY I,1679,3125.107872921615,2973.5,731.8213310394093,0.0,7656.0,1.2699995958308508,4.84871976803731,0.2341747423761749,1.0029779630732578,0.0517058687259553,Smooth
5,GROCERY II,1675,19.739311163895486,17.0,16.210033211645634,0.0,184.0,4.461141019586189,28.28934187364703,0.8212056173709678,1.0053731343283585,0.6654300864336418,Erratic
5,HARDWARE,966,1.0243467933491686,1.0,1.2096214100882448,0.0,9.0,1.5155141625730244,2.9313814695419165,1.1808709870145029,1.7432712215320911,0.3735420285671401,Intermittent
5,HOME AND KITCHEN I,1166,17.878266033254157,16.0,18.03322422892663,0.0,235.0,2.2128888847439074,15.389848570330772,1.008667406244855,1.444253859348199,0.3968527232467386,Intermittent
5,HOME AND KITCHEN II,1166,22.112826603325416,16.0,33.0532623052164,0.0,353.0,3.938084084681466,21.321281954983192,1.4947551887713424,1.444253859348199,1.2394214517858315,Lumpy
5,HOME APPLIANCES,623,0.5498812351543944,0.0,0.8645876834534899,0.0,5.0,1.8334314065316075,3.649814042780216,1.572317123421053,2.7030497592295344,0.2845420742641151,Intermittent
5,HOME CARE,1044,142.0920427553444,175.0,121.41449278328514,0.0,532.0,0.0402625706132151,-1.2388107782553346,0.854477776714657,1.6130268199233715,0.0725998164064436,Intermittent
5,LADIESWEAR,1014,8.796318289786223,6.0,9.98815025867668,0.0,75.0,1.3098417887979157,2.2827529280420453,1.135492137561558,1.660749506903353,0.3784995179314783,Intermittent
5,LAWN AND GARDEN,1162,2.951306413301663,1.0,7.408427790785913,0.0,189.0,16.620365094123585,370.2279312495519,2.5102197978785243,1.4492254733218588,4.03800379554429,Lumpy
5,LINGERIE,1677,18.7416864608076,17.0,10.664797510710107,0.0,94.0,1.395988930273033,3.834777005589921,0.5690415071473514,1.0041741204531902,0.3183054710269501,Smooth
5,"LIQUOR,WINE,BEER",1498,65.56650831353919,54.0,54.6229221929838,0.0,484.0,2.511270891102614,11.402433235295558,0.8330918268659934,1.124165554072096,0.5069328408616066,Erratic
5,MAGAZINES,1014,3.90083135391924,2.0,4.629275249172771,0.0,27.0,1.2146243186714738,1.091871733748779,1.186740678582505,1.660749506903353,0.4501605622538322,Intermittent
5,MEATS,1679,283.31615683254154,276.415,69.90854165034045,0.0,576.433,0.3180382971363864,0.8216689626311786,0.2467509881245997,1.0029779630732578,0.0577361509417341,Smooth
5,PERSONAL CARE,1679,267.31947743467936,254.0,81.96015384184672,0.0,667.0,0.8589821519287268,1.4216313619561554,0.3066000077063873,1.0029779630732578,0.0907553356141631,Smooth
5,PET SUPPLIES,918,1.899643705463183,1.0,2.3307354341555104,0.0,15.0,1.2852137952369058,1.553286210948034,1.2269329381218268,1.8344226579520695,0.3657509216796522,Intermittent
5,PLAYERS AND ELECTRONICS,1013,4.764845605700713,4.0,5.121497636462934,0.0,38.0,1.179681663814384,2.206737563208357,1.074850700148745,1.6623889437314907,0.29651008333393,Intermittent
5,POULTRY,1679,249.1866810605701,243.745,77.53079593561934,0.0,691.941,0.8288620341094772,2.4664399210048966,0.311135392972559,1.0029779630732578,0.0935486851570076,Smooth
5,PREPARED FOODS,1679,87.88071793052255,86.7055,24.31007787452269,0.0,160.684,0.2227462148052262,0.1667710442493328,0.2766258451992316,1.0029779630732578,0.073325534425159,Smooth
5,PRODUCE,1572,981.9372082304038,1316.9825,843.7122997200602,0.0,3763.942,-0.0040272547204359,-1.281555831397878,0.8592324362977296,1.0712468193384224,0.6226702830818112,Erratic
5,SCHOOL AND OFFICE SUPPLIES,270,0.4827790973871734,0.0,3.001039071225417,0.0,79.0,18.9001070171643,425.6117098410122,6.216174397878923,6.237037037037037,5.35571410708934,Lumpy
5,SEAFOOD,1679,13.277312348693586,12.3899995,6.401415538607565,0.0,53.46,1.280717537480945,3.5905460080112634,0.4821318780494982,1.0029779630732578,0.2287918510748662,Smooth
50,AUTOMOTIVE,1676,11.625890736342043,11.0,6.498141117528217,0.0,62.0,1.2819283824610337,3.7357863259307873,0.5589370538858038,1.0047732696897376,0.306175900372899,Smooth
50,BABY CARE,0,0.0,0.0,0.0,0.0,0.0,,,0.0,,,No Sales
50,BEAUTY,1664,7.695368171021378,7.0,5.2029319725978525,0.0,54.0,1.7243027918403655,6.850348753730421,0.6761121568574898,1.0120192307692308,0.4398220946329538,Smooth
50,BEVERAGES,1679,3221.160332541568,2975.5,1778.586472813973,0.0,9787.0,0.839909508509648,0.3050078590960723,0.5521570767047402,1.0029779630732578,0.3010030981705806,Smooth
50,BOOKS,147,0.1728028503562945,0.0,0.6938456854670796,0.0,8.0,5.717276879941417,41.682263257616015,4.015244424621617,11.45578231292517,0.4946327978847932,Lumpy
50,BREAD/BAKERY,1679,577.9386217280285,547.142,176.3596399111008,0.0,1366.687,0.8069646636582479,0.9270293170548514,0.3051528886986005,1.0029779630732578,0.0898726848710133,Smooth
50,CELEBRATION,1016,22.121140142517813,19.0,25.4399447375337,0.0,302.0,2.178111056896802,12.153017980204735,1.1500286410412892,1.65748031496063,0.4012630221516317,Intermittent
50,CLEANING,1679,1603.5237529691212,1464.5,482.8497083821503,0.0,4420.0,0.8947706032759457,1.1043124260576471,0.3011179020502775,1.0029779630732578,0.0874336536699176,Smooth
50,DAIRY,1679,1004.4014251781472,935.5,379.6767914110779,0.0,2612.0,0.6655316882368791,0.451957509743389,0.3780129954946628,1.0029779630732578,0.139500434546813,Smooth
50,DELI,1679,459.2068843824228,427.466,146.33864965435117,0.0,1192.841,0.7381409307931124,0.5556214001394406,0.3186769506969394,1.0029779630732578,0.0982843486712337,Smooth
50,EGGS,1679,114.770783847981,104.0,39.5860672915814,0.0,262.0,0.7910655350244822,0.2761786084416147,0.3449141494378046,1.0029779630732578,0.1156434255582267,Smooth
50,FROZEN FOODS,1679,264.2808741157957,155.0,586.1823076004525,0.0,8416.393,7.784373905233808,72.3569774976106,2.2180277311380334,1.0029779630732578,4.902070866999789,Erratic
50,GROCERY I,1679,6010.558963776722,5553.5,1880.2385450471456,0.0,14431.0,0.9336613852579284,1.0807111779130274,0.3128225771310609,1.0029779630732578,0.0945982914708681,Smooth
50,GROCERY II,1677,46.47624703087886,38.0,34.77105344804381,0.0,440.0,3.534632890384384,22.60421709495164,0.7481467560019153,1.0041741204531902,0.5532401570083832,Erratic
50,HARDWARE,1092,1.5089073634204275,1.0,1.8674716463947445,0.0,26.0,3.248242637384524,25.03446666272041,1.2376317396476102,1.5421245421245422,0.6417171603241297,Lumpy
50,HOME AND KITCHEN I,1166,48.90676959619952,39.0,72.95436035813901,0.0,1400.0,8.568514983867871,127.0581842748513,1.4917027020798466,1.444253859348199,1.2331094568709875,Lumpy
50,HOME AND KITCHEN II,1166,44.85570071258908,29.0,80.60703457714688,0.0,913.0,5.242281057552722,36.2406709370844,1.797029882374057,1.444253859348199,1.9283746557631092,Lumpy
50,HOME APPLIANCES,587,0.6484560570071259,0.0,1.1403540480733931,0.0,8.0,2.3652800821989515,6.845801130148546,1.758567961533119,2.868824531516184,0.4265638203359948,Intermittent
50,HOME CARE,1044,269.312351543943,303.0,242.51094412100403,0.0,1155.0,0.3300531365373216,-0.8265713640747978,0.9004820712076909,1.6130268199233715,0.1226521085728944,Intermittent
50,LADIESWEAR,1016,13.152019002375296,10.0,14.872879459928654,0.0,83.0,1.174555301475045,1.0132239426584295,1.1308438237590532,1.65748031496063,0.3748626353523759,Intermittent
50,LAWN AND GARDEN,1444,5.148456057007126,3.5,9.482791201442708,0.0,276.0,17.44818702124536,439.17159217231466,1.84187086275984,1.1662049861495845,2.766480445114006,Erratic
50,LINGERIE,1549,6.180522565320665,5.0,6.162059278259031,0.0,87.0,3.612526921396759,27.516230332040784,0.9970126655370136,1.0871530019367337,0.8341799652308667,Erratic
50,"LIQUOR,WINE,BEER",1498,113.2393111638955,97.0,86.65276131610595,0.0,663.0,1.9884722368218692,7.356725812039516,0.765218018590072,1.124165554072096,0.4104315954483714,Smooth
50,MAGAZINES,994,4.666270783847981,2.0,6.12083607944815,0.0,38.0,1.6146929951599207,2.7557078642833144,1.3117190068187514,1.6941649899396378,0.6058688318333688,Lumpy
50,MEATS,1679,615.8526073159145,592.248,186.51577007391492,0.0,1374.1339,0.6598529685508681,0.654659008818383,0.3028578069783748,1.0029779630732578,0.0884813938509447,Smooth
50,PERSONAL CARE,1679,489.9334916864608,438.0,203.81875732602947,0.0,1516.0,0.9659550671389568,0.7735375136594915,0.4160131135840982,1.0029779630732578,0.1695839329106663,Smooth
50,PET SUPPLIES,1012,5.628266033254157,5.0,6.103973168542801,0.0,36.0,1.0618422634099345,0.9799951337293752,1.084521081873786,1.6640316205533596,0.3077792215352268,Intermittent
50,PLAYERS AND ELECTRONICS,1016,14.177553444180525,14.0,14.523220646859206,0.0,81.0,0.8431912568279222,0.2881337393507519,1.0243813012601402,1.65748031496063,0.2364291943550317,Intermittent
50,POULTRY,1679,437.9533226009502,427.5575,140.83240878528943,0.0,881.621,0.2991261217112929,-0.1310114118611629,0.3215694493389883,1.0029779630732578,0.1001307619633133,Smooth
50,PREPARED FOODS,1679,122.92729631769596,115.178498,41.63098955813759,0.0,323.221,0.8958913737850281,1.2125458426218545,0.3386635092844383,1.0029779630732578,0.1113833140514245,Smooth
50,PRODUCE,1559,1441.8997113420428,1829.5415,1244.5380803301623,0.0,5424.99,-0.0020163288608296,-1.3719552736547156,0.8631238847887349,1.0801796023091723,0.6154562044706362,Erratic
50,SCHOOL AND OFFICE SUPPLIES,945,11.251187648456057,1.0,47.70470795736338,0.0,754.0,8.328617788094913,85.06760849974465,4.239970876289641,1.782010582010582,9.649405354177643,Lumpy
50,SEAFOOD,1679,23.682564439014254,22.495,9.516439364051374,0.0,77.831,0.7437462273619118,1.0015817868826176,0.4018331455681514,1.0029779630732578,0.1580213321124107,Smooth
51,AUTOMOTIVE,1662,6.992874109263658,6.0,4.135036159882274,0.0,29.0,0.9621855913498848,1.3505609594656809,0.5913214072899087,1.01323706377858,0.332028855805159,Smooth
51,BABY CARE,0,0.0,0.0,0.0,0.0,0.0,,,0.0,,,No Sales
51,BEAUTY,1619,4.81353919239905,4.0,3.164291122111093,0.0,25.0,0.9881992395326594,1.52692212061808,0.6573730876545848,1.0401482396541075,0.3768608375203675,Smooth
51,BEVERAGES,1679,4081.209026128266,3981.5,1543.7704907278298,0.0,10351.0,0.5737047430460263,0.1913106395542918,0.3782630296179624,1.0029779630732578,0.1396889679143129,Smooth
51,BOOKS,137,0.1538004750593824,0.0,0.6443458065236185,0.0,7.0,5.79856046873092,40.33650245233586,4.1894916259871415,12.291970802919709,0.5092649179925688,Lumpy
51,BREAD/BAKERY,1679,854.0556262173397,828.49,216.68507927155164,0.0,1909.634,0.5011159661779118,0.9165813544567776,0.2537130751436043,1.0029779630732578,0.0612100800674217,Smooth
51,CELEBRATION,1015,9.598574821852733,8.0,10.227246821178896,0.0,79.0,1.206469442806883,2.7898595140421936,1.0654963898212673,1.6591133004926109,0.2870022537128198,Intermittent
51,CLEANING,1679,1452.7351543942991,1433.5,311.94880499080284,0.0,3643.0,0.3742238234302338,2.3958025224507296,0.2147320549426997,1.0029779630732578,0.0430038285332802,Smooth
51,DAIRY,1679,1461.0694774346794,1471.0,410.7759377855797,0.0,3000.0,0.2071746469075792,0.419966513038557,0.2811474362646545,1.0029779630732578,0.0758400689202167,Smooth
51,DELI,1679,258.91299020190024,251.5175,68.98337887073302,0.0,538.647,0.5581728351576236,0.8615534571787684,0.2664345995798564,1.0029779630732578,0.0678075045354488,Smooth
51,EGGS,1679,335.36163895486936,336.0,70.13136961082108,0.0,633.0,0.0690272914072223,1.497952512947534,0.2091216211525306,1.0029779630732578,0.0406328861257806,Smooth
51,FROZEN FOODS,1679,327.40827028503566,257.14750000000004,302.57433134529043,0.0,4082.425,5.491172851112682,39.83623788088145,0.9241499339065278,1.0029779630732578,0.8485481920843088,Erratic
51,GROCERY I,1679,4889.374703087886,4711.0,1242.550688271111,0.0,14179.0,1.310015922115698,6.012173158460364,0.2541328418716045,1.0029779630732578,0.0614226239385297,Smooth
51,GROCERY II,1678,31.798099762470308,27.0,20.3318279255186,0.0,142.0,2.267605004538109,7.077144049598806,0.6394038661667394,1.0035756853396902,0.403817693722249,Smooth
51,HARDWARE,1098,1.421021377672209,1.0,1.6943555595014004,0.0,18.0,2.673922117919161,14.544675473542554,1.1923505057218722,1.5336976320582878,0.5789942417993017,Lumpy
51,HOME AND KITCHEN I,1163,20.82600950118765,15.0,30.640878459494367,0.0,662.0,7.64091484137,125.36401220444748,1.4712793853414752,1.4479793637145313,1.1855719143030046,Lumpy
51,HOME AND KITCHEN II,1166,20.15795724465558,13.0,34.24938218640142,0.0,370.0,5.215026927389599,36.71439874549217,1.6990502444776645,1.444253859348199,1.691197055296329,Lumpy
51,HOME APPLIANCES,896,1.0783847980997625,1.0,1.3381957769478692,0.0,9.0,1.4387301185640589,2.3978764615611867,1.240926038706218,1.8794642857142856,0.3513943601104679,Intermittent
51,HOME CARE,1044,201.1728028503563,251.0,172.2195277687046,0.0,1279.0,0.1272540502044131,-0.5047007461590218,0.856077587664547,1.6130268199233715,0.0742963568271104,Intermittent
51,LADIESWEAR,851,2.5546318289786223,1.0,3.9648076181289222,0.0,31.0,2.3468446075288,7.160097612180133,1.5520074445177885,1.9788484136310225,0.7225812172767567,Lumpy
51,LAWN AND GARDEN,1609,17.32007125890736,12.0,19.24316952561601,0.0,256.0,3.61050910583416,25.727028494884248,1.111032930341358,1.0466128029832191,1.1348813677279463,Erratic
51,LINGERIE,1588,6.628859857482185,5.0,5.76319293116522,0.0,55.0,2.129746955108621,7.947406607848148,0.8694093787170245,1.0604534005037782,0.6557754136081597,Erratic
51,"LIQUOR,WINE,BEER",1498,160.3414489311164,116.0,139.71006767168558,0.0,2280.0,3.311413690257463,33.689330402384584,0.8713284593731875,1.124165554072096,0.5649058786258206,Erratic
51,MAGAZINES,1047,5.828978622327791,4.0,6.692816452617433,0.0,40.0,1.3271789169645525,1.8656349191724375,1.1481971173873464,1.6084049665711555,0.4414010581053147,Intermittent
51,MEATS,1679,636.5975572743469,594.6565,187.3439426930433,0.0,1387.214,1.0095042412192363,1.4416154927904206,0.2942894463731215,1.0029779630732578,0.0833800125748549,Smooth
51,PERSONAL CARE,1679,287.5047505938242,266.5,114.11001005820708,0.0,1716.0,4.551156238335238,48.67989594808712,0.3968978245476731,1.0029779630732578,0.1540910426225916,Smooth
51,PET SUPPLIES,1016,11.033254156769596,11.0,10.738362694259148,0.0,49.0,0.5054367142855425,-0.7087242137677969,0.9732724852256952,1.65748031496063,0.1748310450876591,Intermittent
51,PLAYERS AND ELECTRONICS,1014,7.150237529691212,6.0,7.941105584288897,0.0,83.0,1.5637389670241952,6.136584510458645,1.1106072420955269,1.660749506903353,0.3448436607445339,Intermittent
51,POULTRY,1679,845.1878284857482,706.7135000000001,697.2467412142413,0.0,6404.689,4.145252661663826,20.29976407403296,0.824960698336859,1.0029779630732578,0.6755703671205197,Erratic
51,PREPARED FOODS,1679,169.3291619192399,163.75349999999997,48.5259018485549,0.0,344.689,0.5416029478659327,0.5813478316315037,0.2865773461479266,1.0029779630732578,0.0789136104341183,Smooth
51,PRODUCE,1583,3364.1035452494057,4321.9475,2921.7597706188417,0.0,10047.7295,0.02504739346751,-1.3836284416139886,0.8685106541217837,1.063802905874921,0.6490937810329486,Erratic
51,SCHOOL AND OFFICE SUPPLIES,879,6.0570071258907365,1.0,19.247520852727924,0.0,195.0,5.895542895933744,40.15152618729956,3.177727952023777,1.915813424345848,4.792816146809468,Lumpy
51,SEAFOOD,1679,65.86258426484561,64.75,21.097932365017957,0.0,138.6768,0.3028196040768371,0.1327119232720948,0.3203325924755539,1.0029779630732578,0.0993391783241736,Smooth
52,AUTOMOTIVE,118,0.8889548693586699,0.0,3.728002349855556,0.0,34.0,4.933328905397228,26.621162524195007,4.193691349428577,14.271186440677964,0.3024177947938442,Intermittent
52,BABY CARE,0,0.0,0.0,0.0,0.0,0.0,,,0.0,,,No Sales
52,BEAUTY,118,0.5771971496437055,0.0,2.3116667299582083,0.0,21.0,4.457885693535507,21.14009672092834,4.004986385293442,14.271186440677964,0.1940083658862724,Intermittent
52,BEVERAGES,118,319.3562945368171,0.0,1201.9743932121903,0.0,7633.0,3.767947176774769,13.350775185022329,3.7637410433751657,14.271186440677964,0.0626829594522933,Intermittent
52,BOOKS,0,0.0,0.0,0.0,0.0,0.0,,,0.0,,,No Sales
52,BREAD/BAKERY,118,57.91023580760094,0.0,216.9731841301569,0.0,1304.126,3.696216481761456,12.528158524422455,3.7467156039093807,14.271186440677964,0.0537230299365774,Intermittent
52,CELEBRATION,117,0.7975059382422803,0.0,3.2847764383538705,0.0,30.0,4.72327347335689,24.065567188322134,4.1188112548412805,14.393162393162394,0.2481347534481602,Intermittent
52,CLEANING,118,119.60273159144892,0.0,448.6829904364859,0.0,2931.0,3.729130388373962,12.952546419911329,3.751444339627552,14.271186440677964,0.0562075337053701,Intermittent
52,DAIRY,118,83.48218527315915,0.0,312.3311367664124,0.0,2054.0,3.6916383967414728,12.55610742373404,3.741290860327904,14.271186440677964,0.0508766993022879,Intermittent
52,DELI,118,26.5228170783848,0.0,100.50627966634478,0.0,713.308,3.8504530912262487,14.229972580100572,3.789427019216016,14.271186440677964,0.0762775189637121,Intermittent
52,EGGS,118,14.846793349168646,0.0,55.54042670011574,0.0,316.0,3.6714758819689313,12.246311773341372,3.740903869958212,14.271186440677964,0.0506738054663346,Intermittent
52,FROZEN FOODS,118,24.122381247030876,0.0,93.54266623596554,0.0,837.665,4.175523523717735,18.18152891635045,3.877837153560513,14.271186440677964,0.123776292702468,Intermittent
52,GROCERY I,118,437.1811163895487,0.0,1647.6838839921325,0.0,10462.0,3.777554676879463,13.402694103215648,3.768881642454567,14.271186440677964,0.0653962722789164,Intermittent
52,GROCERY II,118,3.3681710213776723,0.0,14.120068221633291,0.0,199.0,5.564269972173125,41.55461482379581,4.192206431271295,14.271186440677964,0.3015452394136502,Intermittent
52,HARDWARE,109,0.2345605700712589,0.0,1.0368359778219929,0.0,11.0,5.420975618279371,33.86475357330949,4.420333618249099,15.44954128440367,0.3294472037919007,Intermittent
52,HOME AND KITCHEN I,118,4.112826603325416,0.0,16.836304282459047,0.0,159.0,4.771921559059375,25.296984542838132,4.093609067971037,14.271186440677964,0.2442998543407204,Intermittent
52,HOME AND KITCHEN II,118,3.723871733966746,0.0,14.81113483754526,0.0,116.0,4.416546610146421,20.52102842608721,3.977348279337962,14.271186440677964,0.1785494789425439,Intermittent
52,HOME APPLIANCES,68,0.0694774346793349,0.0,0.4054784717571357,0.0,6.0,8.005380503598944,78.79003523728494,5.83611740693158,24.764705882352946,0.4157352614058601,Intermittent
52,HOME CARE,118,26.33432304038005,0.0,100.99803264742827,0.0,720.0,4.000510496849016,15.828869623159594,3.835224185893312,14.271186440677964,0.1007455212269087,Intermittent
52,LADIESWEAR,116,0.7505938242280285,0.0,3.4000182867832742,0.0,46.0,6.21764730416496,48.777462965914985,4.529771192495965,14.517241379310343,0.4822945039973612,Intermittent
52,LAWN AND GARDEN,118,4.576009501187649,0.0,25.113581306210843,0.0,712.0,15.861261765951609,391.41758451062793,5.488096406750208,14.271186440677964,1.1805616731158182,Lumpy
52,LINGERIE,117,0.5956057007125891,0.0,2.834048944835854,0.0,45.0,7.003907091726223,66.05530242880855,4.758263624218008,14.393162393162394,0.6425210906156893,Lumpy
52,"LIQUOR,WINE,BEER",118,14.697149643705464,0.0,60.3375478710137,0.0,719.0,5.029041394756708,30.353841119983528,4.10539113567166,14.271186440677964,0.251068819913941,Intermittent
52,MAGAZINES,118,0.7404988123515439,0.0,2.98010006975782,0.0,24.0,4.428473230441003,20.099796909220142,4.024449487325579,14.271186440677964,0.2049589423210298,Intermittent
52,MEATS,118,35.260641300475065,0.0,136.07268553839648,0.0,1050.017,4.136388280549037,17.72548540280413,3.859053055076005,14.271186440677964,0.1135928010463804,Intermittent
52,PERSONAL CARE,118,26.989311163895486,0.0,104.57430335114948,0.0,835.0,4.150828663659148,17.708326097950504,3.874656256035441,14.271186440677964,0.1220483433595548,Intermittent
52,PET SUPPLIES,118,1.0338479809976246,0.0,4.1084663372539225,0.0,39.0,4.503382620802639,22.659591975230985,3.9739559478710302,14.271186440677964,0.1766594162041248,Intermittent
52,PLAYERS AND ELECTRONICS,118,1.9910926365795725,0.0,7.729884106979416,0.0,51.0,4.061725405632017,16.183283538832562,3.8822322784418897,14.271186440677964,0.1261661772547781,Intermittent
52,POULTRY,118,34.657403141330164,0.0,130.47568507504897,0.0,775.523,3.73815703782588,12.876995729413208,3.764727684276133,14.271186440677964,0.0632034414686382,Intermittent
52,PREPARED FOODS,118,9.47221260688836,0.0,35.41723170098702,0.0,231.0,3.6741754986677777,12.334633444878294,3.7390663794319727,14.271186440677964,0.0497107199188322,Intermittent
52,PRODUCE,118,345.10553046318296,0.0,1304.0611237934986,0.0,8154.466,3.8166082281535054,13.850285856647144,3.778731456547439,14.271186440677964,0.0706055508624998,Intermittent
52,SCHOOL AND OFFICE SUPPLIES,113,1.32541567695962,0.0,10.685630688546688,0.0,174.0,11.872315357737644,154.21137344044877,8.062097699792137,14.902654867256636,3.4285679297924845,Lumpy
52,SEAFOOD,118,0.7241543937054632,0.0,3.117216661231557,0.0,45.0,5.823571280292719,45.07998631275333,4.304629902162548,14.271186440677964,0.3684803800953611,Intermittent
53,AUTOMOTIVE,1110,4.728028503562945,3.0,5.5197462986162495,0.0,32.0,1.4548181057774228,2.1574141926912507,1.167451992577716,1.5171171171171172,0.5575225726834692,Lumpy
53,BABY CARE,14,0.013064133016627,0.0,0.1647581346029234,0.0,4.0,16.225761138597772,309.332663900109,12.61148533789008,120.28571428571428,0.330578511975958,Intermittent
53,BEAUTY,1103,3.3551068883610453,2.0,3.826837198760817,0.0,22.0,1.4265902478162835,2.20094423914758,1.140600679786273,1.526745240253853,0.5071079644037734,Lumpy
53,BEVERAGES,1169,1242.7547505938242,1152.0,1146.2735725621487,0.0,6044.0,0.7426428621774585,0.1103314832093276,0.9223650700297092,1.44054747647562,0.2847596852134314,Intermittent
53,BOOKS,55,0.0457244655581947,0.0,0.2836385745017405,0.0,4.0,8.073849275271316,79.25652776966444,6.203212324866514,30.618181818181817,0.2894248604399682,Intermittent
53,BREAD/BAKERY,1169,311.123608087886,326.4015,258.5629368421933,0.0,1529.256,0.5447103118265367,0.3691879355339322,0.8310617713340596,1.44054747647562,0.1736257883791039,Intermittent
53,CELEBRATION,947,5.237529691211401,3.0,6.827053740903534,0.0,80.0,2.4044985483189656,13.043155464369065,1.3034873579916644,1.778247096092925,0.5178314075841547,Lumpy
53,CLEANING,1168,635.3099762470309,616.5,580.9082352544679,0.0,6881.0,1.5111527750143725,8.677736809393615,0.9143697674718646,1.4417808219178083,0.2734751660977443,Intermittent
53,DAIRY,1169,340.94536817102136,322.5,299.2009359999552,0.0,1694.0,0.728739024149723,0.482080748873769,0.8775626945868807,1.44054747647562,0.228780246288342,Intermittent
53,DELI,1169,146.22441002969123,146.9385,125.4869674046712,0.0,680.466,0.6596378150033302,0.4962389506168514,0.8581807057955138,1.44054747647562,0.2054265146854656,Intermittent
53,EGGS,1169,64.31175771971496,69.5,52.331549273879546,0.0,322.0,0.4066881476557813,0.0660225515611796,0.8137166690597765,1.44054747647562,0.1538216162011204,Intermittent
53,FROZEN FOODS,1169,113.28125903384796,83.0,195.57835184357145,0.0,3594.069,8.6517009630753,116.19494049718132,1.726484623404538,1.44054747647562,1.7633585285317552,Lumpy
53,GROCERY I,1169,1907.2951306413304,1806.5,1657.156436866198,0.0,8443.0,0.6460061881746267,0.1575139438455726,0.86885160573346,1.44054747647562,0.2182195598854146,Intermittent
53,GROCERY II,1167,10.311757719714963,8.0,14.579972907195486,0.0,282.0,8.506964088773833,136.6012231108356,1.413917326423044,1.4430162810625535,1.0783980371513655,Lumpy
53,HARDWARE,735,0.911520190023753,0.0,1.4044839350101612,0.0,13.0,2.209847763009744,7.2170783200378,1.5408149472067618,2.291156462585034,0.4726670835482394,Intermittent
53,HOME AND KITCHEN I,1093,14.108669833729216,8.0,20.69503585783372,0.0,318.0,5.068614932145746,55.047556451649406,1.466831111668077,1.5407136322049406,1.0455413935709128,Lumpy
53,HOME AND KITCHEN II,1095,13.633610451306414,7.0,18.775377721362712,0.0,245.0,3.362413026921513,23.113810466013508,1.377139077505802,1.5378995433789957,0.8834208329225963,Lumpy
53,HOME APPLIANCES,130,0.089667458432304,0.0,0.3318595610736011,0.0,3.0,4.255248318241949,21.088754245970705,3.701003275599039,12.953846153846154,0.1345993594454466,Intermittent
53,HOME CARE,983,116.06116389548694,110.0,125.87408098464309,0.0,1393.0,1.555893245987183,7.274501787236197,1.0845495319770198,1.7131230925737535,0.2703393566761407,Intermittent
53,LADIESWEAR,833,2.651425178147268,0.0,4.124285483324916,0.0,32.0,2.1600438725261624,5.65984799628405,1.5554975926763046,2.021608643457383,0.6915107546617307,Lumpy
53,LAWN AND GARDEN,856,3.621140142517815,1.0,11.23206639780424,0.0,219.0,12.224205259357705,194.52357589699767,3.101803838746949,1.9672897196261685,4.39889318334258,Lumpy
53,LINGERIE,1081,4.858669833729216,2.0,33.10844094620909,0.0,1059.0,27.076405899716967,781.3237768278665,6.814301459538111,1.5578168362627196,29.44947472916853,Lumpy
53,"LIQUOR,WINE,BEER",1063,68.89904988123516,40.0,162.05011328366697,0.0,4821.0,16.87487116842601,448.2251432260055,2.3519934391061863,1.584195672624647,3.123147948540132,Lumpy
53,MAGAZINES,828,2.078978622327791,0.0,3.168889732964136,0.0,42.0,2.934555208076754,19.34914710159862,1.5242531584532313,2.033816425120773,0.634045065046827,Lumpy
53,MEATS,1169,167.3319704381829,171.287,140.07351646440608,0.0,658.713,0.4130944832513268,-0.459475876160055,0.8370995458713973,1.44054747647562,0.1806175620572123,Intermittent
53,PERSONAL CARE,1168,174.6270783847981,157.0,284.5553098255179,0.0,7504.0,14.714204398224252,322.4623444630898,1.6295027807592293,1.4417808219178083,1.5352531098678084,Lumpy
53,PET SUPPLIES,825,2.089667458432304,0.0,3.0060766064756947,0.0,17.0,1.682118337460332,2.648312760731054,1.438543052822553,2.041212121212121,0.5037173669632371,Lumpy
53,PLAYERS AND ELECTRONICS,910,3.472684085510689,2.0,4.793710216657936,0.0,51.0,2.3130209436941733,9.93087974410834,1.3804049251927777,1.8505494505494504,0.5700838242409039,Lumpy
53,POULTRY,1169,137.12691597862232,141.6695,126.94568678618388,0.0,1802.0381,3.14395738596556,34.853702905965434,0.9257532401957363,1.44054747647562,0.2891064626932593,Intermittent
53,PREPARED FOODS,1167,50.00939847624703,50.362,43.14138648550301,0.0,228.562,0.6225544697430212,0.219371545447025,0.862665574854519,1.4430162810625535,0.2087125536630612,Intermittent
53,PRODUCE,1141,1109.2805814133017,1082.7775,1140.6865393883654,0.0,4876.91,0.6435230025010583,-0.4311413581090972,1.0283120055468942,1.4758983347940404,0.3940157883843557,Intermittent
53,SCHOOL AND OFFICE SUPPLIES,448,0.7529691211401425,0.0,4.455056319932818,0.0,100.0,17.000365235438743,318.8043108572935,5.916652076343237,3.758928571428572,8.578998690312597,Lumpy
53,SEAFOOD,1103,3.889245308907364,3.0,4.35323262328661,0.0,30.462,1.4673879170361848,2.92442256175719,1.1193000894536782,1.526745240253853,0.4755786566435442,Intermittent
54,AUTOMOTIVE,1640,5.656769596199525,5.0,3.4477446952654702,0.0,20.0,0.7752455708408952,0.5960435075193766,0.6094900342012042,1.026829268292683,0.3356437571005565,Smooth
54,BABY CARE,157,0.1799287410926365,0.0,0.6799126635653747,0.0,7.0,5.019798755715917,30.52183547257067,3.778788511817199,10.726114649681527,0.4244899733099497,Intermittent
54,BEAUTY,699,0.6276722090261283,0.0,0.9486677979621578,0.0,8.0,2.1580636008717216,6.907272507076591,1.5114064041845463,2.4091559370529327,0.3632780154318231,Intermittent
54,BEVERAGES,1679,1285.6561757719714,1146.5,1046.110000984694,0.0,17614.0,5.354893505990006,58.4852222704763,0.8136778873680939,1.0029779630732578,0.6571368121578698,Erratic
54,BOOKS,0,0.0,0.0,0.0,0.0,0.0,,,0.0,,,No Sales
54,BREAD/BAKERY,1679,218.5160332541568,200.0,78.45409026782391,0.0,560.0,1.1723050714090903,1.5106751572245187,0.3590312760996108,1.0029779630732578,0.1255516060977404,Smooth
54,CELEBRATION,953,2.931710213776722,2.0,3.6403931650075823,0.0,22.0,1.4502340247198886,2.258627156055147,1.2417302183070074,1.7670514165792237,0.4384946085667787,Intermittent
54,CLEANING,1679,1040.2393111638955,942.0,437.10554430615895,0.0,6238.0,2.4788706201526463,17.38850813877965,0.4201971023539508,1.0029779630732578,0.1730722390166079,Smooth
54,DAIRY,1679,180.0896674584323,173.5,100.58846291628537,0.0,563.0,0.5229721074478615,0.4526964642191751,0.5585465525885559,1.0029779630732578,0.3080788409234238,Smooth
54,DELI,1679,183.8731644893112,174.0,70.88159665402671,0.0,509.01,0.7520776559509832,0.7717877884693851,0.3854917972968354,1.0029779630732578,0.145193581585488,Smooth
54,EGGS,1679,70.62173396674584,61.0,41.25025044577263,0.0,353.0,1.2513714040321706,2.3015535556768967,0.5841013541895237,1.0029779630732578,0.3371922827263435,Smooth
54,FROZEN FOODS,1678,33.8016799175772,25.0,43.63439530113536,0.0,623.737,6.493570911534713,59.81953211785694,1.29089428117903,1.0035756853396902,1.6569077789870532,Erratic
54,GROCERY I,1679,2642.9868141330167,2423.3835,1015.1494199630714,0.0,13533.0,1.6397500841379768,8.824713215798894,0.3840917459498141,1.0029779630732578,0.1441193242078873,Smooth
54,GROCERY II,1616,7.960807600950119,7.0,6.316447881293082,0.0,79.0,2.773179085284309,17.62275715880512,0.7934431023990297,1.042079207920792,0.5637505713337194,Erratic
54,HARDWARE,752,0.7072446555819477,0.0,1.0701831305985698,0.0,11.0,2.712719640049112,13.077541592075878,1.5131724512005116,2.23936170212766,0.4690306032719806,Intermittent
54,HOME AND KITCHEN I,1161,14.946555819477435,13.0,15.32609107731215,0.0,123.0,1.4364536525753646,3.813664104635871,1.0253928236975327,1.450473729543497,0.4143175441180115,Intermittent
54,HOME AND KITCHEN II,1164,8.684679334916865,7.0,9.612490783035556,0.0,114.0,2.7857652793750223,18.20555219548616,1.1068331266166131,1.4467353951890034,0.538000368093191,Lumpy
54,HOME APPLIANCES,273,0.1811163895486935,0.0,0.4343884097112602,0.0,3.0,2.4511926356130544,6.065026456293239,2.398393698081532,6.168498168498169,0.0946412253075989,Intermittent
54,HOME CARE,1044,133.29809976247031,146.5,122.5083650106259,0.0,529.0,0.4328433781775603,-0.6744795749753436,0.919055599652282,1.6130268199233715,0.1436035486070631,Intermittent
54,LADIESWEAR,0,0.0,0.0,0.0,0.0,0.0,,,0.0,,,No Sales
54,LAWN AND GARDEN,0,0.0,0.0,0.0,0.0,0.0,,,0.0,,,No Sales
54,LINGERIE,1467,4.2992874109263655,3.0,3.997710088666312,0.0,33.0,1.6802570188142114,4.642320463665952,0.9298541143298612,1.1479209270620314,0.6243528888529309,Erratic
54,"LIQUOR,WINE,BEER",1496,23.866389548693583,17.0,25.73857860357361,0.0,277.0,3.899077998404712,27.24526479929741,1.0784445862656282,1.125668449197861,0.9215628964347704,Erratic
54,MAGAZINES,459,0.4530878859857482,0.0,0.8971100152430861,0.0,8.0,2.536635792209919,8.187800263079593,1.9799911695085868,3.668845315904139,0.3411208768606148,Intermittent
54,MEATS,1679,52.085961022565314,51.2645,16.554557394235566,0.0,126.09,0.3272525345761039,0.639086833797208,0.3178314668466185,1.0029779630732578,0.0977477889387885,Smooth
54,PERSONAL CARE,1679,182.0855106888361,168.0,77.15333810687477,0.0,681.0,1.052561973760579,1.935590423114645,0.4237203598165344,1.0029779630732578,0.1760367493108498,Smooth
54,PET SUPPLIES,133,0.1021377672209026,0.0,0.3840899909691876,0.0,3.0,4.444362879715696,22.348078623260417,3.7605089445314825,12.661654135338344,0.1958491073228607,Intermittent
54,PLAYERS AND ELECTRONICS,905,1.9691211401425175,1.0,2.661013761610758,0.0,25.0,1.906864829774398,5.643639970702722,1.351371282351269,1.8607734806629836,0.5188330946572949,Lumpy
54,POULTRY,1678,52.78492410433491,49.1755,26.518979702461305,0.0,353.715,2.5550383635702,16.99901892382888,0.5023968519788222,1.0035756853396902,0.2479403548467664,Smooth
54,PREPARED FOODS,1679,61.21733966745843,60.0,28.500327681594477,0.0,179.0,0.3227289567113924,0.1368062093969704,0.465559722718218,1.0029779630732578,0.2131331895760808,Smooth
54,PRODUCE,1016,354.02631494655583,426.005,317.9412563890316,0.0,1693.626,0.18388944655332,-1.0819509689581894,0.8980723832241969,1.65748031496063,0.0899278798113194,Intermittent
54,SCHOOL AND OFFICE SUPPLIES,162,0.6074821852731591,0.0,2.965713186695511,0.0,51.0,7.904200966277411,84.22560949046267,4.881975560287384,10.395061728395062,1.3889887423469551,Lumpy
54,SEAFOOD,1019,1.7446555819477434,1.0,2.259606294433117,0.0,24.0,2.242912742775511,8.929176299125059,1.2951589508660046,1.6526005888125614,0.6201353958999779,Lumpy
6,AUTOMOTIVE,1631,5.3610451306413305,5.0,3.754687059823113,0.0,28.0,1.4620302691795202,3.446820191564901,0.7003647549360553,1.032495401594114,0.44360041475524,Smooth
6,BABY CARE,7,0.007125890736342,0.0,0.128748980834847,0.0,4.0,23.206322914058152,622.8966005409733,18.06777110831299,240.57142857142856,0.3611111106898148,Intermittent
6,BEAUTY,1635,5.664489311163895,5.0,3.990296756775166,0.0,27.0,1.3096785732725011,2.4056063039130238,0.7044406895086593,1.0299694189602446,0.452700106922844,Smooth
6,BEVERAGES,1679,3006.5950118764845,2886.0,1613.5223790866985,0.0,9537.0,0.8718857899299731,0.6650620020318114,0.5366610310708676,1.0029779630732578,0.2841808192110525,Smooth
6,BOOKS,27,0.0451306413301662,0.0,0.4110773684908194,0.0,6.0,10.679717390955112,122.99797254126588,9.108608857890031,62.37037037037037,0.3462603875656072,Intermittent
6,BREAD/BAKERY,1679,545.7854864251782,519.418,166.49734114459577,0.0,1139.132,0.7780202317805465,0.9201049893870734,0.305060037845319,1.0029779630732578,0.0898161943069149,Smooth
6,CELEBRATION,1014,9.354513064133016,8.0,10.23945363526012,0.0,70.0,1.1845111689474463,1.830093344317823,1.0946003884932862,1.660749506903353,0.3235891394454318,Intermittent
6,CLEANING,1679,1235.8236342042755,1153.0,344.17548779807714,0.0,2442.0,0.7639687448860849,0.6455961882566768,0.278498871741846,1.0029779630732578,0.0743622105711019,Smooth
6,DAIRY,1679,957.2648456057008,900.0,355.25410921386566,0.0,2197.0,0.7077753446865958,0.5889824274178408,0.3711137109487299,1.0029779630732578,0.1343473419575467,Smooth
6,DELI,1679,341.66291256532065,319.929,110.88205083648911,0.0,815.781,0.8642716739556383,0.8637064808997943,0.3245363975961706,1.0029779630732578,0.1020420328856075,Smooth
6,EGGS,1679,204.88598574821853,188.0,69.08382507313951,0.0,448.0,1.0556098916408014,0.9702945318386762,0.3371817980645024,1.0029779630732578,0.1103848797769633,Smooth
6,FROZEN FOODS,1679,224.84409724406171,168.0,249.80708982870385,0.0,3144.163,6.254939741926654,47.5844762702181,1.1110235620570217,1.0029779630732578,1.2277392302813053,Erratic
6,GROCERY I,1679,4635.775634798099,4328.0,1444.9487739772333,0.0,12878.0,0.9349204706256836,1.249074227243205,0.3116951483006474,1.0029779630732578,0.0938962827381955,Smooth
6,GROCERY II,1679,35.197149643705465,33.0,16.791486120270907,0.0,192.0,2.188065205145017,11.324046151368297,0.4770694868695644,1.0029779630732578,0.2239504161593753,Smooth
6,HARDWARE,863,0.931710213776722,1.0,1.2123539348277603,0.0,9.0,1.7284383664216243,4.270658402776976,1.3012135271247325,1.951332560834299,0.3801628179869953,Intermittent
6,HOME AND KITCHEN I,1166,17.417458432304038,14.0,19.81160566324977,0.0,189.0,2.5662161358143187,12.862224230384964,1.1374567500254729,1.444253859348199,0.58823038166901,Lumpy
6,HOME AND KITCHEN II,1166,29.3687648456057,12.0,44.02830549428029,0.0,883.0,5.911273168086115,88.50090751758745,1.4991541429897373,1.444253859348199,1.2485403957839658,Lumpy
6,HOME APPLIANCES,425,0.3925178147268408,0.0,0.791712463574717,0.0,6.0,2.355180891448453,6.058067699953883,2.0170102651485298,3.962352941176471,0.2791213968730632,Intermittent
6,HOME CARE,1044,202.09679334916865,233.0,180.87488494528247,0.0,954.0,0.3284659997497299,-0.7125185143512711,0.894991365013321,1.6130268199233715,0.1165403582940671,Intermittent
6,LADIESWEAR,1016,19.272565320665084,17.0,21.1707778886843,0.0,121.0,1.2322838581824247,1.563739220571274,1.0984929891448003,1.65748031496063,0.3313502594107922,Intermittent
6,LAWN AND GARDEN,1548,7.78562945368171,6.0,8.552187571156525,0.0,119.0,4.204526044224716,36.49841162019219,1.0984580785582934,1.0878552971576227,1.0284041049956232,Erratic
6,LINGERIE,1644,8.145486935866984,7.0,5.865037704969013,0.0,55.0,1.6841363332887989,5.662636210792909,0.7200352477914469,1.024330900243309,0.4823830441025155,Smooth
6,"LIQUOR,WINE,BEER",1499,93.374703087886,63.0,84.44278925389871,0.0,641.0,1.8941031144922496,5.6170830716791045,0.9043433227682154,1.123415610406938,0.6181338665761055,Erratic
6,MAGAZINES,930,3.6585510688836105,1.0,4.864107409738474,0.0,28.0,1.506678202810022,2.1986758433943896,1.3295174283007114,1.810752688172043,0.5284343416475425,Lumpy
6,MEATS,1679,495.3244087589073,468.7105,127.60326582638427,0.0,872.382,0.2747179694629582,-0.2098955670843905,0.2576155415919264,1.0029779630732578,0.0631995981269895,Smooth
6,PERSONAL CARE,1679,321.3735154394299,291.5,132.14417569572265,0.0,1076.0,1.078752549514456,1.569018725258891,0.4111856433303914,1.0029779630732578,0.1656025120420915,Smooth
6,PET SUPPLIES,1020,5.90855106888361,6.0,5.997719126276317,0.0,30.0,0.7487164459621529,-0.0094743214461456,1.0150913574813976,1.6509803921568629,0.2298210650774988,Intermittent
6,PLAYERS AND ELECTRONICS,1015,7.770190023752969,7.0,8.120092654304186,0.0,57.0,0.9934849718333212,1.275513474775991,1.0450314121580753,1.6591133004926109,0.2609691285036771,Intermittent
6,POULTRY,1679,631.0924707660332,602.004,219.00889790462543,0.0,1430.984,0.4436324740667468,0.0782525571478478,0.347031390880707,1.0029779630732578,0.1171040915230675,Smooth
6,PREPARED FOODS,1679,140.61649873099762,131.20499999999998,45.97742200850272,0.0,403.251,0.772732158132761,0.8884684828671285,0.3269703229926919,1.0029779630732578,0.1036230434478079,Smooth
6,PRODUCE,1599,1718.16134239905,2029.45955,1516.3687107276248,0.0,5186.591,0.1117590213348858,-1.3719985650138231,0.8825531533665244,1.0531582238899313,0.6891099819234938,Erratic
6,SCHOOL AND OFFICE SUPPLIES,197,0.2648456057007126,0.0,1.205657403353939,0.0,18.0,8.902435247873896,99.89901509872364,4.552302824174787,8.548223350253807,1.5412837566066049,Lumpy
6,SEAFOOD,1679,43.45626770308789,41.7955,16.26517791277378,0.0,103.091,0.4764181700076496,0.0767716035672485,0.3742884230999831,1.0029779630732578,0.1367067529314749,Smooth
7,AUTOMOTIVE,1572,4.245843230403801,3.0,3.473193997676282,0.0,31.0,1.8766381603275253,7.080922071212921,0.8180221945047984,1.0712468193384224,0.5581472734598871,Erratic
7,BABY CARE,42,0.0285035629453681,0.0,0.1865931418384117,0.0,2.0,7.216198322807345,57.1121228428454,6.546309163164598,40.095238095238095,0.0937499998359374,Intermittent
7,BEAUTY,1600,3.647268408551069,3.0,2.331300677132136,0.0,16.0,0.9092584818635356,1.265992065745862,0.6391908725519568,1.0525,0.3383040110140236,Smooth
7,BEVERAGES,1679,3321.026722090261,3564.5,1312.6919427113608,0.0,9009.0,0.0899350194963955,-0.6981672694637528,0.3952669016420182,1.0029779630732578,0.1528029190101269,Smooth
7,BOOKS,71,0.1252969121140142,0.0,0.7425650285206771,0.0,10.0,7.41771786154289,61.84169412094738,5.926443118714171,23.718309859154928,0.5229891508351162,Lumpy
7,BREAD/BAKERY,1679,642.6353282304038,631.351,163.911723039185,0.0,1156.934,0.1762415207809093,-0.0402744803520831,0.2550617991859961,1.0029779630732578,0.0618942395708599,Smooth
7,CELEBRATION,1016,11.26187648456057,10.0,11.584439366394692,0.0,73.0,0.8367859977046893,0.4164009147649472,1.0286420190496404,1.65748031496063,0.2417066947479198,Intermittent
7,CLEANING,1679,1051.5136579572447,1027.0,231.59731757820987,0.0,2371.0,0.6019673656176783,2.741572767886006,0.2202513641410129,1.0029779630732578,0.0453975082295994,Smooth
7,DAIRY,1679,1225.2422802850356,1270.0,336.6873229188734,0.0,2067.0,-0.4218580778288028,-0.3430026235341197,0.2747924458175513,1.0029779630732578,0.0723175661635562,Smooth
7,DELI,1679,169.0064412577197,167.16,34.64694354050667,0.0,317.591,0.104481926957367,1.5082456957290624,0.2050036867379994,1.0029779630732578,0.0389326086320985,Smooth
7,EGGS,1679,284.90498812351547,286.0,46.40993114717334,0.0,473.0,-0.5761764572204321,3.705624261542471,0.1628961691849714,1.0029779630732578,0.0234872546847589,Smooth
7,FROZEN FOODS,1679,257.6521756947744,229.78,165.82178755928197,0.0,2714.102,6.828463266489438,68.97184353039934,0.6435877636642893,1.0029779630732578,0.4100062629542936,Smooth
7,GROCERY I,1679,3710.198334916865,3623.5,947.370052076915,0.0,12907.0,1.852278916713605,13.8133593474148,0.2553421587091213,1.0029779630732578,0.062036911309918,Smooth
7,GROCERY II,1679,40.0332541567696,38.0,17.68146730577098,0.0,178.0,1.115610454271711,3.85385443517424,0.4416694989642601,1.0029779630732578,0.1915236329357211,Smooth
7,HARDWARE,1290,2.0475059382422804,2.0,1.975833737388654,0.0,15.0,1.4717149845431816,3.2237064141929705,0.9649953631489098,1.3054263565891473,0.4793757162879611,Smooth
7,HOME AND KITCHEN I,1162,14.48812351543943,11.0,18.81347943876464,0.0,323.0,5.954642836392996,81.21595231081075,1.2985449369904465,1.4492254733218588,0.8535548835897968,Lumpy
7,HOME AND KITCHEN II,1165,13.874109263657957,11.0,18.21045664158233,0.0,299.0,5.6944911819281,60.90186417502411,1.312549605470566,1.4454935622317595,0.8836379061682416,Lumpy
7,HOME APPLIANCES,780,0.7743467933491687,0.0,1.0408097356686472,0.0,6.0,1.531729953509309,2.64793383986312,1.3441131845111314,2.158974358974359,0.2999877673403172,Intermittent
7,HOME CARE,1044,150.416864608076,198.0,126.64450160525683,0.0,1080.0,0.1212870256654458,0.3058312041872506,0.841956797426924,1.6130268199233715,0.0594313917379377,Intermittent
7,LADIESWEAR,1011,7.276128266033254,6.0,7.818707404982966,0.0,41.0,0.8916136327369535,0.1692591615514866,1.074569759910368,1.665677546983185,0.2935878093890601,Intermittent
7,LAWN AND GARDEN,1664,19.03147268408551,16.0,15.298132482468375,0.0,196.0,2.6957831369542022,16.127801560762958,0.8038333520273048,1.0120192307692308,0.6265976058402353,Erratic
7,LINGERIE,1639,8.90439429928741,8.0,6.113126305884859,0.0,40.0,1.1430418498620785,1.774070144770148,0.6865291562490156,1.0274557657107992,0.4320054755553857,Smooth
7,"LIQUOR,WINE,BEER",1499,159.33669833729215,127.5,112.64974750460824,0.0,748.0,0.8669048966240961,0.6798250989068668,0.7069918523442632,1.123415610406938,0.3350691101220768,Smooth
7,MAGAZINES,1028,6.634204275534442,4.0,7.543565860189238,0.0,47.0,1.080695133772275,0.7954766786083876,1.1370716887436312,1.6381322957198443,0.3997233505514792,Intermittent
7,MEATS,1679,522.573431739905,482.776,149.41418893611282,0.0,1598.867,1.539523479781781,4.785989508633277,0.2859199872415122,1.0029779630732578,0.0785383916009203,Smooth
7,PERSONAL CARE,1679,213.29750593824227,211.0,65.07612913237304,0.0,734.0,1.2459584627248457,6.777535093383479,0.3050955933395206,1.0029779630732578,0.0898378242786829,Smooth
7,PET SUPPLIES,1006,3.848574821852732,3.0,4.178498475865492,0.0,22.0,0.9555242372509012,0.4137061009939771,1.0857261890956835,1.6739562624254474,0.3015879847345397,Intermittent
7,PLAYERS AND ELECTRONICS,1013,6.910926365795724,6.0,7.368508413782546,0.0,55.0,1.0805461590183216,1.7305999671523713,1.06621139087595,1.6623889437314907,0.2853831459463586,Intermittent
7,POULTRY,1679,604.8893720427553,642.247,211.08506402132664,0.0,1178.331,-0.5051977690025844,-0.2919240211416283,0.3489647426076079,1.0029779630732578,0.1184457015844425,Smooth
7,PREPARED FOODS,1679,179.4110635095012,180.125,38.467000063480135,0.0,315.301,-0.1525874702210317,1.043995090727635,0.2144070678296191,1.0029779630732578,0.0428647779362341,Smooth
7,PRODUCE,1576,3311.6592648456053,4525.357,2819.362714439018,0.0,10294.375,-0.0844302746709316,-1.4867422812454674,0.8513444436650428,1.0685279187817258,0.6141715452095172,Erratic
7,SCHOOL AND OFFICE SUPPLIES,311,0.3182897862232779,0.0,0.9417086212971452,0.0,15.0,6.308340403828272,63.27459351518081,2.958651703884371,5.414790996784566,0.8012920462966961,Lumpy
7,SEAFOOD,1679,57.56578905166271,56.6565,17.527579093879716,0.0,122.185,0.2872654372943945,0.4799376224196425,0.3044790904862786,1.0029779630732578,0.0894631355561023,Smooth
8,AUTOMOTIVE,1626,5.279097387173397,4.0,3.862452809175125,0.0,51.0,2.435435508110781,17.835094880490033,0.7316502282810812,1.035670356703567,0.4824331377510243,Smooth
8,BABY CARE,109,0.0843230403800475,0.0,0.3581641367467766,0.0,4.0,5.380990783827767,35.76527241287819,4.247523937526348,15.44954128440367,0.232493552509568,Intermittent
8,BEAUTY,1660,7.187648456057008,6.0,4.514998960175252,0.0,30.0,1.170120261994007,1.808690792070582,0.6281607937770407,1.0144578313253012,0.3747106481717694,Smooth
8,BEVERAGES,1679,3769.091448931116,3695.0,1772.6674741254678,0.0,13511.0,0.7135369284450285,0.4043457088960362,0.4703169180540078,1.0029779630732578,0.2175721185996042,Smooth
8,BOOKS,140,0.1882422802850356,0.0,0.8005814384792815,0.0,13.0,6.592191206196403,62.15758439675693,4.252931025984777,12.028571428571428,0.5868403501668047,Lumpy
8,BREAD/BAKERY,1679,752.7838606294538,748.327985,210.35316065199584,0.0,1601.769,0.3651214240524974,0.2986955674462743,0.27943367499381,1.0029779630732578,0.0748822191637835,Smooth
8,CELEBRATION,1016,14.831353919239906,14.0,16.284949708335215,0.0,176.0,2.0538648368549843,11.377752663770726,1.098008300247736,1.65748031496063,0.3307079472514245,Intermittent
8,CLEANING,1679,1261.3159144893111,1209.0,273.1364736073572,0.0,3046.0,0.526695489092792,2.1066965843981187,0.2165488205369466,1.0029779630732578,0.0437850383752471,Smooth
8,DAIRY,1679,1409.627672209026,1366.0,428.6428948723053,0.0,3052.0,0.3572188112258321,0.0802606670040946,0.3040823497741609,1.0029779630732578,0.0892224113246898,Smooth
8,DELI,1679,278.53375283254155,264.2875,72.8727255207258,0.0,534.094,0.5260461860119525,0.3953547820093903,0.2616297837493191,1.0029779630732578,0.0652777858357574,Smooth
8,EGGS,1679,327.0463182897862,306.0,91.71147306455536,0.0,628.0,0.6101081284684204,0.1291387131222339,0.2804234994720597,1.0029779630732578,0.0754347341302371,Smooth
8,FROZEN FOODS,1679,237.57455934441808,187.3355,253.4247023141372,0.0,3041.584,6.275081363946535,45.74910845097622,1.066716499495529,1.0029779630732578,1.131536453448376,Erratic
8,GROCERY I,1679,4697.12945368171,4436.5,1341.5759791919472,0.0,13150.0,1.1562632316285524,3.398218940557616,0.2856161390527795,1.0029779630732578,0.0783652470023603,Smooth
8,GROCERY II,1679,41.47446555819477,39.0,18.32271901432188,0.0,157.0,1.564176327074606,4.924254973411666,0.4417831252863434,1.0029779630732578,0.1916237183574533,Smooth
8,HARDWARE,1404,2.387767220902613,2.0,2.0748734335595813,0.0,14.0,1.4163386712328394,3.262094033251743,0.8689596768592407,1.1994301994301997,0.4632705772170135,Smooth
8,HOME AND KITCHEN I,1166,29.719714964370542,28.0,28.13474645546906,0.0,237.0,1.4080638934325136,4.895493627933429,0.9466694579087216,1.444253859348199,0.3129153509288208,Intermittent
8,HOME AND KITCHEN II,1166,25.695961995249405,22.0,28.86112555008134,0.0,329.0,3.111872164600864,21.25256022936524,1.123177468673635,1.444253859348199,0.5658795796543009,Lumpy
8,HOME APPLIANCES,927,1.168646080760095,1.0,1.4117139128213216,0.0,9.0,1.3778249622143457,2.087876900714826,1.207990969083765,1.8166127292340888,0.3537514868767342,Intermittent
8,HOME CARE,1044,232.74643705463183,284.0,202.27144623590547,0.0,1147.0,0.1614689973862672,-0.9434631801387234,0.8690635560086271,1.6130268199233715,0.0881849221028316,Intermittent
8,LADIESWEAR,1016,24.815914489311165,23.0,25.401490285498596,0.0,142.0,0.8767246126765351,0.4996678357651998,1.023596784854173,1.65748031496063,0.2354598480271579,Intermittent
8,LAWN AND GARDEN,1652,16.815914489311165,13.0,15.09032451597508,0.0,277.0,5.409299582596282,67.6767338484965,0.8973835187298128,1.019370460048426,0.7709922451610163,Erratic
8,LINGERIE,1679,22.383016627078383,21.0,11.54403822123806,0.0,227.0,4.767342914564602,66.29840644364953,0.5157498836308166,1.0029779630732578,0.2622390412111854,Smooth
8,"LIQUOR,WINE,BEER",1498,147.60510688836104,126.0,98.16841773173766,0.0,629.0,0.98486594617269,2.000860780477354,0.6650746698440512,1.124165554072096,0.2830177114445116,Smooth
8,MAGAZINES,1032,8.235748218527316,4.0,9.983341467813863,0.0,52.0,1.2495295768345671,0.9751068458421392,1.21219605088739,1.631782945736434,0.5133258209808659,Lumpy
8,MEATS,1679,519.3246595724465,470.2325,183.08258149968475,0.0,1487.35,1.561312426686036,2.899869278376541,0.352539741998891,1.0029779630732578,0.1209461334959951,Smooth
8,PERSONAL CARE,1678,327.5059382422803,302.0,162.9938921312719,0.0,4790.0,12.622242489509436,332.6206661478935,0.4976822496885403,1.0035756853396902,0.2432421788225735,Smooth
8,PET SUPPLIES,1021,10.15439429928741,10.0,10.14162940364701,0.0,51.0,0.7079838601401598,-0.1029800868801857,0.9987429189508584,1.6493633692458374,0.2110657090818712,Intermittent
8,PLAYERS AND ELECTRONICS,1016,11.25771971496437,11.0,11.18692796395011,0.0,59.0,0.7002172766699435,0.0406522706566248,0.9937117148232184,1.65748031496063,0.1990869239156961,Intermittent
8,POULTRY,1679,598.6586910332542,596.2244800000001,226.7862954574718,0.0,1218.838,-0.1227195633163303,-0.609664395960178,0.3788240258663438,1.0029779630732578,0.1401124298581158,Smooth
8,PREPARED FOODS,1679,211.95246078681708,202.478495,57.15835438587901,0.0,457.33002,0.5512333818640076,0.5619323825811011,0.2696753516020723,1.0029779630732578,0.0695397453945646,Smooth
8,PRODUCE,1418,3059.516872387173,3714.696,2691.6551223465835,0.0,8684.208,0.0402428367142969,-1.4818960630993507,0.8797647584945505,1.1875881523272214,0.4937720848871886,Erratic
8,SCHOOL AND OFFICE SUPPLIES,401,0.4216152019002375,0.0,1.0096485850196024,0.0,13.0,4.200565628056215,27.678556974075217,2.3947157931553646,4.199501246882793,0.6036818084829428,Lumpy
8,SEAFOOD,1679,55.73170399287412,53.448,18.76915511899145,0.0,126.677,0.4199331806735675,-0.0664511255623661,0.3367769828292797,1.0029779630732578,0.1101128610563372,Smooth
9,AUTOMOTIVE,1671,13.870546318289788,12.0,8.191871409130004,0.0,81.0,1.4864840568756137,4.853174940303676,0.5905947192388202,1.0077797725912627,0.3383897544660605,Smooth
9,BABY CARE,222,0.1995249406175772,0.0,0.5853311890903377,0.0,6.0,3.6459130615144137,16.49092151244373,2.9336241591901957,7.585585585585585,0.2663690472670598,Intermittent
9,BEAUTY,1636,5.512470308788599,5.0,4.0993263251877545,0.0,32.0,1.584745113554378,3.965650768424673,0.7436459690147451,1.0293398533007334,0.5087430281339841,Erratic
9,BEVERAGES,1679,2741.9216152019003,2526.5,1545.2873883587704,0.0,12486.0,1.0626666512677154,1.6604639841362454,0.5635782510304986,1.0029779630732578,0.3137082703165624,Smooth
9,BOOKS,0,0.0,0.0,0.0,0.0,0.0,,,0.0,,,No Sales
9,BREAD/BAKERY,1679,567.6009501187649,535.0,154.1042653763136,0.0,1210.0,0.9306404898011228,1.5083636288183042,0.2715010701511287,1.0029779630732578,0.0705248476279782,Smooth
9,CELEBRATION,1010,9.653800475059382,7.0,12.794538567210552,0.0,164.0,3.8292122735705214,31.922751765318186,1.3253369591530235,1.6673267326732673,0.6532560784327814,Lumpy
9,CLEANING,1679,1721.7137767220902,1582.0,574.7882931756022,0.0,4335.0,0.9238980296262694,1.075123668011023,0.3338466015353536,1.0029779630732578,0.108153513115151,Smooth
9,DAIRY,1679,745.7986935866984,708.0,328.97145436841043,0.0,2310.0,0.6688226935634433,0.7189037377378806,0.4410995315450049,1.0029779630732578,0.191021977261509,Smooth
9,DELI,1679,584.622065368171,564.359,179.89210763881337,0.0,1319.114,0.5588327267983288,0.6002482846050703,0.3077066677687182,1.0029779630732578,0.0914331457842642,Smooth
9,EGGS,1679,192.6627078384798,173.5,88.59411443689493,0.0,599.0,0.9738108590461476,0.9381363160951453,0.4598404923837602,1.0029779630732578,0.2078563268964777,Smooth
9,FROZEN FOODS,1679,124.71208062660332,83.501,218.8929558075941,0.0,2748.9438,7.099302095999704,59.46714647686,1.755186463941851,1.0029779630732578,3.0685634913663984,Erratic
9,GROCERY I,1679,6147.920997624704,5668.11,2373.01099088908,0.0,38422.625,3.112363730500194,28.98838202684103,0.3859859278942466,1.0029779630732578,0.1455736604737958,Smooth
9,GROCERY II,1656,11.469121140142516,9.0,15.6313185665899,0.0,508.0,20.02945974989706,606.6292496216275,1.3629046527825548,1.0169082125603863,1.8099970649169443,Erratic
9,HARDWARE,1307,1.8859857482185276,1.0,1.7887397306553336,0.0,13.0,1.5635584856548042,3.974931339405989,0.9484375644919436,1.2884468247895944,0.4742818854791051,Smooth
9,HOME AND KITCHEN I,1166,33.18646080760095,26.0,45.64793139801954,0.0,889.0,7.185420578378898,99.92100120625284,1.3754986306400272,1.444253859348199,1.002415617051823,Lumpy
9,HOME AND KITCHEN II,1166,19.594418052256533,18.0,18.38451770939831,0.0,126.0,0.9720828146140824,1.2342709594642844,0.9382528054382744,1.444253859348199,0.3019306230695673,Intermittent
9,HOME APPLIANCES,453,0.3937054631828978,0.0,0.74552237337994,0.0,6.0,2.159304506814246,5.444964378216872,1.8936043342126532,3.717439293598234,0.2335742508222761,Intermittent
9,HOME CARE,1044,288.82363420427555,333.0,255.05540199632145,0.0,1170.0,0.23407260555262,-0.9233829993245876,0.8830835561574785,1.6130268199233715,0.103414118833421,Intermittent
9,LADIESWEAR,1015,9.47624703087886,8.0,10.667509272845471,0.0,68.0,1.2767374504782492,1.886210719861068,1.1257103404922977,1.6591133004926109,0.3665273915941806,Intermittent
9,LAWN AND GARDEN,1434,4.209026128266033,3.0,5.696209870611656,0.0,151.0,13.69882846390969,312.8039107341079,1.3533320287571975,1.1743375174337518,1.4111531295086523,Erratic
9,LINGERIE,1643,9.052850356294536,7.0,8.055268422445913,0.0,120.0,4.545515455906839,42.935251173406144,0.8898046587012455,1.024954351795496,0.7481289069287026,Erratic
9,"LIQUOR,WINE,BEER",1497,51.39726840855107,37.0,54.659620612981165,0.0,646.0,3.826442632634629,24.462870093675907,1.0634732604354489,1.1249164996659986,0.8943409366856332,Erratic
9,MAGAZINES,720,1.656769596199525,0.0,2.821028605153555,0.0,23.0,2.5357554540721647,8.418801201784467,1.702728375702936,2.338888888888889,0.6671522715946158,Lumpy
9,MEATS,1679,376.9424498752969,367.41,95.65252782698931,0.0,904.937,0.4503175168002843,1.210101811723777,0.253758969992316,1.0029779630732578,0.0612333012682893,Smooth
9,PERSONAL CARE,1679,443.36757719714967,403.0,177.88185894607415,0.0,1524.0,1.1092439096985245,1.9411740027110105,0.4012062859223809,1.0029779630732578,0.1575194337334104,Smooth
9,PET SUPPLIES,984,3.3824228028503565,2.0,3.9560921265656,0.0,32.0,1.334482882691255,2.4593390036126817,1.1696030792076646,1.7113821138211385,0.3836602266380529,Intermittent
9,PLAYERS AND ELECTRONICS,1015,6.826009501187649,6.0,7.404018488404241,0.0,59.0,1.187735023615517,2.2210060908644795,1.0846774365068417,1.6591133004926109,0.3118604623771992,Intermittent
9,POULTRY,1679,483.88038890736345,454.785,164.12926611083725,0.0,2198.853,1.3427119102466685,7.354173355265306,0.3391938790516261,1.0029779630732578,0.1117417616728424,Smooth
9,PREPARED FOODS,1679,88.7624281175772,82.1865,35.037132084979035,0.0,311.147,0.9237147455839516,1.572763154930504,0.3947293108991243,1.0029779630732578,0.1523794853292844,Smooth
9,PRODUCE,1016,969.1344971912114,1122.152,880.1862058358925,0.0,4059.907,0.2353162733004027,-1.1157957481909069,0.9082188368961986,1.65748031496063,0.1009852963097924,Intermittent
9,SCHOOL AND OFFICE SUPPLIES,901,6.051068883610451,1.0,22.28379373508995,0.0,326.0,7.911502421210972,75.15728221675927,3.682621064150141,1.8690344062153164,6.7910272041737,Lumpy
9,SEAFOOD,1672,16.884394422980996,15.557,9.376249295701042,0.0,60.219,0.8499653390515982,0.9289159961839232,0.5553204373373264,1.007177033492823,0.2990574095879114,Smooth
