store_nbr,family,n_days,mean,median,std,min,max,skewness,kurtosis,cv,adi,cv2,category
1,AUTOMOTIVE,1463,3.251187648456057,3.0,2.7587851065415494,0.0,19.0,1.3949084931766542,2.9442555991623447,0.8485468708652084,1.1510594668489404,0.49430315438231365,Erratic
1,BABY CARE,0,0.0,0.0,0.0,0.0,0.0,,,0.0,,,No Sales
1,BEAUTY,1430,2.4085510688836105,2.0,1.8983861230253072,0.0,12.0,1.0122928909913174,1.4070786714180867,0.7881859541043669,1.1776223776223775,0.3767037118670818,Smooth
1,BEVERAGES,1678,1587.7488123515438,1674.0,726.6542078156014,0.0,5051.0,0.17687222856593074,-0.7213023766735223,0.45766320350063977,1.0035756853396902,0.20514638358251683,Smooth
1,BOOKS,127,0.12529691211401425,0.0,0.5364185533119248,0.0,8.0,6.492349479593747,58.38667673672869,4.281179320226424,13.259842519685039,0.457671660013736,Intermittent
1,BREAD/BAKERY,1678,338.4751828165083,357.8425,111.25324332666277,0.0,745.513,-0.5646689651836405,-0.21353213767359414,0.32868951395661367,1.0035756853396902,0.10408892201290246,Smooth
1,CELEBRATION,999,9.96793349168646,6.0,33.22556849277053,0.0,1306.0,35.26906666397131,1371.8088970667202,3.3332454030866425,1.6856856856856857,6.184331587451581,Lumpy
1,CLEANING,1678,640.4542755344418,677.0,218.0259544019558,0.0,1659.0,-0.5320587619480279,0.4291199162302104,0.3404239189748224,1.0035756853396902,0.11191259504506938,Smooth
1,DAIRY,1678,626.1009501187649,671.0,211.0939789675251,0.0,1225.0,-0.37027640245092797,-0.5615709226043601,0.3371564584387639,1.0035756853396902,0.10970651614584136,Smooth
1,DELI,1678,122.94363306769596,127.421,41.15721417628334,0.0,269.448,-0.28166158258520124,0.020572926879904863,0.33476490932463615,1.0035756853396902,0.10810530860837254,Smooth
1,EGGS,1678,140.44299287410925,149.0,37.527610795790466,0.0,246.0,-0.6976506046290771,0.27177310034531077,0.26720885127506777,1.0035756853396902,0.06758322850074647,Smooth
1,FROZEN FOODS,1678,129.40996673396674,111.41999999999999,172.44901056310678,0.0,5608.718,20.52023357215443,609.6595430960515,1.3325790502387236,1.0035756853396902,1.7658770192262572,Erratic
1,GROCERY I,1678,2223.172802850356,2283.5,779.0539388364643,0.0,9065.0,0.6478503542007352,5.960795439540423,0.3504243744963413,1.0035756853396902,0.11879677700751726,Smooth
1,GROCERY II,1671,21.842636579572446,20.0,13.625402839902966,0.0,150.0,1.876356974767447,9.560506087031383,0.6237984498639622,1.0077797725912627,0.37840086081690766,Smooth
1,HARDWARE,1160,1.5997624703087887,1.0,1.6756322423232186,0.0,13.0,1.4471194498437392,3.031593962573532,1.0474256474790034,1.4517241379310344,0.4445585307972835,Intermittent
1,HOME AND KITCHEN I,1158,14.84916864608076,10.0,24.109825034710177,0.0,711.0,15.15650126900435,414.05307901726457,1.6236481386754265,1.454231433506045,1.5004501997391593,Lumpy
1,HOME AND KITCHEN II,1153,12.942992874109263,7.0,17.316813999685728,0.0,269.0,4.27188613025186,43.88580722576239,1.337929655588993,1.4605377276669558,0.9102935244933561,Lumpy
1,HOME APPLIANCES,416,0.33788598574821854,0.0,0.6843790092711177,0.0,6.0,2.5760020840825977,9.125277702444627,2.0254731954335066,4.048076923076923,0.2604853576455601,Intermittent
1,HOME CARE,1043,100.98693586698337,127.0,89.23445762654273,0.0,805.0,0.31175677292634385,0.8754610458345145,0.8836237762792978,1.6145733461169702,0.10294833139807001,Intermittent
1,LADIESWEAR,1010,9.403206650831354,8.0,9.667857668721835,0.0,51.0,0.708009441456001,-0.18382831837038216,1.0281447623868756,1.6673267326732673,0.23376037358946958,Intermittent
1,LAWN AND GARDEN,1617,9.00771971496437,8.0,7.558281062187817,0.0,105.0,3.1015079910729946,25.659937317925444,0.8390892812519782,1.04143475572047,0.6362722797244555,Erratic
1,LINGERIE,1561,6.718527315914489,5.0,5.737041679940748,0.0,47.0,1.7017576999369395,4.781599760725305,0.8539135750028486,1.0787956438180653,0.6028692769762057,Erratic
1,"LIQUOR,WINE,BEER",1498,101.01603325415677,92.0,66.41999351595291,0.0,595.0,1.2968904655991662,5.126873907460121,0.6575193202071438,1.124165554072096,0.27412875377689866,Smooth
1,MAGAZINES,936,3.206057007125891,1.0,4.215927990769472,0.0,26.0,1.563634052063395,2.5336724898623215,1.314988467168244,1.7991452991452992,0.5169395550421889,Lumpy
1,MEATS,1678,313.30658501484567,279.8595,166.1185726237424,0.0,1119.635,1.4231459248729657,2.459245053272289,0.5302109198098752,1.0035756853396902,0.27655904601956227,Smooth
1,PERSONAL CARE,1678,129.1769596199525,132.0,52.286389696800505,0.0,798.0,2.495367922101324,27.35115800983788,0.40476560100366116,1.0035756853396902,0.15968851055013805,Smooth
1,PET SUPPLIES,997,3.473871733966746,3.0,3.7652185538019722,0.0,22.0,0.9500625861062963,0.5935372819388447,1.083868041500391,1.6890672016048145,0.2875567827203063,Intermittent
1,PLAYERS AND ELECTRONICS,1002,5.292755344418052,4.0,5.9656912806130915,0.0,47.0,1.2974217022899934,2.9034037606132825,1.1271428379506718,1.6806387225548902,0.35094529658309676,Intermittent
1,POULTRY,1678,284.2169670813539,285.6465,130.05689215623983,0.0,891.7979,0.9867311843039671,2.3074722505498935,0.4575972134645815,1.0035756853396902,0.20508620070963987,Smooth
1,PREPARED FOODS,1678,80.74795777790973,80.507502,29.14237301094279,0.0,245.499,0.22686393201232757,0.6585145732418232,0.36090538773420694,1.0035756853396902,0.12622567027728485,Smooth
1,PRODUCE,1509,1450.9085317695963,1694.171,1340.075222278841,0.0,4897.014,0.2987921082465599,-1.0563482437699356,0.923611098105198,1.115970841616965,0.660489137743422,Erratic
1,SCHOOL AND OFFICE SUPPLIES,209,0.17161520190023752,0.0,0.5279611698065816,0.0,5.0,4.127151747505836,22.10237221048277,3.0764242379708824,8.057416267942584,0.2987272657644562,Intermittent
1,SEAFOOD,1678,25.94359239732779,25.169000500000003,11.03394792604849,0.0,86.106,0.7999229829055505,1.8545920060693204,0.4253053222791031,1.0035756853396902,0.17667718978220417,Smooth
10,AUTOMOTIVE,1485,3.0831353919239906,3.0,2.654977963005404,0.0,29.0,2.1276638816934588,10.326570814417227,0.8611292157648225,1.134006734006734,0.5357435490915673,Erratic
10,BABY CARE,165,0.27375296912114017,0.0,1.1483748408425962,0.0,21.0,7.418155201052512,85.05742001474859,4.194931073567609,10.206060606060607,0.822196394120672,Lumpy
10,BEAUTY,1145,1.3729216152019001,1.0,1.40701610314911,0.0,11.0,1.4895204014044092,3.7533189347505616,1.0248335276718346,1.4707423580786025,0.3940468560889115,Intermittent
10,BEVERAGES,1679,895.0956057007126,858.5,415.76629992877264,0.0,2687.0,0.5701228128546348,-0.03157314120307353,0.4644937337200215,1.0029779630732578,0.21214470648980263,Smooth
10,BOOKS,0,0.0,0.0,0.0,0.0,0.0,,,0.0,,,No Sales
10,BREAD/BAKERY,1679,113.67042755344418,109.0,37.054255714601005,0.0,389.0,1.2622217221371703,4.863195422066902,0.3259797337953471,1.0029779630732578,0.10297815861836768,Smooth
10,CELEBRATION,913,2.621140142517815,1.0,3.812272921544452,0.0,44.0,2.926288929382091,16.404649768497663,1.4544330759926578,1.8444687842278205,0.6890367569619995,Lumpy
10,CLEANING,1679,777.8087885985748,734.0,330.13288229176214,0.0,10801.0,17.02705635985262,503.5515061582356,0.4244396400896397,1.0029779630732578,0.17664500271102496,Smooth
10,DAIRY,1679,250.92577197149643,248.0,116.13729619973329,0.0,670.0,0.24696209304947986,-0.24409135900715917,0.46283526513355877,1.0029779630732578,0.210611326823931,Smooth
10,DELI,1679,249.1751781472684,244.0,75.80912445491948,0.0,552.0,0.4687423421975457,0.58728541725162,0.3042402739241156,1.0029779630732578,0.08931819491795331,Smooth
10,EGGS,1679,48.851543942992876,41.0,30.939321562639066,0.0,361.0,2.036795713577021,9.01903237553887,0.6333335461845435,1.0029779630732578,0.3969513113026611,Smooth
10,FROZEN FOODS,1679,43.50247446080761,30.0,77.11655400304362,0.0,1354.094,8.254704625713684,89.91147111838998,1.772693506681948,1.0029779630732578,3.1301428557212905,Erratic
10,GROCERY I,1679,2450.2495095011873,2351.5,683.8638571169909,0.0,7253.0,0.8470910032398222,2.453662584269564,0.2790996812630442,1.0029779630732578,0.07469622640393493,Smooth
10,GROCERY II,1352,3.6995249406175774,2.0,4.850983666192146,0.0,68.0,4.1310429419318755,32.019555987624926,1.3112450227382724,1.2455621301775148,1.183241962854288,Erratic
10,HARDWARE,711,0.6834916864608076,0.0,0.9989011387946654,0.0,7.0,1.8015871829641703,3.996536877361507,1.4614678673059118,2.3684950773558366,0.32400035889896023,Intermittent
10,HOME AND KITCHEN I,1148,7.385391923990499,6.0,8.524969634503014,0.0,75.0,2.224410277889678,9.301843513382812,1.1543015890133659,1.4668989547038327,0.5900291912545105,Lumpy
10,HOME AND KITCHEN II,1145,5.396080760095012,5.0,5.571219633303281,0.0,47.0,1.431431498827299,4.246392060741025,1.032456681054701,1.4707423580786025,0.40471020444300165,Intermittent
10,HOME APPLIANCES,266,0.18052256532066507,0.0,0.44742675467300747,0.0,3.0,2.7282375021616256,8.426242265830776,2.4785087193932105,6.330827067669173,0.12828947345970393,Intermittent
10,HOME CARE,1044,119.68230403800474,140.0,104.70910681632881,0.0,418.0,0.14357530656005268,-1.1788645270486715,0.8748921376229845,1.6130268199233717,0.0944866078355697,Intermittent
10,LADIESWEAR,862,3.2600950118764844,1.0,4.937379745960235,0.0,30.0,2.046182151345813,4.567071262434922,1.5144895245257988,1.9535962877030162,0.68595658254311,Lumpy
10,LAWN AND GARDEN,14,0.015439429928741092,0.0,0.2174110444429072,0.0,7.0,22.78492053083069,656.0246654672004,14.081545197251295,120.28571428571429,0.656804733020482,Lumpy
10,LINGERIE,1281,3.23812351543943,2.0,4.086760420013285,0.0,49.0,3.6623286343956662,24.14759561390216,1.2620767550297147,1.3145979703356752,0.9723427195825596,Erratic
10,"LIQUOR,WINE,BEER",1479,12.168052256532066,8.0,17.18322804757699,0.0,360.0,7.743029666527711,115.3090092893411,1.412159290895592,1.1386071670047329,1.6296987667830167,Erratic
10,MAGAZINES,296,0.24762470308788598,0.0,0.63345961201551,0.0,6.0,3.4561975582254245,15.43474020731307,2.5581438425088843,5.6891891891891895,0.3260413247503415,Intermittent
10,MEATS,1679,186.85898147209028,180.8415,54.167591928338965,0.0,393.007,0.47903198169284644,0.549323942621557,0.28988487201049895,1.0029779630732578,0.08081461301398464,Smooth
10,PERSONAL CARE,1679,178.61223277909738,170.0,59.2639521642886,0.0,429.0,0.7141505306181413,0.7759801994090494,0.3318023141071911,1.0029779630732578,0.10679677571923121,Smooth
10,PET SUPPLIES,368,0.3307600950118765,0.0,0.7442441953119775,0.0,5.0,2.8903475198030972,10.03352633813793,2.2501027309087918,4.576086956521739,0.3249228840924458,Intermittent
10,PLAYERS AND ELECTRONICS,966,2.3188836104513064,1.0,2.830500604228691,0.0,18.0,1.4411036625321756,2.37233848611233,1.2206307337940008,1.7432712215320911,0.4283144002169712,Intermittent
10,POULTRY,1679,175.14963663420428,165.1485,70.63862367505375,0.0,1066.604,1.9287732645442266,15.536672774455681,0.40330442604444267,1.0029779630732578,0.1592023981310106,Smooth
10,PREPARED FOODS,1679,20.831353919239906,18.0,12.568012230303543,0.0,76.0,1.0040147216338708,0.9267317792872167,0.6033219097723823,1.0029779630732578,0.3599474535136488,Smooth
10,PRODUCE,1016,148.89482302850357,180.686,132.72415833006252,0.0,917.623,0.2392294960505738,-0.39152411867696024,0.8913953865525814,1.6574803149606299,0.08271918464347776,Intermittent
10,SCHOOL AND OFFICE SUPPLIES,92,0.5095011876484561,0.0,3.0310005541507654,0.0,44.0,7.8267265124418275,70.23118428550676,5.948956786913573,18.304347826086957,0.9880570088241392,Lumpy
10,SEAFOOD,1249,2.8770783847980996,2.0,2.9182808227793404,0.0,18.0,1.3688676918117706,2.238599919561583,1.0143209295876765,1.3482786228983186,0.5047683128006757,Lumpy
11,AUTOMOTIVE,1648,6.690023752969121,6.0,4.241394277252794,0.0,29.0,1.166503592981315,2.028693684301076,0.6339879248913607,1.0218446601941749,0.37197046041284904,Smooth
11,BABY CARE,219,0.18883610451306412,0.0,0.5745751909871234,0.0,7.0,4.25660754176445,25.222050310948465,3.0427189198062177,7.689497716894977,0.33404533002524445,Intermittent
11,BEAUTY,1610,4.755938242280285,4.0,3.5394527853806657,0.0,23.0,1.2998688293100602,2.1593984638398274,0.744217566403768,1.0459627329192547,0.4855785366615109,Smooth
11,BEVERAGES,1679,3645.666864608076,3543.0,1284.2132577096932,0.0,8444.0,0.4885724224792579,0.0834625730332772,0.3522574347580711,1.0029779630732578,0.12074775491376863,Smooth
11,BOOKS,0,0.0,0.0,0.0,0.0,0.0,,,0.0,,,No Sales
11,BREAD/BAKERY,1679,606.2315914489311,585.0,131.0880641770116,0.0,2080.0,1.4638441393773602,11.48452920920048,0.21623430059704868,1.0029779630732578,0.043649323607571136,Smooth
11,CELEBRATION,1016,10.138361045130642,8.0,11.36389984299483,0.0,87.0,1.4759595831240044,3.746668463987448,1.1208813526454475,1.6574803149606299,0.36132838895190783,Intermittent
11,CLEANING,1679,1944.0528503562946,1808.5,567.8857329068445,0.0,4503.0,0.9548663146943689,1.5026939056074013,0.29211434905304845,1.0029779630732578,0.08210831432137511,Smooth
11,DAIRY,1679,512.8788598574822,500.0,231.59954392332776,0.0,1515.0,0.5030581386960981,0.5780338048926117,0.4515677327531742,1.0029779630732578,0.20033885248575672,Smooth
11,DELI,1679,430.2676730344419,415.95000000000005,140.71207199051446,0.0,955.356,0.543164679450221,0.5745665643709339,0.3270337996759607,1.0029779630732578,0.10366443420019553,Smooth
11,EGGS,1679,157.51306413301663,130.0,128.90230587990814,0.0,1181.0,3.6914115892409454,21.23079014102448,0.8183594585540814,1.0029779630732578,0.6647546256039087,Erratic
11,FROZEN FOODS,1678,102.25167335629452,84.0,112.69908650718068,0.0,1489.491,7.014383804066987,62.566029786649466,1.1021735176243046,1.0035756853396902,1.2068952997828226,Erratic
11,GROCERY I,1679,6558.7579916864615,6142.492,2076.148061620785,0.0,20891.557,1.3097586561548429,4.09990002276776,0.3165459168110921,1.0029779630732578,0.09693468645972311,Smooth
11,GROCERY II,1671,17.45724465558195,14.0,13.47095762358557,0.0,139.0,2.695580552398185,12.937143740134399,0.7716542838566783,1.0077797725912627,0.5831339119790611,Erratic
11,HARDWARE,759,0.7309976247030879,0.0,1.0873768049341717,0.0,12.0,2.6098515578646997,12.943500111017237,1.487524400490783,2.2187088274044795,0.4480173365704996,Intermittent
11,HOME AND KITCHEN I,1166,23.516627078384797,20.0,25.493030746694345,0.0,273.0,2.2454582810984958,10.730148225807845,1.0840428204537083,1.444253859348199,0.5060709878357478,Lumpy
11,HOME AND KITCHEN II,1166,13.899643705463182,13.0,13.676054454090513,0.0,154.0,1.8512619081416373,9.871719345899342,0.9839140299496524,1.444253859348199,0.362701443157011,Intermittent
11,HOME APPLIANCES,506,0.40617577197149646,0.0,0.7088580073381389,0.0,5.0,1.934028864507719,4.0834755692977955,1.7452001190329074,3.3280632411067192,0.21563899971515377,Intermittent
11,HOME CARE,1044,329.4709026128266,392.0,289.19297116115916,0.0,1259.0,0.20864866074631694,-0.9573160152049152,0.8777496551800896,1.6130268199233717,0.09759145682212338,Intermittent
11,LADIESWEAR,1013,7.845011876484561,6.0,9.102104507889537,0.0,59.0,1.4109880111108892,2.547019654830942,1.1602410104709813,1.6623889437314907,0.4113178576312785,Intermittent
11,LAWN AND GARDEN,1024,1.6371733966745843,1.0,3.0977074644411244,0.0,78.0,12.99863761914287,273.62238950046356,1.8921071334539519,1.64453125,1.7850303280403952,Lumpy
11,LINGERIE,1670,10.9958432304038,10.0,6.9111673762642445,0.0,57.0,1.253114979206782,2.718374887831782,0.6285254555581655,1.0083832335329341,0.38344649325344654,Smooth
11,"LIQUOR,WINE,BEER",1498,44.22209026128266,29.0,60.6815846358728,0.0,1106.0,7.897123590192623,107.54740050853233,1.3722007321673027,1.124165554072096,1.5645109289569916,Erratic
11,MAGAZINES,710,1.4691211401425177,0.0,2.4612669693856297,0.0,17.0,2.2906746477496513,6.264677002079539,1.6753328915214794,2.371830985915493,0.6049795803395996,Lumpy
11,MEATS,1679,620.5981115142517,604.0225,152.79206417119542,0.0,1168.578,0.32741136884027283,1.178241288759354,0.24620130376829294,1.0029779630732578,0.05746598731576486,Smooth
11,PERSONAL CARE,1679,392.0938242280285,358.0,158.44930548416949,0.0,1204.0,1.1957009106817327,1.994280059911186,0.40411068905695546,1.0029779630732578,0.15985145420900612,Smooth
11,PET SUPPLIES,747,1.0100950118764846,0.0,1.518458945171022,0.0,12.0,2.0172281445955678,5.552092822000564,1.5032832810914,2.254350736278447,0.44603081248209453,Intermittent
11,PLAYERS AND ELECTRONICS,1016,7.762470308788599,7.0,8.705084520577678,0.0,107.0,1.992031331198189,11.962591858975351,1.1214322468454956,1.6574803149606299,0.3620736633299299,Intermittent
11,POULTRY,1679,511.0275230344418,485.033,224.40938773362808,0.0,3398.277,2.4238080034380856,20.01395567888254,0.4391336623136527,1.0029779630732578,0.18929669174584807,Smooth
11,PREPARED FOODS,1679,54.88984441448931,42.6175,34.50748027198333,0.0,185.984,0.7510265925699163,-0.28528920832496585,0.6286678462919035,1.0029779630732578,0.3910806740821124,Smooth
11,PRODUCE,1016,789.6967799881235,940.1415,751.1749272098609,0.0,11649.482,1.925214681116982,24.34991193681242,0.9512194379470649,1.6574803149606299,0.1492253645108831,Intermittent
11,SCHOOL AND OFFICE SUPPLIES,923,3.9625890736342044,1.0,10.212779100453263,0.0,173.0,7.610619714253304,82.43065474341083,2.577299565536209,1.8244853737811484,3.1888376646273877,Lumpy
11,SEAFOOD,1608,8.31710213776722,7.0,6.188577875041941,0.0,37.0,1.0480991865640068,1.1591376844976509,0.7440786191858918,1.0472636815920398,0.4835356356334219,Smooth
12,AUTOMOTIVE,1563,4.752969121140143,4.0,3.3254966905639045,0.0,22.0,1.024146379351942,1.6852944848414984,0.6996672196066186,1.0774152271273192,0.3825071158578239,Smooth
12,BABY CARE,132,0.10629453681710213,0.0,0.4135281241313441,0.0,5.0,5.098436855027206,33.412152786421544,3.8903986284120236,12.757575757575758,0.2647545328637919,Intermittent
12,BEAUTY,951,0.9667458432304038,1.0,1.1803361590955643,0.0,15.0,2.3111534825497175,13.969757722544436,1.220937401634442,1.7707676130389065,0.4065584453955009,Intermittent
12,BEVERAGES,1619,1296.4501187648457,1328.0,616.4752793723225,0.0,4754.0,0.19692328581687732,0.24080476846763155,0.47551021859535597,1.0401482396541075,0.17878387064944587,Smooth
12,BOOKS,0,0.0,0.0,0.0,0.0,0.0,,,0.0,,,No Sales
12,BREAD/BAKERY,1619,186.521377672209,179.0,76.17934298968159,0.0,1164.0,2.0671210095445733,21.085509978245707,0.40842151146422506,1.0401482396541075,0.1217710000790053,Smooth
12,CELEBRATION,1011,6.14251781472684,5.0,8.349825965887494,0.0,131.0,4.947678796980375,51.249876188251186,1.3593490839390368,1.665677546983185,0.7097126256725708,Lumpy
12,CLEANING,1619,771.7975059382422,748.0,299.3408058088359,0.0,5370.0,3.4086473128101447,43.68926548310699,0.38784888977394644,1.0401482396541075,0.10602192787593684,Smooth
12,DAIRY,1619,335.396674584323,348.0,154.4721934969639,0.0,879.0,-0.12452726382796145,-0.1910244332584181,0.4605656680643894,1.0401482396541075,0.16533460173230388,Smooth
12,DELI,1619,196.5665083135392,196.0,72.66509399589894,0.0,583.0,-0.11465240611552209,1.6742829661605825,0.36967179515455745,1.0401482396541075,0.09278388675755031,Smooth
12,EGGS,1619,74.95071258907363,60.0,54.118507845433136,0.0,370.0,1.7051791910249077,4.147126539990448,0.7220546139624097,1.0401482396541075,0.46264042714900677,Smooth
12,FROZEN FOODS,1619,47.62241453444181,40.0,55.436397853491954,0.0,734.708,6.657962249674417,58.50747831078937,1.1640820482177523,1.0401482396541075,1.2641840126267194,Erratic
12,GROCERY I,1619,2499.1234608076006,2486.5,830.4171543694586,0.0,10137.0,0.269300403423205,7.932551951925905,0.33228336550478943,1.0401482396541075,0.06755190525581431,Smooth
12,GROCERY II,1496,6.345011876484561,5.0,6.756476091897426,0.0,101.0,3.468002150215523,28.47150853545154,1.0648484545589199,1.125668449197861,0.8956756163612889,Erratic
12,HARDWARE,906,0.9786223277909739,1.0,1.3997010207987224,0.0,24.0,4.2840795861434176,47.755626353684555,1.430277012509989,1.858719646799117,0.6385969452871079,Lumpy
12,HOME AND KITCHEN I,1103,10.323040380047505,8.0,12.1053438768191,0.0,138.0,2.3009238523098734,12.077115796735232,1.1726529617227692,1.526745240253853,0.5556720965450855,Lumpy
12,HOME AND KITCHEN II,1104,8.362826603325416,7.0,8.265678722398123,0.0,43.0,0.7967322404887855,0.17196120586653318,0.9883833676669743,1.5253623188405796,0.29602105494921244,Intermittent
12,HOME APPLIANCES,298,0.22149643705463182,0.0,0.5296336232981466,0.0,4.0,2.801109776816175,9.368918260108908,2.3911609051135763,5.651006711409396,0.18875288371251653,Intermittent
12,HOME CARE,1019,112.64845605700712,144.0,98.73215249879934,0.0,522.0,0.11976062653700484,-0.9510331947220401,0.8764625451054407,1.6526005888125614,0.06994188732293397,Intermittent
12,LADIESWEAR,298,1.2969121140142519,0.0,3.4513538208290946,0.0,27.0,3.1066608455278057,10.220496395073148,2.66120871327597,5.651006711409396,0.4301932803506086,Intermittent
12,LAWN AND GARDEN,5,0.009501187648456057,0.0,0.19471640410374536,0.0,6.0,23.823417169472368,628.498948169111,20.49389937493629,336.8,0.24999999984375,Intermittent
12,LINGERIE,1516,6.469714964370547,5.0,5.396920883767248,0.0,52.0,1.6220577554030164,5.123119083290785,0.834182172267947,1.1108179419525066,0.5266767240013467,Erratic
12,"LIQUOR,WINE,BEER",1445,38.32719714964371,28.0,41.0170776840602,0.0,547.0,3.5546162199768045,25.678398379761667,1.0701820308655499,1.1653979238754326,0.8408215213473365,Erratic
12,MAGAZINES,585,0.747624703087886,0.0,1.4705623891516408,0.0,18.0,4.136628137975957,29.507849102393536,1.9669793963613742,2.8786324786324786,0.6914309104591511,Lumpy
12,MEATS,1619,146.5295310409739,139.809,284.693197327109,0.0,11609.557,38.79001709270114,1557.8833050976295,1.942906629828479,1.0401482396541075,3.5905823710491718,Erratic
12,PERSONAL CARE,1619,155.69655581947742,148.0,71.82304536581421,0.0,648.0,1.099493442235504,4.692258965976702,0.461301439760994,1.0401482396541075,0.1659867046734352,Smooth
12,PET SUPPLIES,537,0.517814726840855,0.0,0.9527013593793009,0.0,9.0,2.6767476582065446,10.40923797159581,1.8398498693766465,3.1359404096834265,0.39831979582285043,Intermittent
12,PLAYERS AND ELECTRONICS,972,2.9429928741092635,2.0,3.6338118646137496,0.0,46.0,2.2496000258289928,13.896190392080289,1.2347334903006988,1.7325102880658436,0.4571727568867286,Intermittent
12,POULTRY,1619,178.23933289608078,179.702505,103.69561523232535,0.0,1241.479,3.66292473480671,33.77839975051205,0.5817773975410996,1.0401482396541075,0.2868021011460537,Smooth
12,PREPARED FOODS,1619,33.27019002375297,28.0,21.60331283893972,0.0,165.0,1.058011102290747,1.7845168723968632,0.649329409386207,1.0401482396541075,0.36675584085004037,Smooth
12,PRODUCE,1016,203.11468900831355,273.3675,172.6470718438714,0.0,691.985,-0.1402057543217992,-1.5961564537946418,0.8499979626582049,1.6574803149606299,0.039225938903981204,Intermittent
12,SCHOOL AND OFFICE SUPPLIES,205,0.5451306413301663,0.0,2.981292629553136,0.0,64.0,10.902999774035846,164.36361218952507,5.468950739605412,8.214634146341464,2.7627265854065675,Lumpy
12,SEAFOOD,1181,2.717933491686461,2.0,2.895345844371966,0.0,16.0,1.2882775391496073,1.4697057540196248,1.0652747214613214,1.4259102455546147,0.4971561073420655,Lumpy
13,AUTOMOTIVE,1640,5.524346793349169,5.0,3.5208913136029465,0.0,26.0,1.0756073464167664,1.7633418154038827,0.6373407471819929,1.026829268292683,0.369461575992967,Smooth
13,BABY CARE,0,0.0,0.0,0.0,0.0,0.0,,,0.0,,,No Sales
13,BEAUTY,1094,1.2814726840855106,1.0,1.465068713325259,0.0,13.0,2.0904534670016313,7.815498522247669,1.1432695603866867,1.5393053016453382,0.49877044307084045,Lumpy
13,BEVERAGES,1679,1290.5552256532067,1260.0,570.4906750951804,0.0,5185.0,0.9080584549847224,2.486001638214857,0.44205057153287497,1.0029779630732578,0.19185939452712966,Smooth
13,BOOKS,0,0.0,0.0,0.0,0.0,0.0,,,0.0,,,No Sales
13,BREAD/BAKERY,1679,164.62410926365797,148.0,101.70482376201791,0.0,2362.0,9.61113136119049,163.26394085330767,0.6178002980019903,1.0029779630732578,0.3775748412036445,Smooth
13,CELEBRATION,975,4.106294536817102,2.0,6.8422144530178635,0.0,123.0,6.43200509508172,77.51170151332829,1.6662746400688468,1.7271794871794872,1.186496079268527,Lumpy
13,CLEANING,1679,779.6947743467933,696.5,377.5240244309941,0.0,7898.0,7.4100140155953795,107.33962970249279,0.4841946321197151,1.0029779630732578,0.23077922668515427,Smooth
13,DAIRY,1679,269.85748218527317,266.0,116.59673228036328,0.0,731.0,0.3221753438141815,0.1128361297919227,0.43206781348341733,1.0029779630732578,0.1831591910675823,Smooth
13,DELI,1679,158.5665083135392,149.5,58.74373444665603,0.0,471.0,0.980578471436421,1.7167815434299545,0.37046747810155145,1.0029779630732578,0.1338695307385345,Smooth
13,EGGS,1679,52.235154394299286,41.0,41.01086756251712,0.0,296.0,2.112932693960746,6.079481710945979,0.7851200601832192,1.0029779630732578,0.6116141813817918,Erratic
13,FROZEN FOODS,1679,33.27011699406176,25.0,69.37397369310813,0.0,2271.865,21.577497809812762,650.292960192874,2.0851737222145994,1.0029779630732578,4.332070742041445,Erratic
13,GROCERY I,1679,2713.8246906175773,2523.5,907.0025739849995,0.0,8294.0,1.1877188097119427,2.5963807496734814,0.3342156098440763,1.0029779630732578,0.10839930167264428,Smooth
13,GROCERY II,1526,7.29750593824228,5.0,7.879207940532777,0.0,92.0,2.5326891601110524,12.07865026512311,1.0797124395832827,1.1035386631716908,0.9625764139716582,Erratic
13,HARDWARE,520,0.5356294536817102,0.0,1.7472173725043307,0.0,49.0,16.7874642799484,398.98319837885674,3.2619889687406913,3.2384615384615385,2.5944759337050627,Lumpy
13,HOME AND KITCHEN I,1155,10.676365795724466,7.0,16.07706018609244,0.0,311.0,7.096700018204753,98.52778761799881,1.505855128252061,1.458008658008658,1.2411387268016578,Lumpy
13,HOME AND KITCHEN II,1165,8.076603325415677,6.0,10.41277302856026,0.0,151.0,4.733654504249879,42.578836901177944,1.2892515092952266,1.4454935622317597,0.8417027401443097,Lumpy
13,HOME APPLIANCES,226,0.15498812351543942,0.0,0.4266564058994704,0.0,4.0,3.2433227871049386,13.179585783588415,2.752832884670259,7.451327433628318,0.15121621793809142,Intermittent
13,HOME CARE,1044,106.95724465558195,126.5,94.27388122006045,0.0,410.0,0.2343177925335497,-0.8835819264234535,0.8814165092112721,1.6130268199233717,0.10159052582103062,Intermittent
13,LADIESWEAR,889,2.7167458432304037,1.0,3.9288421114661145,0.0,32.0,2.071520945699513,5.61120424428729,1.4461574018084389,1.8942632170978628,0.6319649792999195,Lumpy
13,LAWN AND GARDEN,9,0.012470308788598575,0.0,0.22955358349033417,0.0,8.0,27.671707937516395,895.3666840507951,18.408009695173067,187.11111111111111,0.8163265299125363,Lumpy
13,LINGERIE,1338,3.06353919239905,2.0,3.0856923393032076,0.0,20.0,1.5410143119430026,3.072136039499184,1.0072312265342942,1.258594917787743,0.600606132684015,Erratic
13,"LIQUOR,WINE,BEER",1497,32.28147268408551,23.0,34.690184442339785,0.0,516.0,3.9187212149949273,33.46528251692219,1.074615919191541,1.1249164996659986,0.9155193958258158,Erratic
13,MAGAZINES,440,0.46021377672209024,0.0,1.019505236951359,0.0,13.0,3.7525174636385534,22.893901756956872,2.2152862132845765,3.827272727272727,0.5435254936596304,Lumpy
13,MEATS,1679,153.22544577790975,148.90449999999998,47.381262826048854,0.0,391.293,0.54698829028734,1.2689071429566328,0.30922581158233775,1.0029779630732578,0.09236757225619457,Smooth
13,PERSONAL CARE,1679,180.14904988123516,164.0,74.2615810225037,0.0,568.0,1.1167067591891642,1.6071182679352738,0.4122229957418542,1.0029779630732578,0.16645414086029658,Smooth
13,PET SUPPLIES,301,0.24109263657957244,0.0,0.5909634176619257,0.0,5.0,3.01830953299039,10.863944231011475,2.45118815570168,5.59468438538206,0.2526753860700521,Intermittent
13,PLAYERS AND ELECTRONICS,949,2.375296912114014,1.0,3.490469919117088,0.0,49.0,4.694675688562318,44.65818616678418,1.4694878353296397,1.7744994731296102,0.78044262462968,Lumpy
13,POULTRY,1679,118.56788332066509,107.03,59.31637002735471,0.0,405.038,1.1870118407689558,1.7212580656428251,0.500273500425357,1.0029779630732578,0.24656136152473165,Smooth
13,PREPARED FOODS,1679,27.58432304038005,24.0,16.950413677227367,0.0,108.0,1.1685161095859433,1.4812711294681913,0.6144944594724894,1.0029779630732578,0.3735131692241006,Smooth
13,PRODUCE,1016,118.481113847981,152.3065,103.02949047772206,0.0,534.873,0.026895796566633982,-1.2257792060541701,0.8695857688259584,1.6574803149606299,0.059547672153263245,Intermittent
13,SCHOOL AND OFFICE SUPPLIES,155,0.42102137767220904,0.0,2.463811214892667,0.0,47.0,9.954763362912903,126.39489072320805,5.851986002855439,10.864516129032259,2.2441150540934824,Lumpy
13,SEAFOOD,1059,2.021377672209026,1.0,2.4220913211628785,0.0,15.0,1.5685295084828685,2.8219861892067986,1.1982378915453746,1.5901794145420207,0.5317605191934094,Lumpy
14,AUTOMOTIVE,1482,3.6181710213776723,3.0,3.29970523108987,0.0,40.0,2.166779099395561,11.286194336290727,0.9119815538518896,1.136302294197031,0.6119921292440405,Erratic
14,BABY CARE,8,0.006532066508313539,0.0,0.11668457203840858,0.0,4.0,26.370357025686268,833.5568817885044,17.863344475527995,210.5,0.5206611562674681,Lumpy
14,BEAUTY,968,1.2690023752969122,1.0,1.5639841025897618,0.0,9.0,1.5665346390904402,2.6652267241701306,1.2324516736947637,1.7396694214876034,0.4479401077976064,Intermittent
14,BEVERAGES,1641,963.3366983372922,1009.0,515.3806229530412,0.0,4636.0,0.4280514181190735,0.733200572572756,0.5349953176724681,1.0262035344302254,0.2533770804499086,Smooth
14,BOOKS,0,0.0,0.0,0.0,0.0,0.0,,,0.0,,,No Sales
14,BREAD/BAKERY,1641,191.74049881235155,188.0,59.74916689100559,0.0,493.0,-0.14043647176495952,2.272500363592548,0.31161474628877445,1.0262035344302254,0.06908981824356081,Smooth
14,CELEBRATION,985,4.67458432304038,3.0,6.140171462370386,0.0,55.0,2.4838290328208146,10.875932316161483,1.3135224517809654,1.7096446700507615,0.5940980483013211,Lumpy
14,CLEANING,1641,1091.749406175772,987.0,506.63434194953686,0.0,5633.0,3.089780014499026,19.405790311624987,0.46405735517982455,1.0262035344302254,0.18431596473826586,Smooth
14,DAIRY,1641,351.76543942992873,366.0,157.50202341680836,0.0,859.0,-0.24542176039406224,-0.3661103495706741,0.44774729339985325,1.0262035344302254,0.16982411234200676,Smooth
14,DELI,1641,220.40142517814726,221.0,94.61070579577935,0.0,504.0,0.05888213995597166,-0.3549967376714247,0.42926539934520674,1.0262035344302254,0.15402914075209323,Smooth
14,EGGS,1641,37.61223277909739,35.0,19.019551573198996,0.0,147.0,1.1524809173741906,2.6284653721062705,0.5056746214562206,1.0262035344302254,0.22364304999572776,Smooth
14,FROZEN FOODS,1641,61.58832760926366,39.0,150.46147165290492,0.0,2893.951,10.442458316076875,140.89393792640738,2.4430192780203144,1.0262035344302254,5.790410439049675,Erratic
14,GROCERY I,1641,2650.4189495249407,2503.0,861.6918304142556,0.0,8496.0,0.41981134366005846,3.5469903219191874,0.3251153296230317,1.0262035344302254,0.07746654582497305,Smooth
14,GROCERY II,1495,6.07957244655582,4.0,6.740231662011187,0.0,58.0,2.8406343324998007,12.157913586568133,1.1086686967141863,1.1264214046822743,0.9789629972319316,Erratic
14,HARDWARE,409,0.33907363420427555,0.0,0.7201663154396479,0.0,6.0,3.0444623766747787,13.091553722999787,2.1239230676421723,4.117359413202934,0.3384911708708361,Intermittent
14,HOME AND KITCHEN I,1151,12.207244655581947,9.0,19.909842390122684,0.0,505.0,11.824267208790362,251.97634148331386,1.6309857752697388,1.463075586446568,1.5016579001304362,Lumpy
14,HOME AND KITCHEN II,1156,12.390736342042755,12.0,11.18365619849403,0.0,58.0,0.6264928001928084,-0.0705544309542745,0.9025820491107063,1.4567474048442905,0.2456890943716383,Intermittent
14,HOME APPLIANCES,281,0.19358669833729217,0.0,0.46676397491571986,0.0,3.0,2.6552042454775244,7.871929827762557,2.4111365941647795,5.99288256227758,0.13694531196987064,Intermittent
14,HOME CARE,1034,153.7541567695962,184.0,136.48929599844524,0.0,595.0,0.23163358234475825,-0.9343251669822559,0.8877112584480535,1.6286266924564796,0.09787668755906978,Intermittent
14,LADIESWEAR,161,0.9614014251781473,0.0,4.265985104857649,0.0,39.0,5.547772986715052,33.1661847265488,4.437256892592922,10.459627329192546,0.9780101258526833,Lumpy
14,LAWN AND GARDEN,0,0.0,0.0,0.0,0.0,0.0,,,0.0,,,No Sales
14,LINGERIE,1467,4.75,4.0,4.402395563592314,0.0,42.0,1.7449063660249433,5.643631544071944,0.9268201184558935,1.1479209270620314,0.6194456327521968,Erratic
14,"LIQUOR,WINE,BEER",1465,25.225059382422803,18.0,27.285262900552986,0.0,321.0,3.711270616212363,26.469388229144208,1.0816728906685584,1.1494880546075086,0.887811042256198,Erratic
14,MAGAZINES,624,0.7980997624703088,0.0,1.3456523462909462,0.0,11.0,2.19986375551146,6.236175522023233,1.6860703484483712,2.698717948717949,0.4239477036879671,Intermittent
14,MEATS,1641,300.8730618711401,300.474,128.06203624003192,0.0,717.252,0.15244737796824953,0.05244326264621568,0.4256347691720355,1.0262035344302254,0.15100456887838093,Smooth
14,PERSONAL CARE,1641,274.6828978622328,265.0,109.43897275375951,0.0,951.0,0.5182726012416354,1.8290291002471912,0.3984193177117646,1.0262035344302254,0.12915022590473196,Smooth
14,PET SUPPLIES,478,0.4412114014251782,0.0,0.8253624873923415,0.0,6.0,2.1840195053556974,5.288982542109295,1.8706735203478988,3.5230125523012554,0.277151122098106,Intermittent
14,PLAYERS AND ELECTRONICS,972,2.986935866983373,2.0,3.520192227553396,0.0,27.0,1.452630578242444,3.1917553018360447,1.178529564456317,1.7325102880658436,0.37888470355976045,Intermittent
14,POULTRY,1640,94.81165455641329,79.1753,57.169630202400434,0.0,422.875,1.659489553268781,4.149273547277868,0.6029810414054245,1.026829268292683,0.32795799496674577,Smooth
14,PREPARED FOODS,1641,60.66983372921615,58.0,31.26520938718643,0.0,164.0,0.3204333059286417,-0.5284516812436162,0.5153336916368543,1.0262035344302254,0.23325322051225444,Smooth
14,PRODUCE,1006,228.43968590261284,304.94849999999997,199.8463046863947,0.0,1248.087,0.055140908349269636,-0.9704452542816919,0.874831813464834,1.6739562624254474,0.054585918092358056,Intermittent
14,SCHOOL AND OFFICE SUPPLIES,157,0.3319477434679335,0.0,1.7346957558719847,0.0,25.0,8.346201907408586,83.65778132590421,5.225809738977027,10.726114649681529,1.6392676665533776,Lumpy
14,SEAFOOD,1313,4.304631828978622,4.0,4.115517523277309,0.0,34.0,1.4095627164060602,3.36464070467213,0.9560672517021619,1.2825590251332826,0.4923793388568126,Erratic
15,AUTOMOTIVE,1456,2.684085510688836,2.0,2.2410992451065477,0.0,27.0,1.7903942741599566,9.716641381336196,0.8349582140162293,1.1565934065934067,0.46737410886954295,Smooth
15,BABY CARE,552,0.9382422802850356,0.0,3.316049755968027,0.0,116.0,25.34262604021592,859.7956822261517,3.534321381707823,3.050724637681159,3.4223682078313957,Lumpy
15,BEAUTY,1303,1.9293349168646081,2.0,1.782501187665865,0.0,13.0,1.300548276957225,2.5984706849441075,0.9238941207982391,1.2924021488871835,0.43421329690320815,Smooth
15,BEVERAGES,1679,1236.6538004750594,1323.0,528.9300392683571,0.0,3445.0,0.19680038628875654,-0.602177030677109,0.42771068108531374,1.0029779630732578,0.17942414516246605,Smooth
15,BOOKS,0,0.0,0.0,0.0,0.0,0.0,,,0.0,,,No Sales
15,BREAD/BAKERY,1679,152.83907363420428,149.0,40.417340274519695,0.0,406.0,0.871022393666036,3.8795815939439198,0.26444376633024913,1.0029779630732578,0.06675375226845423,Smooth
15,CELEBRATION,917,3.019002375296912,1.0,4.443187954022281,0.0,35.0,2.35557341980671,7.906637898679527,1.4717404626465598,1.836423118865867,0.7240144484249678,Lumpy
15,CLEANING,1679,872.7036817102138,837.0,276.07315454609005,0.0,4866.0,4.914204970380783,52.908194893326446,0.31634237408596766,1.0029779630732578,0.09680624913391454,Smooth
15,DAIRY,1679,302.41805225653206,318.0,109.69285474430188,0.0,688.0,-0.3381766401742346,-0.07562328808448449,0.36271926865956416,1.0029779630732578,0.12820551349870624,Smooth
15,DELI,1679,271.04513064133016,266.0,69.43473229397448,0.0,553.0,0.24824961241395335,0.8107609337877424,0.256174062708399,1.0029779630732578,0.06246118024301635,Smooth
15,EGGS,1679,78.61282660332542,68.5,43.71157330391919,0.0,280.0,1.1488645229033954,1.3111718754706159,0.5560361481966366,1.0029779630732578,0.3052890953754964,Smooth
15,FROZEN FOODS,1679,64.06287647743467,58.0,62.842349980605164,0.0,722.978,6.457762562861462,54.262095421507475,0.9809479910219084,1.0029779630732578,0.9564327765262933,Erratic
15,GROCERY I,1679,2718.659209026129,2642.0,690.9984003536224,0.0,12669.0,3.0062852539364675,30.942298180052433,0.25416881897488575,1.0029779630732578,0.061440856862905645,Smooth
15,GROCERY II,1593,9.669833729216151,8.0,9.104057575768088,0.0,120.0,4.236205846810979,32.743173140654115,0.9414906015725861,1.0571249215317011,0.7844670146810307,Erratic
15,HARDWARE,902,0.913895486935867,1.0,1.1914468652787176,0.0,11.0,2.2391831247970613,9.137848657627627,1.3037014418024218,1.8669623059866962,0.4460053336076524,Intermittent
15,HOME AND KITCHEN I,1166,29.51959619952494,10.0,87.48920650539604,0.0,1225.0,6.783967459973444,59.26468353036569,2.9637670485424947,1.444253859348199,5.774373531981237,Lumpy
15,HOME AND KITCHEN II,1160,10.438242280285035,10.0,10.246098185495343,0.0,158.0,2.7565504154781806,30.15041347140808,0.981592293931116,1.4517241379310344,0.3525458317586329,Intermittent
15,HOME APPLIANCES,172,0.11579572446555819,0.0,0.3617881114774543,0.0,3.0,3.333292023025665,11.760146566566192,3.1243649972646277,9.790697674418604,0.09917159745818721,Intermittent
15,HOME CARE,1044,146.92102137767222,192.0,121.93009975211254,0.0,575.0,-0.1278789215838976,-1.4177650875626833,0.8299023421423922,1.6130268199233717,0.04693727137307603,Intermittent
15,LADIESWEAR,978,5.632422802850356,4.0,6.550981763332732,0.0,43.0,1.1421575191880107,0.9985663793640636,1.1630841631516804,1.721881390593047,0.36639189190270416,Intermittent
15,LAWN AND GARDEN,3,0.008907363420427554,0.0,0.2297194270657866,0.0,7.0,27.658215855818145,784.4582868168858,25.7898314499139,561.3333333333334,0.18666666659200004,Intermittent
15,LINGERIE,1550,4.716152019002375,4.0,3.7292832875933417,0.0,29.0,1.3280810917776662,2.79376079993654,0.7907470479697267,1.0864516129032258,0.49595331685742666,Erratic
15,"LIQUOR,WINE,BEER",1498,24.65439429928741,19.0,24.385644426317878,0.0,275.0,3.428858042226323,21.05311290380283,0.9890993114372962,1.124165554072096,0.7598097012822933,Erratic
15,MAGAZINES,582,0.7494061757719715,0.0,1.3625133541536008,0.0,12.0,2.571806868351424,8.937933569669601,1.8181239978866424,2.893470790378007,0.48803122310013897,Intermittent
15,MEATS,1679,125.74017669536815,125.867,29.80307546803048,0.0,330.453,0.1935504271603375,3.632939759857676,0.23702110376381638,1.0029779630732578,0.05304308022201677,Smooth
15,PERSONAL CARE,1679,181.43527315914488,177.0,51.6320341510829,0.0,587.0,0.8366428682951469,3.227374720567455,0.284575503163101,1.0029779630732578,0.07777364687883181,Smooth
15,PET SUPPLIES,424,0.3990498812351544,0.0,0.8559691482670515,0.0,9.0,3.2608755265744396,16.21132312786577,2.1450179197462864,3.9716981132075473,0.410253684289555,Intermittent
15,PLAYERS AND ELECTRONICS,971,2.6680522565320666,2.0,3.151503167664055,0.0,31.0,1.4474692951720562,4.254124273711255,1.1811999404311435,1.7342945417095779,0.3810994859463982,Intermittent
15,POULTRY,1677,124.64956293052256,127.1834975,53.8471168748187,0.0,444.908,0.3240892168466873,0.9489559687926907,0.43198801189860675,1.0041741204531902,0.18168116291292555,Smooth
15,PREPARED FOODS,1679,30.8646080760095,28.0,14.399812173848659,0.0,93.0,0.9033698844206944,0.6783975143268588,0.4665477085573241,1.0029779630732578,0.21405136422861287,Smooth
15,PRODUCE,1016,389.7070719299288,505.721,345.8126064416124,0.0,1421.034,0.16747834945429735,-1.0499787799289608,0.8873654889765608,1.6574803149606299,0.07839441283060206,Intermittent
15,SCHOOL AND OFFICE SUPPLIES,97,0.4311163895486936,0.0,2.664204691772035,0.0,40.0,8.856250958365045,92.7456790844075,6.179780565478453,17.36082474226804,1.2573632641647652,Lumpy
15,SEAFOOD,1510,5.241686460807601,5.0,3.8950478342260864,0.0,33.0,1.1044866900007455,2.762410487243357,0.7430905802181222,1.1152317880794702,0.39180359371131274,Smooth
16,AUTOMOTIVE,1636,5.752969121140143,5.0,3.7161165298170498,0.0,23.0,0.9813294405220536,1.032386354117106,0.6459475882663228,1.0293398533007334,0.37685166104907175,Smooth
16,BABY CARE,105,0.09382422802850356,0.0,0.4143906122917367,0.0,4.0,5.484474552989912,34.81823447270529,4.416669516845653,16.038095238095238,0.2786412430201362,Intermittent
16,BEAUTY,797,0.8735154394299287,0.0,1.2111072427017227,0.0,8.0,1.7033829774866247,3.2438175381541123,1.3864749111997807,2.112923462986198,0.38306603817091767,Intermittent
16,BEVERAGES,1679,1084.2446555819477,1081.0,575.4519638588149,0.0,6601.0,1.0826481111869584,4.880584189952114,0.5307399588236119,1.0029779630732578,0.2778794261489486,Smooth
16,BOOKS,0,0.0,0.0,0.0,0.0,0.0,,,0.0,,,No Sales
16,BREAD/BAKERY,1679,201.94418052256532,187.0,75.01141145556777,0.0,558.0,1.0606705095381483,1.5758284553800221,0.37144626431468036,1.0029779630732578,0.1345935495795603,Smooth
16,CELEBRATION,976,3.6152019002375297,2.0,4.965716838894652,0.0,65.0,3.7165811875255903,30.377855425773696,1.3735655641237696,1.7254098360655739,0.6730415575933646,Lumpy
16,CLEANING,1679,1001.7826603325416,914.0,498.92709141686447,0.0,11377.0,8.75388199597758,150.46071486991644,0.4980392565895957,1.0029779630732578,0.24433750994902656,Smooth
16,DAIRY,1679,244.7119952494062,241.0,102.75642658871821,0.0,639.0,0.4688239830330051,0.41914578169082395,0.41990759988520693,1.0029779630732578,0.1728297487583629,Smooth
16,DELI,1679,213.96377672209027,197.0,75.2238180175521,0.0,569.0,1.1215740018773062,1.9162017281709707,0.35157267818704663,1.0029779630732578,0.12026723359382062,Smooth
16,EGGS,1679,177.85035629453682,151.0,105.85436340955518,0.0,746.0,1.411739908541118,2.418715999489339,0.5951878062794278,1.0029779630732578,0.3502275968199393,Smooth
16,FROZEN FOODS,1679,41.585159155878856,29.0,66.7313509301737,0.0,830.511,8.001461686147032,74.62182764526946,1.6046914880963072,1.0029779630732578,2.564420060651051,Erratic
16,GROCERY I,1679,2557.762617577197,2358.5,814.796839555394,0.0,8976.0,1.326757298005519,3.991624376810769,0.3185584283528546,1.0029779630732578,0.0982090462880797,Smooth
16,GROCERY II,1521,5.909144893111639,4.0,7.848593197719036,0.0,126.0,7.423364595628177,85.05557787387565,1.3282113297881768,1.1071663379355687,1.4965944519432195,Erratic
16,HARDWARE,629,0.5920427553444181,0.0,0.9719135852401467,0.0,8.0,2.274297847124993,7.05283300894385,1.641627356850458,2.6772655007949124,0.38011728216067153,Intermittent
16,HOME AND KITCHEN I,1165,12.564726840855107,11.0,12.84162492156256,0.0,94.0,1.4738173576995037,4.050230026593629,1.0220377317543476,1.4454935622317597,0.41443807060142596,Intermittent
16,HOME AND KITCHEN II,1162,7.76603325415677,7.0,9.413622094577184,0.0,206.0,8.56242957224652,155.93672756107867,1.212153204253457,1.4492254733218588,0.7038862732097693,Lumpy
16,HOME APPLIANCES,187,0.12470308788598575,0.0,0.3694159474724894,0.0,2.0,3.0479449012084148,9.150912426394731,2.962364050262148,9.005347593582888,0.08553287966626409,Intermittent
16,HOME CARE,1044,134.25712589073635,147.5,125.83963531025273,0.0,752.0,0.6760624329625343,0.48336585661188236,0.9373032118364325,1.6130268199233717,0.1646038910988282,Intermittent
16,LADIESWEAR,0,0.0,0.0,0.0,0.0,0.0,,,0.0,,,No Sales
16,LAWN AND GARDEN,11,0.016033254156769598,0.0,0.22409371732283626,0.0,5.0,16.40684496856687,294.8552736848208,13.976807275359732,153.0909090909091,0.2825788749412182,Intermittent
16,LINGERIE,1372,3.926959619952494,3.0,3.9255252181427185,0.0,39.0,1.727557394521211,5.650554246931334,0.9996347294221917,1.227405247813411,0.6288585990790514,Erratic
16,"LIQUOR,WINE,BEER",1496,35.90736342042755,23.0,43.64928209049027,0.0,712.0,4.60255276892057,44.782175344739485,1.215608107401246,1.125668449197861,1.2010948894948852,Erratic
16,MAGAZINES,540,0.5807600950118765,0.0,1.0520923127782642,0.0,8.0,2.2724280192587827,6.059184554850136,1.8115781714395698,3.1185185185185187,0.37302871726656395,Intermittent
16,MEATS,1679,76.36922298337292,73.2465,26.7376306797064,0.0,178.653,0.5381749953143186,0.4549540843203528,0.3501100264589257,1.0029779630732578,0.11924396343408344,Smooth
16,PERSONAL CARE,1679,197.07779097387174,182.0,78.33232394543552,0.0,662.0,1.2296121578089234,2.6484370404441746,0.39746905807069466,1.0029779630732578,0.15454346432042265,Smooth
16,PET SUPPLIES,270,0.2660332541567696,0.0,0.7561376345676761,0.0,7.0,4.024422743797765,20.206701679364997,2.842267347824974,6.237037037037037,0.45557637062433715,Intermittent
16,PLAYERS AND ELECTRONICS,915,1.9542755344418052,1.0,2.559677182380624,0.0,16.0,1.61109082969087,2.9565631098677407,1.3097831579833776,1.8404371584699453,0.4754820123625093,Intermittent
16,POULTRY,1677,94.22543277119952,88.729998,34.70825618773151,0.0,329.501,0.9829923179574906,2.669480906633722,0.36835337516191174,1.0041741204531902,0.1309634314024452,Smooth
16,PREPARED FOODS,1678,41.79394299287411,41.0,14.298262817811171,0.0,107.0,0.5090584854833394,1.0564857599714461,0.3421132775126511,1.0035756853396902,0.11306153683121838,Smooth
16,PRODUCE,1016,372.31739812351543,440.272,338.7026154225543,0.0,1335.467,0.2540879474177034,-1.0645925054587184,0.9097147141893186,1.6574803149606299,0.10262598277666923,Intermittent
16,SCHOOL AND OFFICE SUPPLIES,120,1.3937054631828978,0.0,7.547079993998564,0.0,86.0,7.3511554151106635,61.1291952932482,5.41511832159119,14.033333333333333,1.1608199389962026,Lumpy
16,SEAFOOD,1276,2.7743467933491686,2.0,2.8969075760951473,0.0,23.0,1.7071472413298303,4.466139454946412,1.0441764461442284,1.3197492163009403,0.5838648928364502,Erratic
17,AUTOMOTIVE,1602,6.108669833729216,5.0,4.650435669092511,0.0,33.0,1.5428350412436553,3.6674700958868653,0.7612845013580039,1.0511860174781522,0.5026399379079599,Erratic
17,BABY CARE,168,0.15261282660332542,0.0,0.5630014278991446,0.0,7.0,5.732201118722049,45.64241644291509,3.689083262139079,10.023809523809524,0.45746339778796224,Intermittent
17,BEAUTY,1189,1.8331353919239906,1.0,2.0338745078631413,0.0,15.0,1.8352383658522127,4.905349699624324,1.1095058857703666,1.4163162321278384,0.5752155208464736,Lumpy
17,BEVERAGES,1677,2402.4714964370546,2304.5,1278.2677424532676,0.0,8556.0,0.7758975739295744,0.540494150487369,0.5320636454369799,1.0041741204531902,0.2777582061332402,Smooth
17,BOOKS,0,0.0,0.0,0.0,0.0,0.0,,,0.0,,,No Sales
17,BREAD/BAKERY,1677,252.32957244655583,226.0,112.96319289794545,0.0,913.0,1.7383638252649858,4.722358758247841,0.44768114891259414,1.0041741204531902,0.1954285483377956,Smooth
17,CELEBRATION,987,4.6633016627078385,3.0,6.7474853256723355,0.0,69.0,3.683741854386825,24.294174856857488,1.4469330556469602,1.7061803444782169,0.8131818703016941,Lumpy
17,CLEANING,1677,1066.6627078384797,1022.5,320.65788261467844,0.0,2727.0,0.7286301656718809,1.27871348644722,0.30061788066461,1.0041741204531902,0.08583868869593919,Smooth
17,DAIRY,1677,545.4869358669833,521.0,280.8859041666112,0.0,1571.0,0.6559937508077883,0.5036899305334668,0.5149269133634947,1.0041741204531902,0.25989079018995737,Smooth
17,DELI,1677,424.12410926365794,411.0,158.12140743745712,0.0,991.0,0.46437622532790734,0.06586728870687297,0.37281871976485,1.0041741204531902,0.1342592630181395,Smooth
17,EGGS,1677,180.66389548693587,152.0,130.22238370967358,0.0,1446.0,3.7763192774847085,23.818184494919578,0.7207991577839602,1.0041741204531902,0.5132350006952511,Erratic
17,FROZEN FOODS,1677,96.24318055106887,79.709,94.718043872251,0.0,1446.283,5.941855940261441,55.191207684841984,0.9841533013448911,1.0041741204531902,0.9603748796670794,Erratic
17,GROCERY I,1677,3832.3249507125893,3616.0,1417.2264220259713,0.0,11737.0,1.3286433247653624,3.486758744452569,0.36980852100291756,1.0041741204531902,0.13203309969125815,Smooth
17,GROCERY II,1599,8.207244655581947,6.0,8.808218994879661,0.0,141.0,5.483067178510188,58.246844398674405,1.073224859675135,1.0531582238899313,1.043198781189096,Erratic
17,HARDWARE,703,0.7375296912114014,0.0,1.1873212138235345,0.0,17.0,3.2844213042410115,25.100715088639472,1.6098622555296491,2.395448079658606,0.49936728662666774,Lumpy
17,HOME AND KITCHEN I,1161,16.931116389548695,15.0,17.05269897872878,0.0,157.0,1.4029670910156988,4.346541526685946,1.0071810142565647,1.450473729543497,0.3887970216370438,Intermittent
17,HOME AND KITCHEN II,1162,15.707244655581947,10.5,21.292425465275212,0.0,236.0,3.629769244578637,22.6583648022942,1.3555799206548207,1.4492254733218588,0.9580092771142765,Lumpy
17,HOME APPLIANCES,223,0.17399049881235154,0.0,0.48738284044874225,0.0,3.0,3.0945863104425593,9.932862975974453,2.8012037494827813,7.551569506726457,0.1715104424930675,Intermittent
17,HOME CARE,1042,189.65023752969122,220.5,169.24174018569923,0.0,1486.0,0.48377570948944726,1.1946822303266122,0.8923887593776978,1.616122840690979,0.11152299357569241,Intermittent
17,LADIESWEAR,526,1.9061757719714965,0.0,4.284367525113171,0.0,38.0,3.340994336290992,13.927988651598323,2.247624582088966,3.2015209125475286,0.8902941544621604,Lumpy
17,LAWN AND GARDEN,40,0.12292161520190023,0.0,0.9174849522260768,0.0,15.0,9.184422662422499,98.3291854645779,7.46398380183268,42.1,0.34705594049459143,Intermittent
17,LINGERIE,1501,5.317695961995249,4.0,5.804363614703502,0.0,96.0,4.733357431929729,48.79117785693642,1.0915185176239621,1.1219187208527648,0.9532722234458261,Erratic
17,"LIQUOR,WINE,BEER",1497,39.04750593824228,25.0,42.820027444079514,0.0,413.0,2.743745356243417,12.391728182418536,1.096613635470272,1.1249164996659986,0.9579777398285303,Erratic
17,MAGAZINES,664,1.26187648456057,0.0,2.08738896191645,0.0,12.0,1.9856169384848603,4.00501179504296,1.6541943572148885,2.536144578313253,0.47324368136515016,Intermittent
17,MEATS,1677,252.86415736817102,248.083495,141.89507446373779,0.0,5519.789,30.35943692127678,1124.3801411757872,0.5611513942506963,1.0041741204531902,0.30942518880702163,Smooth
17,PERSONAL CARE,1677,228.33372921615202,210.0,105.93852821425362,0.0,1093.0,1.5328578713254875,5.424661418199184,0.4639635527237546,1.0041741204531902,0.2102106133821064,Smooth
17,PET SUPPLIES,681,1.0112826603325415,0.0,1.7066284129990426,0.0,13.0,2.393002793141829,7.323781739634262,1.6875879299169052,2.472834067547724,0.5560902675324971,Lumpy
17,PLAYERS AND ELECTRONICS,1004,5.135985748218527,4.0,6.462841865496882,0.0,66.0,2.4457739134558882,12.1994526113623,1.2583449762258871,1.6772908366533865,0.5402409785733685,Lumpy
17,POULTRY,1677,300.99583456353923,286.123,106.52521946530175,0.0,763.059,0.6913532808420079,0.742877884964642,0.3539092812344575,1.0041741204531902,0.12057436695947521,Smooth
17,PREPARED FOODS,1677,65.29453681710214,62.0,28.496092053387827,0.0,194.0,0.7650676634867027,0.6974915012443192,0.43642383332578627,1.0041741204531902,0.18551727040890129,Smooth
17,PRODUCE,1014,749.7641500593824,819.1590000000001,706.5451222492113,0.0,2833.892,0.3848240364432716,-0.9492948303612989,0.9423565026312736,1.660749506903353,0.1368576478302837,Intermittent
17,SCHOOL AND OFFICE SUPPLIES,205,0.5819477434679335,0.0,3.064788454820935,0.0,57.0,10.363632399810603,140.21240945283427,5.266432396989574,8.214634146341464,2.4980633059103274,Lumpy
17,SEAFOOD,1542,11.116663895486935,10.0,7.366662621835336,0.0,45.0,0.7305122424007638,0.8206206671195697,0.6626684669456754,1.0920881971465628,0.31777772240938035,Smooth
18,AUTOMOTIVE,1443,3.807600950118765,3.0,3.3390782280751896,0.0,22.0,1.32934637307426,2.547371232757012,0.8769506760140103,1.167013167013167,0.5158719184137978,Erratic
18,BABY CARE,111,0.09916864608076009,0.0,0.43485249915811414,0.0,5.0,5.882841947936212,43.115989087616214,4.384979647891967,15.17117117117117,0.3333213807466185,Intermittent
18,BEAUTY,1233,1.9994061757719714,1.0,2.234606806770371,0.0,23.0,2.267490677623575,9.177218053423438,1.1176352422688467,1.3657745336577454,0.6467641473299568,Lumpy
18,BEVERAGES,1568,1644.7553444180523,1556.0,1104.9188954666868,0.0,12473.0,1.604101979095143,7.556963735016295,0.6717831312820313,1.0739795918367347,0.35132230305530465,Smooth
18,BOOKS,0,0.0,0.0,0.0,0.0,0.0,,,0.0,,,No Sales
18,BREAD/BAKERY,1569,658.993874703088,673.0,232.53553834941624,0.0,1566.0,-1.0601047176064007,2.4842603027983694,0.3528644912729016,1.0732950924155513,0.04772057297932287,Smooth
18,CELEBRATION,875,4.666270783847981,1.0,43.6350420057497,0.0,1783.0,40.19884053427041,1635.2107655758816,9.351159419945933,1.9245714285714286,44.95526110512044,Lumpy
18,CLEANING,1569,600.25,575.0,306.08678281884295,0.0,7255.0,6.144983004029948,132.07068717813144,0.5099321662945989,1.0732950924155513,0.17398357928421318,Smooth
18,DAIRY,1569,473.291567695962,474.0,241.01790996058853,0.0,1650.0,0.2856892906819393,0.5814374390490418,0.5092377012617874,1.0732950924155513,0.1733241354458522,Smooth
18,DELI,1569,205.0584997422803,200.114,95.38404935636166,0.0,560.654,0.1458467280648603,0.6975480668780358,0.4651553067820948,1.0732950924155513,0.1333038490754685,Smooth
18,EGGS,1569,161.48634204275535,150.0,81.89928742909608,0.0,499.0,0.4374120264625745,0.7212203808608497,0.5071592209755122,1.0732950924155513,0.17135584081734848,Smooth
18,FROZEN FOODS,1569,56.73128439133016,44.0,64.2023168838833,0.0,849.66504,5.758758473730348,44.1701568602904,1.1316915802555527,1.0732950924155513,1.1249755532691519,Erratic
18,GROCERY I,1569,2457.6540005938245,2339.7070000000003,1178.1174716132673,0.0,12137.94,1.2047994342595805,8.326949864808658,0.47936669332954446,1.0732950924155513,0.14581016475721198,Smooth
18,GROCERY II,1566,16.636579572446557,15.0,10.732926747477064,0.0,65.0,0.787905987291671,1.0267003468063498,0.6451402285003197,1.0753512132822478,0.3169705831444138,Smooth
18,HARDWARE,803,0.9293349168646081,0.0,1.3214363754950615,0.0,8.0,1.939620749028425,4.63709144398759,1.421916200600113,2.0971357409713574,0.4409394804036979,Intermittent
18,HOME AND KITCHEN I,1053,14.361638954869358,9.0,28.34891153046767,0.0,404.0,7.7441363395256415,81.4812632304461,1.9739328928667959,1.5992402659069325,2.0617107198837394,Lumpy
18,HOME AND KITCHEN II,1056,8.40083135391924,7.0,9.23513245805802,0.0,92.0,1.4317357560117567,4.531932265777728,1.0993117309336582,1.5946969696969697,0.3848940105430157,Intermittent
18,HOME APPLIANCES,229,0.17220902612826602,0.0,0.4837375409916102,0.0,4.0,3.429931336614505,14.373563998449324,2.8090138424120425,7.353711790393013,0.2089892981241621,Intermittent
18,HOME CARE,934,108.88598574821853,122.0,113.74608685097495,0.0,1155.0,1.0560929499164469,4.039100165275412,1.0446347715761144,1.802997858672377,0.15988036033657424,Intermittent
18,LADIESWEAR,891,6.27790973871734,2.0,8.185568170392202,0.0,46.0,1.486102426434903,2.206556526540867,1.3038684068052169,1.8900112233445567,0.42860147565250856,Intermittent
18,LAWN AND GARDEN,711,1.4085510688836105,0.0,3.645101882571712,0.0,92.0,12.954538398231833,269.1607404153809,2.587837928285347,2.3684950773558366,2.249702827324227,Lumpy
18,LINGERIE,1412,4.369952494061757,3.0,4.723250697071551,0.0,74.0,4.586229934413342,52.49945592852946,1.0808471493475127,1.1926345609065157,0.8180175482797222,Erratic
18,"LIQUOR,WINE,BEER",1387,57.00296912114014,43.0,66.36230446847982,0.0,1052.0,5.422034319234747,53.7923873375122,1.1641903130744902,1.2141312184571016,0.9399378331315629,Erratic
18,MAGAZINES,623,1.1561757719714965,0.0,2.1038825341075347,0.0,14.0,2.42671663449733,6.666072744565797,1.8196909010645756,2.7030497592295344,0.5949669314799644,Lumpy
18,MEATS,1569,98.66398978562945,87.1185,55.30902841223884,0.0,337.513,1.0202074801113254,1.9891364626886414,0.5605796859811775,1.0732950924155513,0.22449976117819817,Smooth
18,PERSONAL CARE,1569,149.29097387173397,130.5,172.430204515386,0.0,6047.0,24.341791037687617,813.0915955963063,1.1549941703935667,1.0732950924155513,1.1746223849699589,Erratic
18,PET SUPPLIES,839,1.8402612826603326,0.0,2.5114973490144616,0.0,17.0,1.7279216277705305,3.794461588395758,1.364750414147181,2.0071513706793804,0.42617230383926635,Intermittent
18,PLAYERS AND ELECTRONICS,897,4.2992874109263655,2.0,5.470236848499123,0.0,40.0,1.6208016791043296,3.90936421351444,1.2723589572831315,1.8773690078037903,0.39498271563119525,Intermittent
18,POULTRY,1569,194.5097253402613,187.14600000000002,149.9219170077747,0.0,3155.52,9.722901923979592,165.50461505982233,0.7707682314842682,1.0732950924155513,0.48522403384783136,Smooth
18,PREPARED FOODS,1568,49.93982839429929,49.0,24.65325960454978,0.0,272.402,0.6343880217805948,4.573702012470155,0.4936592775090579,1.0739795918367347,0.15802897161872875,Smooth
18,PRODUCE,906,875.4971635629454,963.2090000000001,941.3177061883423,0.0,4276.486,0.7468511659968196,-0.1756862174119438,1.075180760559471,1.858719646799117,0.15994559566439617,Intermittent
18,SCHOOL AND OFFICE SUPPLIES,538,1.925771971496437,0.0,8.522142512457465,0.0,142.0,10.300232578146254,128.89349230405745,4.425312360014229,3.130111524163569,5.575928473903939,Lumpy
18,SEAFOOD,1547,9.376033667042755,8.001999999999999,7.12909311291314,0.0,60.996,1.2083415244184252,2.6797581014676366,0.7603527637930653,1.0885585003232061,0.44974875026612854,Smooth
19,AUTOMOTIVE,1644,6.548099762470309,6.0,4.171864811933607,0.0,27.0,0.9960020851308795,1.1508169220245827,0.6371107592476013,1.024330900243309,0.37251557990226514,Smooth
19,BABY CARE,132,0.1187648456057007,0.0,0.4612328767067048,0.0,4.0,4.74194970119885,25.855307862193158,3.8835807891707046,12.757575757575758,0.2605999996560079,Intermittent
19,BEAUTY,1213,1.6057007125890737,1.0,1.6390762115568802,0.0,12.0,1.5644132914088635,3.6103565801149404,1.0207856281593133,1.3882934872217643,0.4708729228820439,Intermittent
19,BEVERAGES,1679,1957.7606888361045,1873.0,898.3090311986277,0.0,6309.0,0.7145184431292368,0.5374120657302828,0.4588451675021714,1.0029779630732578,0.20694465113754573,Smooth
19,BOOKS,0,0.0,0.0,0.0,0.0,0.0,,,0.0,,,No Sales
19,BREAD/BAKERY,1679,180.00653206650833,172.0,54.91673100709386,0.0,553.0,0.7690547581529364,1.7065330893668111,0.3050818788425872,1.0029779630732578,0.08982948084804582,Smooth
19,CELEBRATION,1003,5.26187648456057,3.0,9.26514656639915,0.0,115.0,5.244976668350752,39.85057980960641,1.7608065472126135,1.678963110667996,1.442245259162164,Lumpy
19,CLEANING,1679,927.2102137767221,835.5,343.14250170337573,0.0,2385.0,1.165130301801616,1.2931169010655754,0.37008058863514254,1.0029779630732578,0.13358387117573878,Smooth
19,DAIRY,1679,289.4732779097387,288.0,140.30158346062723,0.0,824.0,0.15749522960413506,-0.258867394519664,0.4846788776955443,1.0029779630732578,0.23124700636522272,Smooth
19,DELI,1679,273.88004750593825,268.0,105.96037378803175,0.0,682.0,0.3765846289135694,-0.07102451504881957,0.3868860647300254,1.0029779630732578,0.14626728543420373,Smooth
19,EGGS,1679,64.8646080760095,56.0,38.125068674377076,0.0,289.0,1.4614166793694923,3.1285262871239317,0.5877638022434927,1.0029779630732578,0.34147143483109343,Smooth
19,FROZEN FOODS,1677,61.012274865201896,45.0,114.05444548193871,0.0,1623.5459,8.020559972554524,75.50700601603337,1.869368839828653,1.0041741204531902,3.4758570926867947,Erratic
19,GROCERY I,1679,3019.9867262470307,2810.5,1029.1908152118017,0.0,8351.0,1.0310883659836374,1.5035581834084555,0.34079315854823217,1.0029779630732578,0.1128260221124713,Smooth
19,GROCERY II,1614,9.871140142517815,7.0,12.137793527519824,0.0,165.0,5.362680708811867,45.21271998849967,1.2296242734929133,1.043370508054523,1.4075588054218449,Erratic
19,HARDWARE,1058,1.2820665083135392,1.0,1.4549894516336683,0.0,10.0,1.585962909307413,3.345840075030079,1.134878293024531,1.5916824196597354,0.4374404799885649,Intermittent
19,HOME AND KITCHEN I,1162,14.184679334916865,11.0,17.43075143083316,0.0,305.0,4.844441474221279,58.539404966698974,1.2288435302655698,1.4492254733218588,0.7319985524625077,Lumpy
19,HOME AND KITCHEN II,1161,8.51603325415677,7.0,10.064240425079829,0.0,128.0,3.8960195290069732,31.987065499076863,1.181799098657296,1.450473729543497,0.6523216249606212,Lumpy
19,HOME APPLIANCES,235,0.16270783847980996,0.0,0.4395919968195217,0.0,4.0,3.228928218455162,13.482835001104313,2.701725978446599,7.165957446808511,0.15815973120081234,Intermittent
19,HOME CARE,1044,125.21555819477435,141.0,114.328034605078,0.0,547.0,0.4374843136177418,-0.5384318580825278,0.9130497539796635,1.6130268199233717,0.13678199928539603,Intermittent
19,LADIESWEAR,975,5.278503562945368,3.0,6.901081786733473,0.0,53.0,1.9057211779267578,5.266092028874716,1.3073936018289478,1.7271794871794872,0.5686140616223722,Lumpy
19,LAWN AND GARDEN,4,0.016033254156769598,0.0,0.4652835457992773,0.0,18.0,35.604324988166496,1338.7995526770228,29.019905268757867,421.0,1.0027434839278564,Lumpy
19,LINGERIE,1493,4.433491686460807,3.0,4.217903185892291,0.0,33.0,2.032526039097972,6.660893847438956,0.9513727515993177,1.1279303415941058,0.6890317090775636,Erratic
19,"LIQUOR,WINE,BEER",1494,33.75950118764845,20.0,44.77380202718676,0.0,612.0,4.239921125518382,31.224963414757532,1.3262578074536788,1.1271753681392236,1.4476757120809498,Erratic
19,MAGAZINES,676,1.022565320665083,0.0,1.7208968753848843,0.0,12.0,2.288924709876706,6.292190163154288,1.6829212167910022,2.4911242603550297,0.5383511322175687,Lumpy
19,MEATS,1679,141.3029322666271,134.096,49.25401561994057,0.0,426.42798,1.3942413934507811,4.488776523168885,0.3485703716795749,1.0029779630732578,0.11817143078244205,Smooth
19,PERSONAL CARE,1679,187.0380047505938,171.0,80.05182988385054,0.0,710.0,1.27169231497413,2.5616873892469307,0.4279976681218762,1.0029779630732578,0.1796689932173327,Smooth
19,PET SUPPLIES,569,0.5688836104513064,0.0,0.9762650910593745,0.0,7.0,2.100160869953255,5.218995868804633,1.7161069002652012,2.959578207381371,0.3329679521500048,Intermittent
19,PLAYERS AND ELECTRONICS,969,2.9619952494061756,2.0,3.6586512590853593,0.0,27.0,1.5885945937983939,3.601419106771943,1.2351982193704232,1.737874097007224,0.45333580045267086,Intermittent
19,POULTRY,1678,121.8783944317102,89.185498,89.82093972503637,0.0,610.943,1.6006498640273374,2.21554199256716,0.7369717999905804,1.0035756853396902,0.5376293552380443,Erratic
19,PREPARED FOODS,1679,33.49465558194775,32.0,13.034782444864172,0.0,82.0,0.4319492364955891,0.08538824805496592,0.3891600680169474,1.0029779630732578,0.14802677718957744,Smooth
19,PRODUCE,1016,265.52919519002376,326.19100000000003,235.23356933935096,0.0,1426.504,0.12876370063546191,-1.0483174992038848,0.8859047276143105,1.6574803149606299,0.07683160415519812,Intermittent
19,SCHOOL AND OFFICE SUPPLIES,162,0.5273159144893111,0.0,3.1878763312781526,0.0,73.0,11.892846129851335,198.80610302889812,6.0454771753286325,10.395061728395062,2.6120799844377407,Lumpy
19,SEAFOOD,1384,4.342636579572447,3.0,4.263813564472675,0.0,35.0,1.9469245812252622,6.57099019763764,0.9818490415586695,1.216763005780347,0.6141413991389622,Erratic
2,AUTOMOTIVE,1621,5.403800475059382,5.0,3.4734670978583866,0.0,23.0,0.9405528269950949,1.4057217358126204,0.6427822628253932,1.038864898210981,0.3603010746210641,Smooth
2,BABY CARE,57,0.0498812351543943,0.0,0.31188833368412583,0.0,5.0,8.793778949547622,100.41719609357412,6.2526183737459355,29.54385964912281,0.35714285665816325,Intermittent
2,BEAUTY,1608,4.712589073634204,4.0,3.9462611301267208,0.0,108.0,11.021015536685345,276.9789080771439,0.8373870642292387,1.0472636815920398,0.6244400768151089,Erratic
2,BEVERAGES,1679,2466.693586698337,2469.0,1159.4771950024895,0.0,9188.0,0.6241717215098701,0.33466349513889027,0.47005319236021387,1.0029779630732578,0.21732485518114272,Smooth
2,BOOKS,111,0.14192399049881235,0.0,0.6633787437376806,0.0,9.0,6.595898680534118,54.90334741200766,4.6741832493009605,15.17117117117117,0.5060135497129238,Lumpy
2,BREAD/BAKERY,1679,548.8555742814726,556.9665,188.96404531052468,0.0,1134.0,0.3183031221219082,-0.2624855792293048,0.34428737570454726,1.0029779630732578,0.11521273472669312,Smooth
2,CELEBRATION,1012,7.947743467933492,7.0,8.760789121103908,0.0,69.0,1.2955329518500618,2.736359619599594,1.1022989299224977,1.6640316205533596,0.3311423315346113,Intermittent
2,CLEANING,1679,965.4804038004751,934.0,212.92801571721753,0.0,1977.0,0.43957494300144634,1.4637071733644529,0.22054100205331606,1.0029779630732578,0.04552479934207115,Smooth
2,DAIRY,1679,853.2422802850356,836.0,279.89671401503716,0.0,2634.0,0.40057251811787076,0.9056212268147146,0.3280389644090379,1.0029779630732578,0.10432093520449714,Smooth
2,DELI,1679,244.34981621140145,235.589,69.82115326699173,0.0,515.08,0.6162474865699612,0.7308135223918648,0.28574260602798895,1.0029779630732578,0.07843729047184335,Smooth
2,EGGS,1679,186.8978622327791,174.0,52.230318733039454,0.0,380.0,0.823403512753733,0.8271278767237651,0.27945915543810634,1.0029779630732578,0.07489641771867056,Smooth
2,FROZEN FOODS,1679,160.7180148592637,126.0,179.93672720158162,0.0,3738.005,8.939401031967305,121.52492050458775,1.1195803243216242,1.0029779630732578,1.2467693065790746,Erratic
2,GROCERY I,1678,3914.313418646081,3583.5,3588.114918114892,0.0,124717.0,25.859897186556466,808.3093334017411,0.9166652064757415,1.0035756853396902,0.8337183011167929,Erratic
2,GROCERY II,1679,31.28562945368171,29.0,15.730615493240789,0.0,151.0,1.576868120864041,5.458884854370568,0.5028064247844882,1.0029779630732578,0.2490945433796046,Smooth
2,HARDWARE,1019,1.171021377672209,1.0,1.3691428572060995,0.0,11.0,1.6654103247362244,4.0317984348428215,1.1691869014027185,1.6526005888125614,0.43228680180299717,Intermittent
2,HOME AND KITCHEN I,1166,17.606294536817103,15.0,23.22849391372472,0.0,423.0,6.5952134850261395,87.08189546980039,1.3193289402168935,1.444253859348199,0.8976088136101352,Lumpy
2,HOME AND KITCHEN II,1162,14.408551068883611,10.0,23.951912891348684,0.0,325.0,6.101663526544418,55.3449086198665,1.6623401461519864,1.4492254733218588,1.5968179768771738,Lumpy
2,HOME APPLIANCES,579,0.47862232779097386,0.0,0.7613864103822522,0.0,4.0,1.6381592745300098,2.3234388713742966,1.590787484373234,2.90846286701209,0.21390748018944433,Intermittent
2,HOME CARE,1043,177.32838479809976,220.0,165.09900470876084,0.0,2504.0,2.1484339429749255,25.106728378002014,0.9310354058421391,1.6145733461169702,0.1562354422791305,Intermittent
2,LADIESWEAR,1016,17.540973871733968,17.0,18.052512685315417,0.0,87.0,0.844342763308556,0.1413285985981232,1.0291625092365364,1.6574803149606299,0.24235289669795504,Intermittent
2,LAWN AND GARDEN,1611,8.232185273159145,7.0,8.070290062035491,0.0,194.0,9.037372608715584,178.69245391790514,0.9803338716595893,1.0453134698944755,0.8760444177015161,Erratic
2,LINGERIE,1638,9.322446555819477,8.0,6.53548288439189,0.0,57.0,1.4942783997031006,4.507400925779831,0.7010480397563781,1.028083028083028,0.45072753203212074,Smooth
2,"LIQUOR,WINE,BEER",1497,86.50356294536817,61.0,81.49863010747899,0.0,1049.0,2.9528326482754252,18.539903649359253,0.942141887935966,1.1249164996659986,0.678019068587627,Erratic
2,MAGAZINES,937,3.8355106888361044,1.0,5.029924494081052,0.0,32.0,1.4977495265429022,2.289642714038581,1.311409327422833,1.7972251867662754,0.5133297956804188,Lumpy
2,MEATS,1679,504.70057976840855,469.4665,195.07673226690434,0.0,1667.495,2.691421443122961,9.775266633971752,0.3865197308789154,1.0029779630732578,0.14598480193604244,Smooth
2,PERSONAL CARE,1678,262.9667458432304,243.0,152.9702052435729,0.0,4444.0,15.152597422240927,366.81170373142874,0.5817093136718722,1.0035756853396902,0.333617130390739,Smooth
2,PET SUPPLIES,1021,5.427553444180522,5.0,5.450062733637834,0.0,24.0,0.6232552894594618,-0.5496664018309492,1.0041472255749595,1.6493633692458374,0.21762838217968736,Intermittent
2,PLAYERS AND ELECTRONICS,1010,5.70249406175772,5.0,6.234717635421245,0.0,35.0,1.1688093860051738,1.5619602294394719,1.0933317188595446,1.6673267326732673,0.3167030820963551,Intermittent
2,POULTRY,1679,486.60359160391926,478.0315,154.83610539280886,0.0,930.16,-0.031305666599911096,-0.34053738364571196,0.3181976213577203,1.0029779630732578,0.09797998239497602,Smooth
2,PREPARED FOODS,1679,124.93021441805226,119.3530045,41.031912123111155,0.0,283.478,0.672370809296873,0.6175679767589006,0.32843865924601867,1.0029779630732578,0.10458254685148617,Smooth
2,PRODUCE,1537,1651.7780114608074,2095.9610000000002,1431.2636310090431,0.0,5226.323,0.00019248922659399152,-1.4795013064287776,0.8664987795438618,1.095640858815875,0.5979872609382274,Erratic
2,SCHOOL AND OFFICE SUPPLIES,421,0.45724465558194777,0.0,1.0170522397760267,0.0,12.0,3.5738714409806054,20.58426838405983,2.2243064519962292,4.0,0.4868848029757684,Intermittent
2,SEAFOOD,1679,32.21315675783848,31.265,11.35053841108011,0.0,72.433,0.31770562843098704,0.12499465807513488,0.352357221493538,1.0029779630732578,0.12081785734782358,Smooth
20,AUTOMOTIVE,900,4.498812351543943,2.0,5.786840958649422,0.0,48.0,1.6165679238496538,4.061736061223744,1.2863041409978206,1.8711111111111112,0.418717642118647,Intermittent
20,BABY CARE,276,0.31175771971496435,0.0,0.8668229035107791,0.0,7.0,3.5489563990003083,14.12456845185724,2.780437647295038,6.101449275362318,0.43094421723396764,Intermittent
20,BEAUTY,874,2.84916864608076,1.0,3.9986405673973073,0.0,28.0,1.8344622682284424,4.104363893593244,1.4034411657218988,1.9267734553775744,0.5412539021426253,Lumpy
20,BEVERAGES,911,1639.481591448931,1339.5,2002.8781968741525,0.0,24612.0,2.04641268416455,11.637118753093706,1.2216533612328269,1.8485181119648737,0.34834325878664785,Intermittent
20,BOOKS,0,0.0,0.0,0.0,0.0,0.0,,,0.0,,,No Sales
20,BREAD/BAKERY,911,256.7876638954869,273.0,285.669008961869,0.0,1450.0,1.0091632402246538,0.7321635876259709,1.1124716998750548,1.8485181119648737,0.21047950168714002,Intermittent
20,CELEBRATION,790,4.005938242280285,0.0,5.821572045360375,0.0,38.0,1.7365719569301319,3.240873060387898,1.4532355947138484,2.131645569620253,0.45985511799810286,Intermittent
20,CLEANING,911,702.832541567696,723.5,792.0041330570986,0.0,6081.0,1.2191381735798075,2.624715173983561,1.1268745913349072,1.8485181119648737,0.22792756527900968,Intermittent
20,DAIRY,911,409.3301662707838,397.0,459.8056056946657,0.0,2435.0,1.054175152648733,0.9836539965092888,1.1233122881770887,1.8485181119648737,0.22359120104618146,Intermittent
20,DELI,911,326.4711989370546,347.3165,349.56850748958726,0.0,1575.984,0.7195186345429895,-0.3027985218126248,1.0707483803369595,1.8485181119648737,0.16120154847638643,Intermittent
20,EGGS,911,66.84679334916865,41.0,82.97797719120128,0.0,562.0,1.3450009492428499,1.696973605735403,1.2413157465389764,1.8485181119648737,0.3745414590175214,Intermittent
20,FROZEN FOODS,911,59.74094360095012,39.0,122.07263942960189,0.0,1692.232,7.0620189221756045,67.24974841741466,2.0433664430037073,1.8485181119648737,1.7997271906478884,Lumpy
20,GROCERY I,911,2841.4631258907366,2847.5265,3861.3608218642194,0.0,87438.516,7.4946959513188895,141.93447244098726,1.358933989563003,1.8485181119648737,0.5399911797264739,Lumpy
20,GROCERY II,904,7.076603325415677,4.0,10.289489084121014,0.0,183.0,4.55690567261656,55.23003877521054,1.4540152400110116,1.8628318584070795,0.6717345178189509,Lumpy
20,HARDWARE,432,0.4251781472684085,0.0,0.9309830725247822,0.0,9.0,3.640486867875948,20.414560231319623,2.189630573246362,3.8981481481481484,0.4864704591364534,Intermittent
20,HOME AND KITCHEN I,911,15.02375296912114,9.5,23.568078096338866,0.0,473.0,7.7247222931365345,122.5377890209169,1.56872108741474,1.8485181119648737,0.8722488180721342,Lumpy
20,HOME AND KITCHEN II,910,8.453681710213777,5.0,11.155598574556583,0.0,93.0,2.004248924104991,6.534388622514976,1.3196142172893408,1.8505494505494506,0.4813879639672982,Intermittent
20,HOME APPLIANCES,121,0.09857482185273159,0.0,0.39716676195364115,0.0,5.0,5.0788766165852035,32.394002102065485,4.029089279186418,13.917355371900827,0.23827841451690657,Intermittent
20,HOME CARE,831,162.60095011876484,0.0,195.71782101351982,0.0,999.0,1.0898166618863405,0.8082401407340032,1.2036696026029525,2.02647412755716,0.20841439766989223,Intermittent
20,LADIESWEAR,756,4.153800475059382,0.0,7.834358733667405,0.0,68.0,3.3294739653375602,14.419139216392,1.8860700649492164,2.2275132275132274,1.0458959501643035,Lumpy
20,LAWN AND GARDEN,834,3.077790973871734,0.0,4.870582192323116,0.0,64.0,3.5429059385969954,26.912346184402963,1.582492843759832,2.0191846522781773,0.7354943728136529,Lumpy
20,LINGERIE,784,1.8842042755344417,0.0,3.0057762911876535,0.0,23.0,2.346648329951917,7.075508836663078,1.5952496916714807,2.1479591836734695,0.6503207359492189,Lumpy
20,"LIQUOR,WINE,BEER",841,23.258907363420427,0.0,38.83592011839973,0.0,487.0,4.359662579255485,35.463477545863206,1.6697224641690496,2.0023781212841856,0.8917371635505468,Lumpy
20,MAGAZINES,477,0.6407363420427553,0.0,1.3749639353801686,0.0,11.0,3.1553888421564835,12.47504135075467,2.145912199783585,3.530398322851153,0.5876223216628873,Lumpy
20,MEATS,911,160.02929530047507,157.9685,177.90751771581776,0.0,887.76,0.9248460244768096,0.3204418294842437,1.111718434931944,1.8485181119648737,0.20957315165481363,Intermittent
20,PERSONAL CARE,911,210.5581947743468,196.5,241.77982821300026,0.0,1746.0,1.1900885828606376,1.6885307781158403,1.1482803054564803,1.8485181119648737,0.25427370438088204,Intermittent
20,PET SUPPLIES,712,1.4780285035629455,0.0,2.3230982893315955,0.0,17.0,1.9777531354586086,4.626209449284465,1.5717547274357457,2.365168539325843,0.467300476995321,Intermittent
20,PLAYERS AND ELECTRONICS,777,2.776128266033254,0.0,4.158712940708373,0.0,38.0,2.0164357681969465,6.1233652204910864,1.4980262223807965,2.167310167310167,0.4968243185171139,Lumpy
20,POULTRY,911,202.58054220665082,183.49450000000002,329.93492852024536,0.0,5413.873,8.459151609048208,116.36056239867271,1.6286605067038111,1.8485181119648737,0.9759260255398963,Lumpy
20,PREPARED FOODS,911,44.12504042102138,42.789,48.9383268649469,0.0,266.462,0.9251858513142823,0.3853380991715354,1.1090828789478766,1.8485181119648737,0.20640680661293143,Intermittent
20,PRODUCE,803,499.9866706532066,0.0,603.940580147545,0.0,3130.055,0.92239064263691,-0.038090583702674596,1.2079133616848627,2.0971357409713574,0.17257774082042976,Intermittent
20,SCHOOL AND OFFICE SUPPLIES,529,3.045724465558195,0.0,18.55052609865573,0.0,374.0,12.97144699552705,207.51920462406778,6.090677703232511,3.183364839319471,10.967322887801835,Lumpy
20,SEAFOOD,907,6.882379446021377,3.9045,8.75275250876739,0.0,48.796,1.4048212688712263,1.7283886833643054,1.2717625606294478,1.8566703417861081,0.40971714367549256,Intermittent
21,AUTOMOTIVE,750,4.656769596199525,0.0,6.3518009877332595,0.0,35.0,1.2678969785732137,0.9512860984849123,1.363992968763816,2.2453333333333334,0.27396532935800455,Intermittent
21,BABY CARE,272,0.29038004750593827,0.0,0.8122445356727025,0.0,8.0,3.8584881399347966,18.783295506256092,2.7971774915386174,6.1911764705882355,0.4252867790234521,Intermittent
21,BEAUTY,729,2.1716152019002375,0.0,3.3153177932828304,0.0,19.0,1.7466272775471765,2.9738166935815054,1.5266598745740747,2.310013717421125,0.4418487428258438,Intermittent
21,BEVERAGES,750,1166.147268408551,0.0,1461.8290639738839,0.0,8222.0,0.9660742537389561,0.23482159814091164,1.253554421104633,2.2453333333333334,0.14521913005051265,Intermittent
21,BOOKS,0,0.0,0.0,0.0,0.0,0.0,,,0.0,,,No Sales
21,BREAD/BAKERY,750,218.38242280285036,0.0,280.40889481187463,0.0,1704.0,1.2022436560635503,1.4286187966750346,1.2840268516653286,2.2453333333333334,0.17965778910823765,Intermittent
21,CELEBRATION,729,3.371140142517815,0.0,6.047173885521876,0.0,54.0,3.2022969183872516,15.466510678593718,1.7938067324639895,2.310013717421125,0.8258517527596411,Lumpy
21,CLEANING,750,571.3847980997625,0.0,760.370621849472,0.0,6670.0,1.6293073980809383,4.895131768254534,1.330750528150002,2.2453333333333334,0.23406931480562146,Intermittent
21,DAIRY,750,250.4851543942993,0.0,315.31885290251836,0.0,1424.0,0.9575573369975425,-0.00023261657458961693,1.2588324991304785,2.2453333333333334,0.1511249677309377,Intermittent
21,DELI,750,144.4072630463183,0.0,182.02462165674828,0.0,1028.102,1.0098218327374764,0.3762603454008122,1.2604949212083871,2.2453333333333334,0.1529902522618873,Intermittent
21,EGGS,750,97.5730403800475,0.0,138.2429056394566,0.0,911.0,1.7154175552780269,3.771395003998167,1.4168145739805067,2.2453333333333334,0.33938399810470044,Intermittent
21,FROZEN FOODS,750,44.048927505344416,0.0,107.15411701930557,0.0,1657.123,7.999335836813887,84.39993299743419,2.432615799870997,2.2453333333333334,2.0808876024151775,Lumpy
21,GROCERY I,750,1878.1567298099765,0.0,2375.1519491003655,0.0,13924.218,1.0625269541163915,0.7491983483671358,1.2646186079153299,2.2453333333333334,0.15762777174313047,Intermittent
21,GROCERY II,749,6.105700712589074,0.0,10.495253572419388,0.0,152.0,4.164971230475959,35.8224823205841,1.7189269610055997,2.248331108144192,0.7589535116362259,Lumpy
21,HARDWARE,416,0.4192399049881235,0.0,0.9032853164272904,0.0,9.0,3.021268559562718,12.671073148282993,2.1545785683218788,4.048076923076923,0.39379980532843756,Intermittent
21,HOME AND KITCHEN I,750,15.661520190023753,0.0,23.835803456777263,0.0,391.0,3.6468538697699224,38.34914376824627,1.521934216222415,2.2453333333333334,0.4769672322194568,Intermittent
21,HOME AND KITCHEN II,750,13.402019002375297,0.0,22.086028530638345,0.0,549.0,9.212869849750033,204.66386363868497,1.6479627827028136,2.2453333333333334,0.6548907364078758,Lumpy
21,HOME APPLIANCES,192,0.14133016627078385,0.0,0.4348010031818071,0.0,4.0,3.7006613936892188,16.332692287077403,3.0764911099888743,8.770833333333334,0.19313607764898147,Intermittent
21,HOME CARE,750,143.60095011876484,0.0,186.9001852299838,0.0,1286.0,1.3050274180483923,2.124856292389711,1.3015247118776507,2.2453333333333334,0.19980696658952404,Intermittent
21,LADIESWEAR,646,2.392517814726841,0.0,4.551861729507169,0.0,42.0,2.819180798743479,10.229303972987937,1.9025403696416467,2.606811145510836,0.7721498039671923,Lumpy
21,LAWN AND GARDEN,550,1.1223277909738718,0.0,3.558870393379916,0.0,81.0,13.31478130667448,246.0792605871623,3.1709723476782328,3.061818181818182,2.6106212016943857,Lumpy
21,LINGERIE,739,4.117577197149644,0.0,6.368005674290308,0.0,48.0,2.0738112188548863,5.767093090451105,1.5465419026392417,2.2787550744248986,0.48844072608352224,Intermittent
21,"LIQUOR,WINE,BEER",704,30.473871733966746,0.0,51.12736094332151,0.0,402.0,2.586326149474469,9.443607334439085,1.677744179931566,2.3920454545454546,0.5947964225307129,Lumpy
21,MAGAZINES,572,0.9584323040380047,0.0,1.842215802374791,0.0,14.0,2.783398046218268,9.849449008998251,1.9221136356643798,2.944055944055944,0.5945759605397342,Lumpy
21,MEATS,750,50.016489355106884,0.0,61.134395870564795,0.0,345.30798,0.8190856509897048,-0.21787717812571916,1.2222848236168828,2.2453333333333334,0.11073939582814658,Intermittent
21,PERSONAL CARE,750,144.95783847980996,0.0,187.57913928676973,0.0,1418.0,1.210747737521478,1.539627827851172,1.2940254990874616,2.2453333333333334,0.19113806070769873,Intermittent
21,PET SUPPLIES,559,0.8551068883610451,0.0,1.5913673889841236,0.0,10.0,2.3597724836071063,6.007760492116496,1.8610157499411901,3.012522361359571,0.48160879592238065,Intermittent
21,PLAYERS AND ELECTRONICS,740,3.573040380047506,0.0,5.527088121934832,0.0,45.0,2.0760242533102935,5.700697287869488,1.5468865538862056,2.2756756756756755,0.4909233542917594,Lumpy
21,POULTRY,750,77.52027792933491,0.0,96.24091789724346,0.0,538.903,0.909759849617411,0.06345792294705399,1.2414934577986447,2.2453333333333334,0.13181680780575997,Intermittent
21,PREPARED FOODS,750,46.314809984560576,0.0,60.03902304214777,0.0,331.474,1.071919660382754,0.3124603661091525,1.2963245031312005,2.2453333333333334,0.19379032845125557,Intermittent
21,PRODUCE,750,568.7539763657958,0.0,699.9701695803672,0.0,2983.982,0.7941519808170958,-0.6118358583571579,1.2307081772892057,2.2453333333333334,0.119941783395824,Intermittent
21,SCHOOL AND OFFICE SUPPLIES,438,2.083729216152019,0.0,9.154039195835091,0.0,153.0,8.190056396469785,85.34686194666223,4.393104017779512,3.8447488584474887,4.279763041179093,Lumpy
21,SEAFOOD,721,2.5973871733966747,0.0,4.075375658738158,0.0,34.0,2.0482643212239187,5.786493516772007,1.5690289452841366,2.335644937586685,0.4821824057901445,Intermittent
22,AUTOMOTIVE,662,2.1834916864608074,0.0,3.680395280853343,0.0,37.0,2.937431554432568,16.057822801369905,1.6855549769155713,2.5438066465256797,0.5099793797560136,Lumpy
22,BABY CARE,135,0.1163895486935867,0.0,0.44213075127267104,0.0,5.0,4.661153723844163,26.23254613356675,3.798715197684396,12.474074074074075,0.23698458942781067,Intermittent
22,BEAUTY,446,0.6235154394299287,0.0,1.360127139814496,0.0,14.0,3.170114630565466,13.908667349646695,2.181384856927771,3.7757847533632285,0.5250975052228514,Lumpy
22,BEVERAGES,673,509.4352731591449,0.0,678.911136542276,0.0,4099.0,0.9635431201287262,-0.013232954873437563,1.3326739868851898,2.50222882615156,0.10941890138662565,Intermittent
22,BOOKS,0,0.0,0.0,0.0,0.0,0.0,,,0.0,,,No Sales
22,BREAD/BAKERY,673,53.78562945368171,0.0,70.98438159248111,0.0,378.0,0.9293345304198096,-0.06984641851341822,1.3197648203093097,2.50222882615156,0.09573479145156397,Intermittent
22,CELEBRATION,662,3.6080760095011875,0.0,6.872063405059188,0.0,82.0,3.944301742274633,25.895366506487335,1.904633767431249,2.5438066465256797,0.8191751310645053,Lumpy
22,CLEANING,673,247.2998812351544,0.0,335.2284996940322,0.0,2813.0,1.2571163382550936,2.3064139341448096,1.3555546327736083,2.50222882615156,0.13400034912550413,Intermittent
22,DAIRY,673,120.82125890736341,0.0,157.93081785949528,0.0,879.0,0.830663424147035,-0.5557229170972522,1.3071442831039983,2.50222882615156,0.08248540204225199,Intermittent
22,DELI,673,64.90142517814726,0.0,85.16515196726782,0.0,573.0,0.9104406568538166,0.04925122009687444,1.312223140434692,2.50222882615156,0.08780201950154304,Intermittent
22,EGGS,673,21.0083135391924,0.0,31.87505189423796,0.0,312.0,1.9440137514429157,6.328591632235199,1.5172589571864339,2.50222882615156,0.31965338614925926,Intermittent
22,FROZEN FOODS,673,29.505787423396676,0.0,107.62510235643151,0.0,1894.412,12.014867866570576,174.5690306148868,3.64759295552446,2.50222882615156,4.716876977944038,Lumpy
22,GROCERY I,673,932.4598034441805,0.0,1233.2868415341297,0.0,8909.0,1.0609168674819813,1.26215393385473,1.3226166285961891,2.50222882615156,0.09874633267299869,Intermittent
22,GROCERY II,596,2.328978622327791,0.0,4.8437428012807064,0.0,54.0,3.73796097345151,21.09030412319598,2.0797712579944863,2.825503355704698,0.8847786812153435,Lumpy
22,HARDWARE,375,0.4144893111638955,0.0,0.9984210993819063,0.0,11.0,3.767633818672348,20.759203284899602,2.4087981766514526,4.490666666666667,0.5147658880684889,Lumpy
22,HOME AND KITCHEN I,673,15.97624703087886,0.0,29.46696940903072,0.0,562.0,6.067152729336485,82.86798200824525,1.8444237467180242,2.50222882615156,0.7591912105649933,Lumpy
22,HOME AND KITCHEN II,673,7.595011876484561,0.0,11.266629253622233,0.0,81.0,1.71732597747182,4.062337927504023,1.4834248366381353,2.50222882615156,0.2790793603730164,Intermittent
22,HOME APPLIANCES,171,0.13539192399049882,0.0,0.45007959267751113,0.0,4.0,4.033332756811245,19.032818895638666,3.3242720546967304,9.847953216374268,0.2236842101907895,Intermittent
22,HOME CARE,673,62.92102137767221,0.0,85.56751475796554,0.0,668.0,1.2431564401214286,2.1345998775823896,1.3599193541853345,2.50222882615156,0.13873704121800587,Intermittent
22,LADIESWEAR,84,0.20783847980997625,0.0,1.284675003511616,0.0,27.0,11.097779620411663,169.44030399593544,6.181121987155862,20.047619047619047,0.9556571423984273,Lumpy
22,LAWN AND GARDEN,6,0.007125890736342043,0.0,0.16148525540886968,0.0,6.0,32.018506605580946,1140.5015354668406,22.661760995510917,280.6666666666667,0.8333333325,Lumpy
22,LINGERIE,648,2.8390736342042757,0.0,5.5138235348259315,0.0,85.0,5.48281760066768,62.08967724660698,1.9421206503610828,2.5987654320987654,0.836192125571428,Lumpy
22,"LIQUOR,WINE,BEER",638,13.697149643705464,0.0,32.16906742880324,0.0,569.0,7.399473535961161,91.37470232747677,2.348595748987671,2.6394984326018807,1.4686137003426403,Lumpy
22,MAGAZINES,593,1.1371733966745843,0.0,2.1139330998061783,0.0,23.0,2.8109009515192196,12.418827795527685,1.8589364683776266,2.839797639123103,0.5690008108877125,Lumpy
22,MEATS,673,41.877693015439434,0.0,126.24932967126895,0.0,4776.274,31.3574784661653,1171.4102394746415,3.0147154863977046,2.50222882615156,3.031809304879434,Lumpy
22,PERSONAL CARE,673,63.58847980997625,0.0,88.67021627614663,0.0,871.0,1.6130001505068843,5.677864990164178,1.3944383721662887,2.50222882615156,0.1767342550976678,Intermittent
22,PET SUPPLIES,382,0.38717339667458434,0.0,0.8572600892785894,0.0,7.0,2.815318350164265,9.58459358367462,2.2141502862216496,4.408376963350785,0.3389194169689646,Intermittent
22,PLAYERS AND ELECTRONICS,657,2.2422802850356294,0.0,3.569229612388836,0.0,22.0,1.85671627629051,3.84961485133874,1.5917856632897862,2.563165905631659,0.37867845074440964,Intermittent
22,POULTRY,673,49.42264185926366,0.0,71.74687861145459,0.0,454.964,1.43021746409388,1.6562247595732726,1.4517005953325992,2.50222882615156,0.24186668544769602,Intermittent
22,PREPARED FOODS,673,18.07541567695962,0.0,24.518152446942974,0.0,137.0,1.0738287344070416,0.4315455610499934,1.35643643741147,2.50222882615156,0.134956075657549,Intermittent
22,PRODUCE,673,159.15850466152023,0.0,209.55126041234826,0.0,1052.963,0.9169659069343563,-0.12258244839130183,1.316619937192052,2.50222882615156,0.09242129675100211,Intermittent
22,SCHOOL AND OFFICE SUPPLIES,134,0.24821852731591448,0.0,1.5195176474746535,0.0,29.0,10.722764708761401,142.2139022520423,6.121693081431544,12.567164179104477,2.0615599446501673,Lumpy
22,SEAFOOD,521,0.8521377672209026,0.0,1.7131221764577969,0.0,21.0,3.1633536664527773,16.99678670326319,2.010381701581496,3.232245681381958,0.559793125648221,Lumpy
23,AUTOMOTIVE,1428,2.3010688836104514,2.0,1.8686623812282193,0.0,14.0,1.214176857180352,2.6454652015196043,0.8120845028698763,1.1792717086834734,0.4072085574522154,Smooth
23,BABY CARE,0,0.0,0.0,0.0,0.0,0.0,,,0.0,,,No Sales
23,BEAUTY,1122,1.5124703087885987,1.0,1.6406247947205734,0.0,11.0,1.4931270257556892,3.008515689697342,1.0847319012496102,1.500891265597148,0.45023383668180006,Intermittent
23,BEVERAGES,1679,1174.7452494061758,1226.5,530.8453705458171,0.0,2888.0,0.28143318796254735,-0.7268690363463639,0.45188126601380446,1.0029779630732578,0.20062127275900063,Smooth
23,BOOKS,56,0.052256532066508314,0.0,0.3245693521538496,0.0,4.0,7.918651328554919,73.39903108358546,6.211077029177602,30.071428571428573,0.3161157020770098,Intermittent
23,BREAD/BAKERY,1679,273.6696128562945,273.103,51.52560690066352,0.0,659.899,-0.0017537503253841297,3.658987124143988,0.18827668283190666,1.0029779630732578,0.03237373842737092,Smooth
23,CELEBRATION,1015,8.727434679334916,7.0,13.34357542258014,0.0,289.0,8.029943458120108,132.27280492666094,1.528922978094186,1.6591133004926109,1.011680258519578,Lumpy
23,CLEANING,1679,573.3408551068884,563.0,107.46907070159101,0.0,1000.0,0.1776090621821668,2.6302499364043124,0.18744359440662575,1.0029779630732578,0.03206165957255402,Smooth
23,DAIRY,1679,464.9542755344418,469.0,119.52970361814033,0.0,963.0,0.003600890278947403,0.662580023361969,0.2570784051409997,1.0029779630732578,0.06292395809297162,Smooth
23,DELI,1679,133.33400231947743,130.45850000000002,31.613969179823577,0.0,255.589,0.457976637996781,1.5646193719756587,0.23710357920432953,1.0029779630732578,0.05308206776064953,Smooth
23,EGGS,1679,55.187648456057005,54.0,12.87277188450223,0.0,120.0,0.3917405989941341,1.353638494958159,0.23325458221904274,1.0029779630732578,0.05127703593351961,Smooth
23,FROZEN FOODS,1679,100.21553806532066,69.0,178.37273699396397,0.0,3146.458,8.92057500057207,101.39697405520559,1.7798910272369182,1.0029779630732578,3.1556367360927817,Erratic
23,GROCERY I,1679,1983.2030878859857,1937.0,411.49704136220396,0.0,4446.0,0.8849950090874467,4.620645537783422,0.2074911257831066,1.0029779630732578,0.039955617850956825,Smooth
23,GROCERY II,1679,24.220308788598576,22.0,13.7061385384019,0.0,232.0,3.5049434913542847,34.96914693749215,0.5658944589628027,1.0029779630732578,0.3163165964681282,Smooth
23,HARDWARE,171,0.1330166270783848,0.0,0.4360562540896142,0.0,3.0,3.797681701533918,15.877255222396244,3.278208599850031,9.847953216374268,0.19280133899134796,Intermittent
23,HOME AND KITCHEN I,1120,6.730997624703088,5.0,8.05456237260884,0.0,71.0,1.8871006645701043,5.563445759011191,1.1966372327708998,1.5035714285714286,0.617442723959076,Lumpy
23,HOME AND KITCHEN II,1137,8.894893111638956,5.0,15.27305694536979,0.0,207.0,5.51894499839466,45.8403062213414,1.7170590755798916,1.4810905892700088,1.665800389202155,Lumpy
23,HOME APPLIANCES,305,0.21140142517814728,0.0,0.4829277131724663,0.0,3.0,2.4095681105915356,6.005687099338642,2.28441085712215,5.521311475409836,0.12627824747962232,Intermittent
23,HOME CARE,1044,86.77256532066508,113.0,72.42138785165434,0.0,320.0,-0.09724920124545873,-1.4099281238605927,0.834611580090884,1.6130268199233717,0.051796826116791414,Intermittent
23,LADIESWEAR,981,6.80166270783848,5.0,7.659691644920187,0.0,46.0,1.0354448948651334,0.6757837642188496,1.1261498802295407,1.7166156982670744,0.32132867904517043,Intermittent
23,LAWN AND GARDEN,517,0.9346793349168646,0.0,3.855219395006555,0.0,104.0,19.056557254671617,451.41489522996994,4.124643871820291,3.2572533849129592,4.530023294928918,Lumpy
23,LINGERIE,1520,4.584323040380047,4.0,3.5940887506990484,0.0,28.0,1.162406821848568,2.130883145241235,0.7839955252405375,1.1078947368421053,0.4574028831187635,Smooth
23,"LIQUOR,WINE,BEER",1500,54.83016627078385,37.0,56.78070406092253,0.0,757.0,3.7052588180703387,29.014548649916534,1.0355741724267296,1.1226666666666667,0.845974346738924,Erratic
23,MAGAZINES,891,2.153206650831354,1.0,2.8267966859351104,0.0,16.0,1.413483197549862,1.5756583868293648,1.3128311133215438,1.8900112233445567,0.44101024356712804,Intermittent
23,MEATS,1679,653.8748707422802,519.7975,493.3101192330849,0.0,6201.722,3.7846217748197692,23.28401450919853,0.7544411649775189,1.0029779630732578,0.5645223815331588,Erratic
23,PERSONAL CARE,1679,140.20605700712588,136.0,42.26596522078085,0.0,377.0,0.6961039360443932,1.4760565075215863,0.30145605776739914,1.0029779630732578,0.08763681249996681,Smooth
23,PET SUPPLIES,891,1.755938242280285,1.0,2.3267384399965287,0.0,18.0,1.6714279676390758,3.6846374366938317,1.325068491958992,1.8900112233445567,0.458090023922663,Intermittent
23,PLAYERS AND ELECTRONICS,979,2.4994061757719717,2.0,2.898008920686738,0.0,15.0,1.144569586698431,0.8609542338638958,1.1594789784946313,1.7201225740551582,0.36292118812757374,Intermittent
23,POULTRY,1679,296.5447687755344,304.07349999999997,98.1075629545406,0.0,678.175,-0.03125348931555018,-0.32995942240292964,0.3308355880270846,1.0029779630732578,0.10615808836491278,Smooth
23,PREPARED FOODS,1679,49.40982898159145,48.084500000000006,15.635553461554219,0.0,105.134,0.48445264159107837,0.4150779678957246,0.3164462169473019,1.0029779630732578,0.09687176460928544,Smooth
23,PRODUCE,1520,791.3259654988125,1101.5770499999999,662.6838971319888,0.0,2552.863,-0.17311572302168934,-1.5909591128456682,0.8374347942866104,1.1078947368421053,0.5356125253664252,Erratic
23,SCHOOL AND OFFICE SUPPLIES,185,0.17339667458432304,0.0,0.7126979330943247,0.0,14.0,9.03558692854596,124.02641131157831,4.110216823319307,9.102702702702702,0.9657768799922295,Lumpy
23,SEAFOOD,1679,15.57118170884798,15.0935,6.514171055716516,0.0,56.793,0.5607108605219391,0.9828386963115561,0.41834789273550343,1.0029779630732578,0.17152619760087473,Smooth
24,AUTOMOTIVE,1443,3.2915676959619953,3.0,3.4311899230693426,0.0,42.0,5.055837569079117,47.525308346581596,1.042418154193278,1.167013167013167,0.7880137665572924,Erratic
24,BABY CARE,56,0.042161520190023755,0.0,0.24851880937731072,0.0,3.0,7.107766907853792,59.09934806785621,5.894445986833017,30.071428571428573,0.1886530447331544,Intermittent
24,BEAUTY,1530,4.897268408551069,5.0,3.290310708339036,0.0,19.0,0.675146248183213,0.3539627138400028,0.6718665250044275,1.100653594771242,0.3186752256756935,Smooth
24,BEVERAGES,1578,2821.535629453682,3029.0,1319.2175501760646,0.0,14420.0,0.35221207056252907,4.444816500353218,0.46755303615677885,1.067173637515843,0.14190024826338124,Smooth
24,BOOKS,135,0.1347980997624703,0.0,0.546203062825191,0.0,7.0,5.647356269960508,41.287777816108765,4.052008594599291,12.474074074074075,0.39639814426254627,Intermittent
24,BREAD/BAKERY,1578,691.8998408551068,726.4335,224.44230952935123,0.0,1322.711,-1.573444528621999,3.218405099748977,0.3243855487112738,1.067173637515843,0.03565712772445384,Smooth
24,CELEBRATION,992,10.748812351543943,9.0,11.222029034186418,0.0,54.0,0.7492491050464115,-0.15854690428863583,1.0440250202647252,1.6975806451612903,0.23115696980627776,Intermittent
24,CLEANING,1578,1110.2761282660333,1159.0,345.8837922535248,0.0,2006.0,-1.7957010183109618,4.213231720053862,0.31152952265432843,1.067173637515843,0.027996386828916343,Smooth
24,DAIRY,1578,1073.127078384798,1154.0,411.57888650060676,0.0,2548.0,-0.7645985008545018,1.1212341815711344,0.38353229062088834,1.067173637515843,0.0748925738263571,Smooth
24,DELI,1578,253.106836739905,259.3005,89.5965802543825,0.0,599.768,-0.8701940065016461,2.356699011911134,0.35398719927150296,1.067173637515843,0.054474077778122215,Smooth
24,EGGS,1578,204.5184085510689,215.5,64.91868854138112,0.0,388.0,-1.7013523893837923,3.7120109785537805,0.31742222619952226,1.067173637515843,0.0314693232569633,Smooth
24,FROZEN FOODS,1578,208.29496908491686,155.649,305.8388542253521,0.0,6942.617,9.813273235586225,159.40516699002575,1.4682968847855402,1.067173637515843,1.9572467224912855,Erratic
24,GROCERY I,1578,3766.7114014251783,3796.5,1721.1398559230245,0.0,35828.0,6.898538976210121,119.68132317557945,0.45693435798435594,1.067173637515843,0.1327013383880285,Smooth
24,GROCERY II,1561,25.675178147268408,20.0,116.79303243025961,0.0,2931.0,23.257534266775135,547.6538884063842,4.548869408259058,1.0787956438180653,19.107805419704537,Erratic
24,HARDWARE,944,1.1128266033254157,1.0,1.3991350707421437,0.0,12.0,1.9412635419033537,6.155813561818901,1.2572803932830894,1.7838983050847457,0.4466934477241076,Intermittent
24,HOME AND KITCHEN I,1142,15.299287410926366,14.0,15.453692206642156,0.0,114.0,1.487042074172287,4.172203960163478,1.0100922866901256,1.4746059544658494,0.37005172235839956,Intermittent
24,HOME AND KITCHEN II,1143,28.140142517814727,22.0,38.57228558410285,0.0,437.0,3.753467663077963,22.91453023404462,1.3707210458622627,1.47331583552056,0.9540115678036463,Lumpy
24,HOME APPLIANCES,378,0.34501187648456055,0.0,0.7568170391434175,0.0,7.0,2.7774489517691685,9.761349101561908,2.1935970571833003,4.455026455026455,0.30456421170166115,Intermittent
24,HOME CARE,1021,171.5249406175772,234.0,144.79659734820706,0.0,776.0,-0.12870465950861376,-1.4339013941375434,0.8441722633805986,1.6493633692458374,0.038356278672585016,Intermittent
24,LADIESWEAR,989,8.442992874109263,7.0,9.103832534415165,0.0,46.0,0.9044300044138338,0.2727663516950982,1.078270782538988,1.7027300303336703,0.2701178942999382,Intermittent
24,LAWN AND GARDEN,1458,13.559976247030878,9.0,17.14859159883586,0.0,217.0,4.029844611247641,31.53428249495257,1.2646476133264692,1.1550068587105624,1.2504919051698578,Erratic
24,LINGERIE,1548,9.220902612826603,8.0,6.427275617971864,0.0,38.0,0.8510134067432202,0.9617328192725108,0.6970332392768428,1.0878552971576227,0.3658575185183893,Smooth
24,"LIQUOR,WINE,BEER",1411,99.59857482185274,81.0,104.44929851350902,0.0,2826.0,11.35695845196008,276.1246982045343,1.0487027419748107,1.1934798015591779,0.7593740910312388,Erratic
24,MAGAZINES,1033,6.541567695961995,4.0,7.412357686555997,0.0,43.0,1.1292328514821663,0.99363686749557,1.133116407248741,1.6302032913843176,0.4010232985769386,Intermittent
24,MEATS,1578,387.9689158788598,381.1615,148.71215270954323,0.0,983.873,-0.2840694541897947,1.9481292630052742,0.3833094524397262,1.067173637515843,0.07473244841375495,Smooth
24,PERSONAL CARE,1578,263.2874109263658,266.5,100.04873780576695,0.0,718.0,-0.5323603326891136,1.7224894081167692,0.3799981831769686,1.067173637515843,0.07236402679723704,Smooth
24,PET SUPPLIES,995,8.911520190023753,9.0,8.66997907257861,0.0,44.0,0.43064922911116865,-0.9078045609329695,0.9728956324771122,1.692462311557789,0.15011477571996346,Intermittent
24,PLAYERS AND ELECTRONICS,972,7.220308788598575,5.0,8.080549997722601,0.0,54.0,1.0821327062079782,1.2834300672752201,1.1191418861978966,1.7325102880658436,0.3001242054504786,Intermittent
24,POULTRY,1578,487.2632489548693,494.92499999999995,199.45430228718502,0.0,1285.4031,-0.34824238261406915,0.8480432990365179,0.40933582147757935,1.067173637515843,0.09406358412568382,Smooth
24,PREPARED FOODS,1578,129.0662909851544,132.644,43.37731680873205,0.0,239.771,-1.315928434028244,2.6396052541797044,0.3360855609725808,1.067173637515843,0.04289823621024128,Smooth
24,PRODUCE,1460,2266.0204058194777,3037.092,2052.423948203388,0.0,7233.711,0.1844891560620563,-1.1273821041122434,0.9057393935780773,1.1534246575342466,0.57822518981943,Erratic
24,SCHOOL AND OFFICE SUPPLIES,316,0.5641330166270784,0.0,2.868668659464441,0.0,83.0,18.377375980443816,459.03030468775285,5.085092646289287,5.329113924050633,4.0398936261212715,Lumpy
24,SEAFOOD,1578,35.50698676068883,35.07,16.161718946215338,0.0,89.395004,-0.0661589813341631,0.27209851189661505,0.45517010651135953,1.067173637515843,0.1311934472780875,Smooth
25,AUTOMOTIVE,1261,2.070665083135392,1.0,2.2803236184136897,0.0,19.0,2.0124363955723656,6.117309995474676,1.101251784213979,1.3354480570975416,0.6569386439338691,Lumpy
25,BABY CARE,25,0.01840855106888361,0.0,0.16958334948025108,0.0,4.0,12.945017405147244,224.6586889958401,9.21220467778678,67.36,0.27471383930717325,Intermittent
25,BEAUTY,1308,2.369952494061758,2.0,2.87491811266213,0.0,33.0,3.4526434343631682,20.006784876663296,1.2130699322676564,1.2874617737003058,0.9196986749626603,Erratic
25,BEVERAGES,1618,1760.0599762470308,1423.0,1436.6545397529892,0.0,11097.0,2.7562416261352354,10.645583014565318,0.8162531726990042,1.0407911001236094,0.6009641528865595,Erratic
25,BOOKS,74,0.07422802850356294,0.0,0.414781441201263,0.0,6.0,7.687330062907867,72.89737617837795,5.5879355005827485,22.756756756756758,0.41606399950738004,Intermittent
25,BREAD/BAKERY,1618,287.6969304667458,252.8415,165.97960527711646,0.0,1430.0859,2.1941330440311093,7.869702177978711,0.5769251865400932,1.0407911001236094,0.2806053690374461,Smooth
25,CELEBRATION,928,4.445961995249406,2.0,6.273558097320521,0.0,50.0,2.37188682431565,8.485110780372164,1.4110687636585437,1.8146551724137931,0.6483104348680346,Lumpy
25,CLEANING,1618,468.04453681710214,404.5,291.17407072986947,0.0,2539.0,2.8866447762998404,12.862821883762273,0.6221076154618796,1.0407911001236094,0.3326573267691944,Smooth
25,DAIRY,1618,468.39073634204277,406.0,313.4469963712161,0.0,2759.0,2.5242784569742804,9.785316175056403,0.6691998198308771,1.0407911001236094,0.3910845304979736,Smooth
25,DELI,1618,125.80037007482186,108.108,79.03169689907214,0.0,625.686,2.430544878724517,8.954192948240834,0.6282310366133144,1.0407911001236094,0.34001360618809134,Smooth
25,EGGS,1618,106.73515439429929,89.0,76.56444306801839,0.0,657.0,3.1278700767687777,13.699273365401943,0.7173310752374792,1.0407911001236094,0.4552044798640124,Smooth
25,FROZEN FOODS,1618,171.2964613925178,89.882,249.8231121864048,0.0,2580.372,4.194395182794827,23.877106352134934,1.4584254114420288,1.0407911001236094,2.004449865462823,Erratic
25,GROCERY I,1618,1685.5035629453682,1498.0,963.8636704251554,0.0,8014.0,2.5873675639596057,10.948084019984975,0.5718550180577845,1.0407911001236094,0.27500913633900953,Smooth
25,GROCERY II,1595,11.49228028503563,9.0,9.695203519517305,0.0,98.0,2.6327610572379614,12.512402880317604,0.8436274854258499,1.0557993730407524,0.621242991698212,Erratic
25,HARDWARE,756,0.8331353919239906,0.0,1.3231249999591905,0.0,14.0,3.0939498512805153,17.17858382742429,1.5881272254147332,2.2275132275132274,0.5812018735776333,Lumpy
25,HOME AND KITCHEN I,1099,18.220308788598576,9.0,51.940533701867324,0.0,1453.0,16.276492995612415,382.78180155130696,2.850694480629143,1.5323020928116469,4.956044219381818,Lumpy
25,HOME AND KITCHEN II,1088,11.18646080760095,7.0,18.754911491428434,0.0,213.0,4.907930588343313,35.70281055504536,1.6765724041162615,1.5477941176470589,1.462145955353937,Lumpy
25,HOME APPLIANCES,173,0.1330166270783848,0.0,0.43057457299106516,0.0,4.0,3.745161019687493,15.943355626861326,3.2369981047582543,9.734104046242775,0.17916932370283917,Intermittent
25,HOME CARE,981,65.93349168646081,70.0,73.69383827649459,0.0,557.0,1.7954520176998645,6.069062572551319,1.1176996150275116,1.7166156982670744,0.3102830364022381,Intermittent
25,LADIESWEAR,0,0.0,0.0,0.0,0.0,0.0,,,0.0,,,No Sales
25,LAWN AND GARDEN,1494,10.171615201900238,6.0,14.812955009330938,0.0,222.0,5.733269422425637,59.8438912692148,1.4563031252998355,1.1271753681392236,1.7687074088384742,Erratic
25,LINGERIE,1535,8.526722090261282,6.0,10.62790542938155,0.0,139.0,4.285859765695201,31.18439660021636,1.2464233401336828,1.0970684039087948,1.3276316533998858,Erratic
25,"LIQUOR,WINE,BEER",1438,175.1977434679335,85.0,276.2280474090758,0.0,3227.0,3.9344222357000986,22.02763942791118,1.5766644132494623,1.1710709318497914,1.9766520346525025,Erratic
25,MAGAZINES,883,3.3378859857482186,1.0,5.632381294477778,0.0,50.0,3.153739778045838,14.436760096794067,1.6874097308413056,1.9071347678369195,1.017346474784326,Lumpy
25,MEATS,1618,201.2388177209026,172.7135,112.30695153388082,0.0,1105.113,1.619547065715031,5.187994764755043,0.5580779732520634,1.0407911001236094,0.26005211235365805,Smooth
25,PERSONAL CARE,1618,106.02969121140143,93.5,64.11076609925504,0.0,547.0,2.495597769213951,10.639559322007733,0.6046491823769127,1.0407911001236094,0.3120794687693748,Smooth
25,PET SUPPLIES,889,2.0783847980997625,1.0,2.7537119416582296,0.0,18.0,1.62855295156209,3.0258765375784273,1.3249288307203653,1.8942632170978628,0.4546217140547665,Intermittent
25,PLAYERS AND ELECTRONICS,883,3.2387173396674585,1.0,5.647085075613748,0.0,66.0,3.804327664743933,22.513701386821342,1.743617760248863,1.9071347678369195,1.1184674324952937,Lumpy
25,POULTRY,1618,156.377354489905,136.7185,92.92974530164622,0.0,773.254,1.8923653715405384,6.280175725957582,0.5942660022877614,1.0407911001236094,0.30011880512338085,Smooth
25,PREPARED FOODS,1618,51.754311179631834,46.304,29.78182900073013,0.0,278.865,2.0722190268660543,8.047245092711018,0.57544634101662,1.0407911001236094,0.27896798044616233,Smooth
25,PRODUCE,1504,868.028601811164,829.0409999999999,1005.4391861845176,0.0,7150.862,1.7658729062880036,5.255732803034782,1.1583019085839852,1.1196808510638299,1.0913667579516262,Erratic
25,SCHOOL AND OFFICE SUPPLIES,229,0.336104513064133,0.0,1.6677329053864856,0.0,42.0,15.17542941221808,315.5461268597183,4.961947357446859,7.353711790393013,2.4840802087554366,Lumpy
25,SEAFOOD,1486,5.443656768408551,4.0,6.267526669501059,0.0,55.858,2.7699516786223644,10.886128029917838,1.151344938704139,1.133243606998654,1.0521582064242438,Erratic
26,AUTOMOTIVE,1526,3.565914489311164,3.0,2.6961840162014146,0.0,17.0,1.0536488055100075,1.4030552366387719,0.7560988979200519,1.1035386631716908,0.4242233606944296,Smooth
26,BABY CARE,38,0.057007125890736345,0.0,0.4803300255458825,0.0,11.0,12.727599091581546,213.34114437287155,8.425789050314972,44.31578947368421,0.624565971727774,Lumpy
26,BEAUTY,935,0.9459619952494062,1.0,1.1803222670684421,0.0,9.0,2.0026476368621227,6.8996087528277386,1.2477480826378209,1.8010695187165775,0.419642747578535,Intermittent
26,BEVERAGES,1679,792.8574821852732,692.5,586.7989423056655,0.0,13409.0,8.740637937825657,152.894265248707,0.7401064573264675,1.0029779630732578,0.543162088460858,Erratic
26,BOOKS,14,0.00831353919239905,0.0,0.0907988119883487,0.0,1.0,10.830239956679035,115.29409751924719,10.921798642576451,120.28571428571429,0.0,Intermittent
26,BREAD/BAKERY,1679,225.1321817102138,211.0,76.77415461661845,0.0,710.0,1.6126038628516717,4.995140302737647,0.3410181255876593,1.0029779630732578,0.11297895175969637,Smooth
26,CELEBRATION,999,4.394299287410926,3.0,5.239863264133578,0.0,65.0,2.0420499870396767,11.977812338072898,1.1924229371341764,1.6856856856856857,0.4367283782604617,Intermittent
26,CLEANING,1679,439.45486935866984,399.0,186.81207860793967,0.0,1720.0,1.7530118740229224,5.585865131300924,0.4250995759363043,1.0029779630732578,0.17720397948065617,Smooth
26,DAIRY,1679,237.32957244655583,210.5,126.56779301073465,0.0,2762.0,6.5837614956696795,104.78852651248968,0.5332997135816402,1.0029779630732578,0.28059501982545354,Smooth
26,DELI,1679,90.7645558990499,84.2565,35.958627739615764,0.0,287.47,1.3137233779289312,3.060840909054612,0.396174777511317,1.0029779630732578,0.15351931640766556,Smooth
26,EGGS,1679,41.784441805225654,38.0,17.991333892592202,0.0,137.0,1.358515227781787,2.930730298489835,0.43057494882967645,1.0029779630732578,0.18187520583965744,Smooth
26,FROZEN FOODS,1679,77.44197746466745,36.0,223.55639520566,0.0,3437.596,8.280753190388465,84.90042085542662,2.8867599010468172,1.0029779630732578,8.30567078233087,Erratic
26,GROCERY I,1679,1615.4026128266032,1357.0,1436.4892772323865,0.0,34454.0,14.775027439758173,299.2875073449549,0.8892453595317352,1.0029779630732578,0.7854403340643825,Erratic
26,GROCERY II,1541,4.5065320665083135,3.0,4.718874024483806,0.0,58.0,4.016174044484081,28.388079110565172,1.047118705424612,1.0927968851395198,0.9184329785689895,Erratic
26,HARDWARE,750,0.8070071258907363,0.0,1.3000724710099674,0.0,15.0,3.1788845374338757,17.947964561087044,1.610980160756361,2.2453333333333334,0.6012130715375961,Lumpy
26,HOME AND KITCHEN I,1140,7.66270783847981,5.0,10.135905992673464,0.0,101.0,2.847648344706863,13.353901292651454,1.3227577254676526,1.4771929824561403,0.8614277438173783,Lumpy
26,HOME AND KITCHEN II,1130,5.318883610451306,4.0,6.280354294153131,0.0,58.0,2.041082363862144,7.775985371221537,1.1807655051206278,1.4902654867256637,0.6065641992685287,Lumpy
26,HOME APPLIANCES,279,0.20190023752969122,0.0,0.5107827345593565,0.0,5.0,3.368871919369077,16.290205660477707,2.529876825698952,6.03584229390681,0.22605536295080256,Intermittent
26,HOME CARE,1044,55.929334916864605,57.0,54.40720592281192,0.0,289.0,0.7633520136613923,0.32286468279879443,0.9727847828462824,1.6130268199233717,0.206619883639753,Intermittent
26,LADIESWEAR,627,1.1146080760095012,0.0,2.069298342492828,0.0,18.0,2.830231087718743,10.718199144836461,1.8565255224462085,2.685805422647528,0.6556251554958157,Lumpy
26,LAWN AND GARDEN,602,1.6383610451306414,0.0,6.621097509529031,0.0,175.0,16.804886378088902,372.5393440368241,4.0412932943970095,2.79734219269103,5.195899647250216,Lumpy
26,LINGERIE,1386,3.913895486935867,2.0,4.20542255747734,0.0,27.0,1.6918210331299395,3.2820871416798916,1.074485144133274,1.215007215007215,0.7732555811572965,Erratic
26,"LIQUOR,WINE,BEER",1497,33.54631828978622,18.0,130.94342803784576,0.0,3939.0,23.598137692082403,631.2892275437689,3.903362118692187,1.1249164996659986,13.433280900910763,Erratic
26,MAGAZINES,283,0.22505938242280285,0.0,0.5682109764985145,0.0,4.0,3.0643941368899306,10.96352035720477,2.5247157788176176,5.950530035335689,0.23924923906598872,Intermittent
26,MEATS,1679,280.2687016068884,264.003,105.1922607968936,0.0,710.47797,0.785368123225435,0.6982055905356295,0.37532646418744064,1.0029779630732578,0.13748257361875932,Smooth
26,PERSONAL CARE,1679,160.73812351543944,139.0,105.8588433829198,0.0,2032.0,6.4286126090195905,80.49195500591712,0.6585795644932556,1.0029779630732578,0.4294701334963022,Smooth
26,PET SUPPLIES,646,0.8919239904988123,0.0,1.543573407253839,0.0,11.0,2.3859611764069597,6.87993673329659,1.7306109286958165,2.606811145510836,0.532529197185192,Lumpy
26,PLAYERS AND ELECTRONICS,755,1.1680522565320666,0.0,1.8965904542595629,0.0,24.0,2.944435851958344,16.87568533102994,1.6237205501976402,2.2304635761589404,0.6303644082955212,Lumpy
26,POULTRY,1679,162.1154522642518,150.6935,72.00417704541728,0.0,1037.635,3.076252060092362,22.02813387277809,0.4441536944152907,1.0029779630732578,0.19371765715987718,Smooth
26,PREPARED FOODS,1674,18.201900237529692,17.0,9.281406652724055,0.0,69.0,0.7258211650128872,0.9337257280387772,0.509914159021552,1.005973715651135,0.2525301903697479,Smooth
26,PRODUCE,1276,333.83290146080753,361.384,329.7577306819218,0.0,2689.775,1.0786642963391742,3.1981770755133603,0.9877927826704884,1.3197492163009403,0.49705304393850114,Erratic
26,SCHOOL AND OFFICE SUPPLIES,247,0.5558194774346793,0.0,2.615701829800843,0.0,42.0,9.043519230220394,103.10505137006056,4.706027642585117,6.817813765182186,2.395032050018006,Lumpy
26,SEAFOOD,1529,3.402597684857482,3.0,2.760702039732342,0.0,20.63,1.4259530646474807,3.1519352584379243,0.8113512952785727,1.1013734466971876,0.5056572585918402,Erratic
27,AUTOMOTIVE,1606,4.872327790973872,4.0,3.600240035137287,0.0,23.0,1.1884139121635116,1.6670594944738628,0.7389158096193611,1.0485678704856787,0.4743886564240713,Smooth
27,BABY CARE,67,0.05285035629453682,0.0,0.28863706086307334,0.0,4.0,6.976398372953209,61.58721498514306,5.461402261757462,25.134328358208954,0.2264865543869361,Intermittent
27,BEAUTY,1535,3.540380047505938,3.0,2.7395075320706335,0.0,20.0,1.2100737189977018,2.128038510016336,0.7737891114900849,1.0970684039087948,0.4572925292937689,Smooth
27,BEVERAGES,1679,2404.8853919239905,2287.0,1224.7671786315605,0.0,8495.0,0.9096497071694495,0.9113744064395126,0.509282971547844,1.0029779630732578,0.25562992555661995,Smooth
27,BOOKS,83,0.05938242280285035,0.0,0.2821508812427387,0.0,3.0,5.651315336250148,37.69951880059531,4.7514207601137946,20.289156626506024,0.16199999973107995,Intermittent
27,BREAD/BAKERY,1679,599.8658602909738,565.797,202.18111515562526,0.0,1505.865,1.0699172050537376,1.536413371440342,0.33704387687143467,1.0029779630732578,0.11029216586606118,Smooth
27,CELEBRATION,1015,9.942399049881235,9.0,10.452341016459885,0.0,58.0,0.9462250462567549,0.6148564338599227,1.051289629692891,1.6591133004926109,0.2688765047227271,Intermittent
27,CLEANING,1679,790.2452494061757,749.0,255.55611163650835,0.0,2056.0,0.7158289350311148,0.7928326958900973,0.3233883554861239,1.0029779630732578,0.10130039655053617,Smooth
27,DAIRY,1679,792.3052256532067,765.0,332.53067752146205,0.0,2360.0,0.7278793266043838,0.7004228245663429,0.41970022000914026,1.0029779630732578,0.17265614796944773,Smooth
27,DELI,1679,249.79373817102137,241.8765,77.24662222775841,0.0,521.93,0.5574357020408303,0.3282861741280598,0.3092416278848521,1.0029779630732578,0.09237732508074462,Smooth
27,EGGS,1679,211.06472684085512,197.5,64.80042421992431,0.0,665.0,1.0011360603595196,1.987775641032397,0.3070168340751577,1.0029779630732578,0.09101034787704367,Smooth
27,FROZEN FOODS,1679,160.49876302375299,119.2775,139.06505507077998,0.0,2204.3809,5.347837637631336,53.00994408584566,0.8664556190338527,1.0029779630732578,0.7455471647561285,Erratic
27,GROCERY I,1679,3181.6710213776723,3040.0,1106.2663989540567,0.0,14396.0,1.3841588765759751,7.331474274067402,0.3476998066489893,1.0029779630732578,0.11756708204153839,Smooth
27,GROCERY II,1679,21.69536817102138,20.0,11.091680236562484,0.0,95.0,1.2048912599599106,2.6089106552593346,0.5112464627757023,1.0029779630732578,0.2576277766223282,Smooth
27,HARDWARE,1164,1.7529691211401426,1.0,1.8987486744531796,0.0,16.0,1.7284148488280158,4.9261009505474815,1.0831615060823545,1.4467353951890034,0.5021674704656822,Lumpy
27,HOME AND KITCHEN I,1161,11.881828978622329,9.0,13.621614704345793,0.0,163.0,2.4593302764024116,14.093637662319605,1.1464240671791561,1.450473729543497,0.5955395087761776,Lumpy
27,HOME AND KITCHEN II,1166,14.229216152019003,12.0,20.20000238948565,0.0,371.0,7.627180354855514,102.27210856041437,1.419614557278324,1.444253859348199,1.0877946573241122,Lumpy
27,HOME APPLIANCES,433,0.3307600950118765,0.0,0.6358110700454892,0.0,4.0,2.2191894523613707,5.775792575223303,1.9222726009326692,3.8891454965357966,0.2072399907817118,Intermittent
27,HOME CARE,1044,134.43646080760095,156.0,119.66101715639913,0.0,699.0,0.3017821723992111,-0.6455074531096012,0.8900934793780549,1.6130268199233717,0.11112002596869928,Intermittent
27,LADIESWEAR,944,4.498218527315914,2.0,6.391660366605224,0.0,39.0,1.9801942619474917,4.400649655597608,1.4209314924053267,1.7838983050847457,0.6923870032802493,Lumpy
27,LAWN AND GARDEN,1610,13.423396674584323,9.0,17.897091653401407,0.0,325.0,7.131519154152095,93.0084444515018,1.3332759275418151,1.0459627329192547,1.6555675566264147,Erratic
27,LINGERIE,1587,6.064726840855107,5.0,4.590469884607522,0.0,42.0,1.4773975361859284,4.277561912124385,0.7569128840110081,1.0611216131064902,0.482315593786598,Smooth
27,"LIQUOR,WINE,BEER",1498,156.6745843230404,81.0,181.42451901517225,0.0,1744.0,2.2868822303490837,7.534428574106338,1.1579703229972713,1.124165554072096,1.0823403283139352,Erratic
27,MAGAZINES,889,2.235748218527316,1.0,3.0188843440001674,0.0,20.0,1.580991219152517,2.5079801734662555,1.350279211958144,1.8942632170978628,0.4904232558366463,Lumpy
27,MEATS,1679,267.2223509703088,255.073005,81.21169496147067,0.0,672.1,0.4828193361508304,0.3004493736208089,0.3039105623698005,1.0029779630732578,0.08911827591187686,Smooth
27,PERSONAL CARE,1679,203.56532066508314,189.0,83.30007504682642,0.0,799.0,1.1979093441680024,2.9848815458440168,0.4092056288087846,1.0029779630732578,0.16398294841055838,Smooth
27,PET SUPPLIES,1015,5.236935866983373,5.0,5.545132390116169,0.0,33.0,0.9140218464948258,0.464670176967763,1.058850543505219,1.6591133004926109,0.2784928390202866,Intermittent
27,PLAYERS AND ELECTRONICS,1006,5.521377672209026,4.0,6.469746440520842,0.0,92.0,2.441044588095755,19.939175694533528,1.1717630677418636,1.6739562624254474,0.4176168998773874,Intermittent
27,POULTRY,1679,377.9186390558195,372.1725,123.53577140959332,0.0,1139.762,0.4064151270527675,0.8224407274812338,0.32688456890590123,1.0029779630732578,0.10356713919941755,Smooth
27,PREPARED FOODS,1679,89.46190622980995,86.0,28.997788381926192,0.0,215.44101,0.5055744268480399,0.387752404009289,0.32413559696696453,1.0029779630732578,0.10178281667838548,Smooth
27,PRODUCE,1540,1644.9872761282659,1960.43395,1455.8410025970882,0.0,5933.916,0.09654487630601728,-1.3827020792993758,0.8850165735158463,1.0935064935064935,0.6307670288080692,Erratic
27,SCHOOL AND OFFICE SUPPLIES,372,0.6181710213776722,0.0,2.5480517412750614,0.0,52.0,12.479337885416413,200.19099506605082,4.12192038940047,4.526881720430108,2.9740883135318956,Lumpy
27,SEAFOOD,1679,23.759412409263653,22.3855,10.196928384121597,0.0,77.747,0.758177155249456,1.0446714658769478,0.42917426609913556,1.0029779630732578,0.18067454548404055,Smooth
28,AUTOMOTIVE,1648,7.139548693586699,6.0,4.748309241343639,0.0,37.0,1.250394949397401,2.707096226725003,0.6650713433671054,1.0218446601941749,0.411486449909802,Smooth
28,BABY CARE,31,0.02553444180522565,0.0,0.22321077855721563,0.0,5.0,13.16461781158987,226.52896573474808,8.741556659757435,54.32258064516129,0.4250946451415347,Intermittent
28,BEAUTY,1262,1.9423990498812351,1.0,2.069948521374201,0.0,15.0,1.9004454659226537,5.200767637887759,1.0656659456434034,1.3343898573692552,0.6004647340961607,Lumpy
28,BEVERAGES,1679,2242.6947743467936,2097.5,1426.1648839443392,0.0,9848.0,1.0338003599184145,1.3163153596258885,0.6359157297091788,1.0029779630732578,0.40021901477109917,Smooth
28,BOOKS,0,0.0,0.0,0.0,0.0,0.0,,,0.0,,,No Sales
28,BREAD/BAKERY,1679,562.6288598574822,510.0,214.2899824490986,0.0,1466.0,1.3656434099746115,2.02320290922,0.38087271687946983,1.0029779630732578,0.14166419265537242,Smooth
28,CELEBRATION,1015,7.476840855106889,6.0,8.179840841701965,0.0,49.0,1.0331616462073527,0.7679712374815808,1.0940236657599693,1.6591133004926109,0.32413366876394384,Intermittent
28,CLEANING,1679,1018.6062945368171,924.5,431.22688582985705,0.0,3770.0,1.1111713742502827,1.9763458191701178,0.4233499126623031,1.0029779630732578,0.17572388623363547,Smooth
28,DAIRY,1679,640.4299287410927,586.5,345.63285507268495,0.0,2120.0,1.113162521844097,1.5404897333207694,0.5396887927326623,1.0029779630732578,0.28743007378212576,Smooth
28,DELI,1679,336.4065307850356,322.832,138.25147544974828,0.0,965.867,0.8029523551214259,0.9578232693816244,0.41096549203939287,1.0029779630732578,0.16542205181214395,Smooth
28,EGGS,1679,233.9394299287411,208.0,128.24793160406193,0.0,1289.0,1.7017057024292794,6.197354015695094,0.5482099859890167,1.0029779630732578,0.29667274518485054,Smooth
28,FROZEN FOODS,1679,94.15047807957244,62.0,153.2257239422442,0.0,1801.689,6.546602221360301,52.056658962230266,1.6274556121862296,1.0029779630732578,2.637778599299285,Erratic
28,GROCERY I,1679,3683.1664388361046,3359.5265,1580.266432873663,0.0,16542.902,1.549306178075689,5.5154492410456015,0.4290510513482536,1.0029779630732578,0.1805691134377971,Smooth
28,GROCERY II,1621,7.2137767220902616,6.0,5.933771476147746,0.0,59.0,2.5913584104060017,13.196740095153373,0.822561011232105,1.038864898210981,0.6138832105154779,Erratic
28,HARDWARE,997,1.245249406175772,1.0,1.6008667477252225,0.0,16.0,2.425122767638784,10.598035613222903,1.2855792088718927,1.6890672016048145,0.5705200488775134,Lumpy
28,HOME AND KITCHEN I,1166,22.324821852731592,19.0,33.75003582690591,0.0,1005.0,16.384393641748552,444.25699448727164,1.5117717869387877,1.444253859348199,1.2748451836281598,Lumpy
28,HOME AND KITCHEN II,1166,10.850950118764846,10.0,10.691184141019148,0.0,105.0,1.357570389743169,4.372703089770751,0.9852763143335543,1.444253859348199,0.36455887096460177,Intermittent
28,HOME APPLIANCES,578,0.5172209026128266,0.0,0.8610400114517329,0.0,6.0,1.995090782480238,4.58113199869634,1.664743256580127,2.913494809688581,0.2944488891366621,Intermittent
28,HOME CARE,1044,168.94299287410925,181.0,157.0224398976871,0.0,879.0,0.5392846829237257,-0.19125452171087742,0.9294403823765902,1.6130268199233717,0.15550429873774332,Intermittent
28,LADIESWEAR,0,0.0,0.0,0.0,0.0,0.0,,,0.0,,,No Sales
28,LAWN AND GARDEN,926,1.8343230403800475,1.0,4.078416054162059,0.0,109.0,12.953467021936161,297.70660804429934,2.223390298305185,1.818574514038877,2.2681995571986,Lumpy
28,LINGERIE,1620,7.409144893111639,6.0,5.865530938289569,0.0,43.0,1.5397663891588484,3.3393033023723557,0.7916609841104815,1.039506172839506,0.5649037555360642,Erratic
28,"LIQUOR,WINE,BEER",1497,116.87232779097387,54.5,191.4339369785905,0.0,4581.0,9.049161136057192,178.34515069650172,1.6379748790434985,1.1249164996659986,2.2739867407741627,Erratic
28,MAGAZINES,534,0.6567695961995249,0.0,1.3022027807933805,0.0,10.0,2.8721909813305637,10.102642666750926,1.982739131570633,3.153558052434457,0.5637113356164627,Lumpy
28,MEATS,1679,195.5279244703088,186.7955,76.72270309805685,0.0,591.966,0.7393650328923911,0.9529171533724403,0.39238744698747585,1.0029779630732578,0.15054163804105236,Smooth
28,PERSONAL CARE,1679,297.9014251781473,259.0,157.59001431180678,0.0,1598.0,1.5954895561342177,4.416315076873439,0.5290005384064134,1.0029779630732578,0.27604156497386645,Smooth
28,PET SUPPLIES,960,2.5599762470308787,1.0,3.277445995888851,0.0,25.0,1.7561310969247244,4.426641573703676,1.2802642205801116,1.7541666666666667,0.5044616486749793,Lumpy
28,PLAYERS AND ELECTRONICS,955,3.16270783847981,2.0,4.230264928015439,0.0,49.0,2.3813855499911325,11.915398916597725,1.337545275352154,1.763350785340314,0.5816633806313853,Lumpy
28,POULTRY,1679,228.79203203622325,213.392495,93.01222413330312,0.0,670.355,0.9134328501065493,1.2264524948937217,0.40653611624975877,1.0029779630732578,0.16181178123288006,Smooth
28,PREPARED FOODS,1679,64.48798217992874,61.8085,25.14040404781508,0.0,193.75,0.7379705589567988,0.9462541917354894,0.3898463434207116,1.0029779630732578,0.14855980279844344,Smooth
28,PRODUCE,1016,947.3905545427554,970.5065,927.9709550536168,0.0,4231.601,0.6094746847834406,-0.5085702217448507,0.979502012768651,1.6574803149606299,0.18217041574096848,Intermittent
28,SCHOOL AND OFFICE SUPPLIES,790,3.648456057007126,0.0,13.376200325426172,0.0,205.0,7.531011065583426,71.5464287800325,3.6662632392323706,2.131645569620253,5.774806445014237,Lumpy
28,SEAFOOD,1532,6.417034085451307,5.0,5.072348621460665,0.0,26.0,0.9411392113771897,0.6242417420718303,0.7904506276770819,1.0992167101827677,0.4781545620523207,Smooth
29,AUTOMOTIVE,864,3.3022565320665085,1.0,4.248036532975878,0.0,25.0,1.2971652225309092,1.3113870723656778,1.2864041574114498,1.9490740740740742,0.3621009546543823,Intermittent
29,BABY CARE,218,0.22327790973871733,0.0,0.7163046441240839,0.0,9.0,4.760681817201103,31.42493957431885,3.2081303598469835,7.724770642201835,0.46180398316753674,Intermittent
29,BEAUTY,785,1.564726840855107,0.0,2.2789370118558367,0.0,17.0,1.859598159140951,4.36249294258304,1.4564439945019267,2.1452229299363057,0.4549672519784139,Intermittent
29,BEVERAGES,876,1304.6193586698337,850.5,1451.6296422215657,0.0,8255.0,0.7630784667584415,-0.1208723767659472,1.1126844259773276,1.9223744292237444,0.16421993436412557,Intermittent
29,BOOKS,0,0.0,0.0,0.0,0.0,0.0,,,0.0,,,No Sales
29,BREAD/BAKERY,876,306.59263657957246,368.0,325.6744751224067,0.0,1497.0,0.5789824302399645,-0.5987228179261348,1.0622384110546619,1.9223744292237444,0.10714666694043758,Intermittent
29,CELEBRATION,798,4.942399049881235,0.0,6.633223292765408,0.0,44.0,1.4419767979046088,2.1722559124257907,1.3421059741387529,2.110275689223058,0.3274324585744843,Intermittent
29,CLEANING,876,495.69061757719714,572.5,526.0312074793059,0.0,2963.0,0.5681511081530557,-0.502982330753809,1.061208723395541,1.9223744292237444,0.1060092780538364,Intermittent
29,DAIRY,876,356.16567695961993,361.0,386.61532280071907,0.0,1617.0,0.6585356849236789,-0.5072325076299462,1.0854929259325172,1.9223744292237444,0.13312727174331096,Intermittent
29,DELI,876,146.2626591567696,169.0655,152.98266308233372,0.0,1002.9,0.48621947888161504,-0.6280283656428156,1.045944767880334,1.9223744292237444,0.08927814771003924,Intermittent
29,EGGS,876,100.15914489311164,81.5,119.89356757980079,0.0,903.0,1.4120413444621231,3.333718070484088,1.1970306626175014,1.9223744292237444,0.2655611572258601,Intermittent
29,FROZEN FOODS,876,51.678278442399055,34.5,100.79823633226998,0.0,1347.7579,6.3517274116697475,55.53480614544385,1.9504952441995502,1.9223744292237444,1.4992174389639108,Lumpy
29,GROCERY I,876,1839.0339340855107,2077.016,1973.8276159702993,0.0,14380.789,0.728598117850292,0.5323321306990763,1.073295918789418,1.9223744292237444,0.1194302715314975,Intermittent
29,GROCERY II,868,5.483372921615202,2.0,7.462039103239083,0.0,51.0,1.9990701170477252,5.967279246710392,1.3608483698898577,1.9400921658986174,0.46998598131804176,Intermittent
29,HARDWARE,529,0.5760095011876485,0.0,1.0934024734885446,0.0,8.0,2.628054909558694,8.686906595791761,1.8982368682042043,3.183364839319471,0.4460495265620546,Intermittent
29,HOME AND KITCHEN I,876,12.70605700712589,7.0,15.80281361599963,0.0,101.0,1.404144663883967,2.433140905835476,1.243722864291674,1.9223744292237444,0.32484417428640755,Intermittent
29,HOME AND KITCHEN II,876,9.33729216152019,5.0,12.130192843307533,0.0,111.0,1.9492137974025174,7.529140916995942,1.2991124870225248,1.9223744292237444,0.39811121775031283,Intermittent
29,HOME APPLIANCES,176,0.14429928741092637,0.0,0.4824320273581242,0.0,6.0,4.422798970969398,26.364517578235883,3.3432737795926255,9.568181818181818,0.27270571858412246,Intermittent
29,HOME CARE,831,116.71733966745843,0.0,134.8350568275633,0.0,997.0,0.9542665631119805,1.0732691690119989,1.1552272970800155,2.02647412755716,0.15202561739748224,Intermittent
29,LADIESWEAR,0,0.0,0.0,0.0,0.0,0.0,,,0.0,,,No Sales
29,LAWN AND GARDEN,436,1.0724465558194773,0.0,3.4268017193683398,0.0,77.0,11.811567147151628,225.41976674735818,3.19531234221228,3.8623853211009176,1.902356975764342,Lumpy
29,LINGERIE,822,2.510688836104513,0.0,3.646558882977897,0.0,37.0,2.177977525004576,8.168503976008271,1.4524137077788348,2.048661800486618,0.5178227948962529,Lumpy
29,"LIQUOR,WINE,BEER",811,62.41567695961995,0.0,147.7224057494621,0.0,3244.0,10.180990067342234,176.44586192201191,2.3667516390580032,2.0764488286066585,2.1792323654434385,Lumpy
29,MAGAZINES,551,0.6882422802850356,0.0,1.2786682123824267,0.0,9.0,2.4152583910557097,6.6993240415576665,1.857875122108149,3.056261343012704,0.4565835438875733,Intermittent
29,MEATS,876,66.4567517624703,74.26750000000001,68.62639680331232,0.0,311.855,0.3477197171926337,-1.273174652976756,1.0326474734661137,1.9223744292237444,0.0749002759676656,Intermittent
29,PERSONAL CARE,876,141.57125890736341,142.5,164.52811030014814,0.0,1423.0,1.4455006556223402,4.657726764551892,1.1621575704617015,1.9223744292237444,0.2227639854461421,Intermittent
29,PET SUPPLIES,758,2.155581947743468,0.0,3.1080347115541014,0.0,17.0,1.5447848656384957,2.0342688603919736,1.4418541189611638,2.221635883905013,0.385890156097141,Intermittent
29,PLAYERS AND ELECTRONICS,777,2.6395486935866983,0.0,3.7639846962955663,0.0,34.0,1.7690827189627452,4.555948241775329,1.42599555144215,2.167310167310167,0.39964429629173187,Intermittent
29,POULTRY,876,104.6223931270784,125.96749750000001,108.20256010244861,0.0,438.698,0.3646784267782932,-1.2386958998996258,1.034219891815965,1.9223744292237444,0.07659088322482518,Intermittent
29,PREPARED FOODS,876,35.84582124287411,37.952,37.33729932901664,0.0,166.427,0.37994494785671484,-1.2613855483723433,1.0416081438055327,1.9223744292237444,0.08456890270836863,Intermittent
29,PRODUCE,803,594.2424995249406,0.0,733.4826019790414,0.0,3100.598,1.0555761911031516,0.32611005935140724,1.2343152880586294,2.0971357409713574,0.20332422028668654,Intermittent
29,SCHOOL AND OFFICE SUPPLIES,633,2.044536817102138,0.0,6.760215272732084,0.0,100.0,7.067537202820199,64.02238999852513,3.30647763976553,2.660347551342812,3.485426869707865,Lumpy
29,SEAFOOD,851,3.5694774346793348,1.0,4.840745948934666,0.0,28.0,1.5870991635847629,2.601094001143773,1.3561497547366863,1.9788484136310223,0.43474464163208815,Intermittent
3,AUTOMOTIVE,1672,9.291567695961994,8.0,5.280709317080237,0.0,48.0,1.0708121070950352,2.2833991431199117,0.5683335137090845,1.007177033492823,0.31357540810760653,Smooth
3,BABY CARE,287,0.3990498812351544,0.0,1.09247003791186,0.0,11.0,3.621148176602923,16.333516699851053,2.7376778857638726,5.867595818815331,0.4477616563635687,Intermittent
3,BEAUTY,1670,9.613420427553445,8.0,6.4342710267048435,0.0,93.0,2.222309621730451,17.21494950713593,0.6693009085084843,1.0083832335329341,0.4359260031126807,Smooth
3,BEVERAGES,1679,6740.848574821853,6556.5,3123.962928951737,0.0,19154.0,0.6784637034268063,0.171261041126904,0.46343763611895605,1.0029779630732578,0.21116763009358297,Smooth
3,BOOKS,181,0.32066508313539194,0.0,1.1632845359513995,0.0,11.0,4.785562203778702,26.615466253178813,3.6277243563575343,9.303867403314918,0.5219890257131742,Lumpy
3,BREAD/BAKERY,1679,1150.4627859026127,1118.6975,324.0881754339293,0.0,2323.775,0.5196644920202746,0.441032656903972,0.28170244131745587,1.0029779630732578,0.07615152593874455,Smooth
3,CELEBRATION,1016,28.770783847980997,24.0,40.1942989020979,0.0,473.0,4.479706330655486,35.666580026850006,1.3970526181378788,1.6574803149606299,0.7808694264929525,Lumpy
3,CLEANING,1679,2063.2019002375296,1973.0,485.1072385261823,0.0,4041.0,0.5576698329338509,1.038279783675116,0.23512349347395348,1.0029779630732578,0.052149793949481806,Smooth
3,DAIRY,1679,2040.8859857482184,1981.5,642.8907409626283,0.0,4448.0,0.37242033018525694,0.0956022229573823,0.31500571097636315,1.0029779630732578,0.09596485507971138,Smooth
3,DELI,1679,394.6971649346793,366.3365,117.47120438173742,0.0,852.963,0.7018505863520803,0.35259954594888665,0.29762363355429927,1.0029779630732578,0.08534770187225925,Smooth
3,EGGS,1679,522.5540380047506,499.0,125.35283713674508,0.0,971.0,0.5467277844312604,0.7488810857694239,0.23988492676304912,1.0029779630732578,0.05440479953085668,Smooth
3,FROZEN FOODS,1679,449.27514511282664,351.996,448.30375241541697,0.0,5574.725,6.178065243170179,45.10612565204153,0.9978378668195331,1.0029779630732578,0.9897549915692584,Erratic
3,GROCERY I,1679,7702.178130047507,7263.5,2242.378595903482,0.0,21858.0,1.0397718662001763,2.7547712121395724,0.2911356447542145,1.0029779630732578,0.08153917990641013,Smooth
3,GROCERY II,1679,77.27553444180522,72.0,31.85647512103583,0.0,444.0,2.413376780652566,15.551069609956489,0.4122452901909609,1.0029779630732578,0.16647246735097618,Smooth
3,HARDWARE,1509,2.9994061757719717,3.0,2.2393850167118425,0.0,15.0,1.0454979571315424,1.6590376670944007,0.7466094569165417,1.115970841616965,0.3955791882595514,Smooth
3,HOME AND KITCHEN I,1166,43.715558194774346,43.0,39.56095714702984,0.0,436.0,1.2246726558824024,6.054994302191634,0.9049628731688917,1.444253859348199,0.25944465376786363,Intermittent
3,HOME AND KITCHEN II,1166,34.92161520190024,29.0,37.19317592829904,0.0,423.0,2.2225144820553075,11.565000985733425,1.0650474129618768,1.444253859348199,0.47780528892449753,Intermittent
3,HOME APPLIANCES,1218,1.8776722090261282,2.0,1.7232517174303674,0.0,9.0,0.8209086088295625,0.15858744389291823,0.917759611197733,1.3825944170771758,0.3324823836504701,Intermittent
3,HOME CARE,1044,324.396674584323,388.5,283.23919646077314,0.0,1385.0,0.16996421823369368,-1.0517034822121267,0.8731260788133492,1.6130268199233717,0.0925727506451668,Intermittent
3,LADIESWEAR,1013,30.877672209026127,28.5,32.58700031232908,0.0,147.0,0.9129865567473345,0.17290877948037275,1.0553580623136458,1.6623889437314907,0.2715319406541876,Intermittent
3,LAWN AND GARDEN,1668,24.533847980997624,19.0,21.40782970326438,0.0,230.0,2.6969836676216836,13.00331059480381,0.8725834495662056,1.0095923261390887,0.7446664667056508,Erratic
3,LINGERIE,1678,27.530285035629454,26.0,13.7065759020674,0.0,156.0,2.1977056162191215,11.662882607748156,0.4978726476616786,1.0035756853396902,0.24343105509535315,Smooth
3,"LIQUOR,WINE,BEER",1499,219.54394299287412,174.0,160.88373029097377,0.0,1447.0,1.2993061976970437,3.351149009109294,0.7328087857812724,1.123415610406938,0.3681568088260819,Smooth
3,MAGAZINES,1020,12.15914489311164,6.0,14.871447342546771,0.0,79.0,1.2463929553479405,1.1061802073334572,1.2230668745257431,1.6509803921568627,0.511763914084635,Lumpy
3,MEATS,1679,811.4540612707838,744.539,253.78203772673834,0.0,1839.418,1.141189751313523,1.6184375733297074,0.31274972896061215,1.0029779630732578,0.09455285498108172,Smooth
3,PERSONAL CARE,1679,503.5433491686461,452.0,201.3830325351632,0.0,1428.0,0.9778057751911624,0.811006790857733,0.3999318685615612,1.0029779630732578,0.15650148078720322,Smooth
3,PET SUPPLIES,1022,11.685273159144893,12.0,11.281677354354686,0.0,51.0,0.5146981775220166,-0.6318563743025392,0.9654611577958865,1.6477495107632094,0.17257825581004127,Intermittent
3,PLAYERS AND ELECTRONICS,1016,17.675178147268408,18.0,17.437797877082783,0.0,103.0,0.6980538902915377,0.09945254605724552,0.9865698512798933,1.6574803149606299,0.19055415242736987,Intermittent
3,POULTRY,1679,1131.3767907422803,1105.77,405.6183981723264,0.0,2232.524,-0.0941846499226406,-0.5270370467707597,0.35851751732139336,1.0029779630732578,0.12518405366387184,Smooth
3,PREPARED FOODS,1679,367.5047286282661,354.698,86.84740680453797,0.0,795.342,0.44331293425475654,1.4343502702327786,0.2363164336101604,1.0029779630732578,0.05271052372775117,Smooth
3,PRODUCE,1577,5114.795791805226,6538.737499999999,4388.850469033559,0.0,14084.1875,-0.07687158634799307,-1.5712542145904032,0.8580695393674146,1.067850348763475,0.6259612935471642,Erratic
3,SCHOOL AND OFFICE SUPPLIES,563,0.7505938242280285,0.0,1.3605507054845987,0.0,9.0,2.318816640986242,6.234682766960054,1.8126324248287906,2.991119005328597,0.43278696284151047,Intermittent
3,SEAFOOD,1679,106.2650126496437,102.85900000000001,30.663828694198653,0.0,221.094,0.3812303975656082,0.21221549986534338,0.2885599684160289,1.0029779630732578,0.08005050485161845,Smooth
30,AUTOMOTIVE,1481,3.082541567695962,3.0,2.385816004219907,0.0,15.0,1.0364303496455862,1.3771041073282166,0.7739769119250521,1.137069547602971,0.4062818441396156,Smooth
30,BABY CARE,82,0.0665083135391924,0.0,0.3310451570581348,0.0,4.0,6.231012001182162,45.74112509942439,4.9775003223552545,20.536585365853657,0.2551020404427842,Intermittent
30,BEAUTY,640,0.5973871733966746,0.0,0.9422229815754204,0.0,8.0,2.04142572219646,5.891093193210057,1.577240057969121,2.63125,0.3254864447320823,Intermittent
30,BEVERAGES,1656,931.3432304038005,968.0,473.0949882857653,0.0,4376.0,0.850886674952777,3.5935110341611685,0.5079706093747399,1.0169082125603865,0.23711670773224724,Smooth
30,BOOKS,0,0.0,0.0,0.0,0.0,0.0,,,0.0,,,No Sales
30,BREAD/BAKERY,1656,152.07125890736341,148.0,46.44784478948995,0.0,342.0,0.127420478537048,1.9565168176025143,0.30543473581341857,1.0169082125603865,0.0751121530319332,Smooth
30,CELEBRATION,951,2.42874109263658,1.0,2.9773939380241794,0.0,19.0,1.474490437366183,2.645123536446752,1.2259000952489736,1.7707676130389065,0.41341586891422005,Intermittent
30,CLEANING,1656,480.31294536817103,449.0,355.1691227386001,0.0,10392.0,16.300343507366353,390.9083490216178,0.739453571182878,1.0169082125603865,0.5210729590241818,Erratic
30,DAIRY,1656,222.61401425178147,226.0,86.66842755967859,0.0,545.0,0.00618581787884167,0.1399103715783938,0.38932152519951113,1.0169082125603865,0.13242398454468426,Smooth
30,DELI,1656,104.71199524940617,102.0,35.25301588904326,0.0,260.0,0.23668883171059424,1.460421671207624,0.3366664516776698,1.0169082125603865,0.09483263674544593,Smooth
30,EGGS,1656,119.00712589073635,111.0,60.58642515937235,0.0,470.0,1.1497043897512045,2.6140101917377017,0.5090991375969308,1.0169082125603865,0.23824541521982967,Smooth
30,FROZEN FOODS,1656,58.05064729275534,40.0,177.72861132283055,0.0,3768.671,16.932177888305766,320.41000127593475,3.061612912315437,1.0169082125603865,9.200993065779329,Erratic
30,GROCERY I,1656,1553.8192684085511,1499.5,561.7476960009849,0.0,8615.0,3.092656442700934,27.443881309277295,0.3615270497810052,1.0169082125603865,0.11190154013653206,Smooth
30,GROCERY II,1341,3.5065320665083135,3.0,6.597565238087795,0.0,235.0,25.97766637474745,898.2221744546085,1.8815071732042996,1.255779269202088,2.61534017537285,Erratic
30,HARDWARE,876,0.9471496437054632,1.0,1.2922885475759023,0.0,10.0,2.1883567248421323,7.074424661548422,1.3643974368778522,1.9223744292237444,0.48856555994329165,Intermittent
30,HOME AND KITCHEN I,1154,9.228622327790974,8.0,10.013796314552,0.0,149.0,2.691856354528312,23.878473819355982,1.085080303190161,1.459272097053726,0.49211327271722594,Lumpy
30,HOME AND KITCHEN II,1147,4.647268408551069,4.0,4.665183969526233,0.0,51.0,1.5358601911251821,7.1405401585818495,1.0038550732164178,1.4681778552746294,0.3674944088584655,Intermittent
30,HOME APPLIANCES,397,0.29513064133016625,0.0,0.5900602203952897,0.0,5.0,2.2562661522459453,6.210873636281624,1.9993187279251814,4.241813602015113,0.17809877344436448,Intermittent
30,HOME CARE,1044,75.71852731591449,97.0,66.95002293672404,0.0,509.0,0.5963758443580864,2.18152839515298,0.8841960522622092,1.6130268199233717,0.10463300228238506,Intermittent
30,LADIESWEAR,355,0.39489311163895485,0.0,0.9899723120363676,0.0,9.0,3.6858478875409553,17.466319661378055,2.5069373973647524,4.743661971830986,0.5356775391420201,Lumpy
30,LAWN AND GARDEN,0,0.0,0.0,0.0,0.0,0.0,,,0.0,,,No Sales
30,LINGERIE,1454,4.068883610451306,3.0,3.7032124384277068,0.0,24.0,1.4774329294256565,2.933201637233057,0.9101298518359019,1.15818431911967,0.5786229507193577,Erratic
30,"LIQUOR,WINE,BEER",1475,54.45249406175772,34.0,67.6335891034537,0.0,790.0,3.4404831053797995,19.760764836799297,1.2420659561617964,1.1416949152542373,1.227151759628782,Erratic
30,MAGAZINES,405,0.3515439429928741,0.0,0.7244811337447986,0.0,6.0,2.4746512118494848,7.386450714052879,2.0608551110739204,4.158024691358024,0.26192704493015184,Intermittent
30,MEATS,1656,57.71794821615202,53.036,26.6639927720002,0.0,196.86,1.7589648560339568,5.06306544669067,0.46197055847658275,1.0169082125603865,0.1932412207043803,Smooth
30,PERSONAL CARE,1656,102.93289786223278,90.5,70.39404454074432,0.0,1120.0,6.049346620347194,56.123544648215024,0.68388285963033,1.0169082125603865,0.44329227315535763,Smooth
30,PET SUPPLIES,695,0.8390736342042755,0.0,1.3157616028476142,0.0,9.0,2.021792040472581,4.709837585596513,1.5681121985524993,2.423021582733813,0.4275464555245869,Intermittent
30,PLAYERS AND ELECTRONICS,944,2.4073634204275534,1.0,3.0458246695774904,0.0,19.0,1.5738213364379199,2.9952488321921376,1.2652118257123526,1.7838983050847457,0.4579087594055963,Intermittent
30,POULTRY,1656,98.86985317102136,98.756502,32.55388845830136,0.0,441.266,0.753982257937907,9.420276019898136,0.3292600060977293,1.0169082125603865,0.0899824958882701,Smooth
30,PREPARED FOODS,1655,22.73099762470309,22.0,8.675091363705654,0.0,66.0,0.23303010621813078,0.7665264843107313,0.3816414706715859,1.017522658610272,0.12592108140651237,Smooth
30,PRODUCE,1016,312.08483870902614,353.2445,311.64891522176947,0.0,1538.246,0.931997437091461,0.955787934119273,0.9986031891518392,1.6574803149606299,0.2049665455222862,Intermittent
30,SCHOOL AND OFFICE SUPPLIES,104,0.8040380047505938,0.0,4.284794175826533,0.0,55.0,7.266992659172402,62.58020865882264,5.3290940791120285,16.192307692307693,0.8156302567425869,Lumpy
30,SEAFOOD,1281,3.5504750593824226,3.0,3.392102538515127,0.0,19.0,1.1617447735817248,1.39887171822512,0.9553939911775532,1.3145979703356752,0.4550286260883315,Smooth
31,AUTOMOTIVE,1657,7.553444180522566,7.0,4.660453605077403,0.0,34.0,1.0953895145568118,2.092527976667297,0.6169971595842235,1.016294508147254,0.35854861348990913,Smooth
31,BABY CARE,333,0.5368171021377672,0.0,1.423988022478972,0.0,10.0,3.550888853900532,14.345729672615985,2.6526502493224844,5.057057057057057,0.589175933468359,Lumpy
31,BEAUTY,1433,2.578978622327791,2.0,2.326713584958698,0.0,24.0,1.8035236137267936,6.580680125136672,0.9021841297608035,1.1751570132588973,0.5435692283974839,Erratic
31,BEVERAGES,1679,1808.0480997624702,1767.0,1070.2668993339598,0.0,8443.0,1.0196028022040733,2.154638993237211,0.5919460325607337,1.0029779630732578,0.3463906039636125,Smooth
31,BOOKS,0,0.0,0.0,0.0,0.0,0.0,,,0.0,,,No Sales
31,BREAD/BAKERY,1679,466.23456057007127,447.0,127.74965857635236,0.0,1036.0,0.7985597953290545,1.3244791405500642,0.2740029791439681,1.0029779630732578,0.0718855968535965,Smooth
31,CELEBRATION,998,5.25771971496437,3.0,6.175873948545959,0.0,37.0,1.2781296945687501,1.661561585493173,1.1746297410631714,1.687374749498998,0.41032988058252845,Intermittent
31,CLEANING,1679,1247.896080760095,1155.5,441.224749510767,0.0,3500.0,1.0194093030356077,1.523251970991459,0.35357491405988145,1.0029779630732578,0.12167491338021189,Smooth
31,DAIRY,1679,588.0255344418052,579.0,254.83431101420103,0.0,1718.0,0.4853303783751176,0.5305420659622264,0.4333728657815415,1.0029779630732578,0.18428528295487556,Smooth
31,DELI,1679,246.25202053622328,236.63049999999998,83.18599548316679,0.0,746.20703,0.6637152368750373,1.1128415807731322,0.33780837737569935,1.0029779630732578,0.11080655891125941,Smooth
31,EGGS,1679,236.36401425178147,224.0,125.50034271244208,0.0,1322.0,1.4024092157341557,6.767103288483854,0.5309621395168247,1.0029779630732578,0.2781146154720492,Smooth
31,FROZEN FOODS,1672,107.17279556353918,61.1045,256.00580747610394,0.0,4094.0278,8.444542296503483,92.58286100625861,2.388720067696078,1.007177033492823,5.658197455673647,Erratic
31,GROCERY I,1679,3923.8856490498815,3648.5815000000002,1538.469084615675,0.0,31851.158,4.857868627232031,69.22974663027992,0.39207796103533327,1.0029779630732578,0.15029957786356424,Smooth
31,GROCERY II,1643,9.330166270783849,8.0,7.056289943258277,0.0,83.0,2.477285189991233,12.702321892881368,0.7562876949575706,1.024954351795496,0.5336986225764002,Erratic
31,HARDWARE,760,0.7149643705463183,0.0,1.0591707019775856,0.0,12.0,2.622957098382886,13.017028687408416,1.4814314448800028,2.2157894736842105,0.4417611279066606,Intermittent
31,HOME AND KITCHEN I,1157,14.092042755344417,11.0,15.936683160995074,0.0,157.0,2.2035905775184252,9.966242649082373,1.1308994328604471,1.4554883318928262,0.5657518355929395,Lumpy
31,HOME AND KITCHEN II,1165,12.541567695961994,11.0,13.527004974331293,0.0,202.0,3.386733550197133,31.05712483219721,1.0785736919960975,1.4454935622317597,0.4965969172718903,Lumpy
31,HOME APPLIANCES,499,0.39667458432304037,0.0,0.6999411994612205,0.0,6.0,2.048767808983817,5.402393089238542,1.7645224205407777,3.374749498997996,0.21891695617908483,Intermittent
31,HOME CARE,1042,186.2143705463183,217.0,165.87919797492182,0.0,885.0,0.29551557719673355,-0.7179487868856929,0.8907969749454479,1.616122840690979,0.10976666217555545,Intermittent
31,LADIESWEAR,771,1.4346793349168645,0.0,2.22912788337767,0.0,17.0,2.1526776162371997,5.8359200430545926,1.5537464209401852,2.1841763942931256,0.5631191473753404,Lumpy
31,LAWN AND GARDEN,833,1.2013064133016627,0.0,3.4780237383661143,0.0,81.0,15.365664443065908,308.20080250783366,2.895201171790913,2.021608643457383,3.6409525718031155,Lumpy
31,LINGERIE,1618,12.060570071258907,11.0,8.374610348390563,0.0,62.0,1.2239253257931082,2.516728338554427,0.6943793119409343,1.0407911001236094,0.4240731196540491,Smooth
31,"LIQUOR,WINE,BEER",1492,30.26603325415677,16.0,42.531648249183135,0.0,497.0,4.337507854210524,30.43004824994631,1.4052600778774513,1.128686327077748,1.6355913198668894,Erratic
31,MAGAZINES,556,0.6413301662707839,0.0,1.1951414461323784,0.0,9.0,2.6207135112924806,8.785039315344703,1.8635353631006775,3.028776978417266,0.4767558294130961,Intermittent
31,MEATS,1679,304.94430858907367,289.0675,110.29663812360393,0.0,809.729,0.8882693930320483,1.514213687803485,0.3616943652221822,1.0029779630732578,0.12746526391119084,Smooth
31,PERSONAL CARE,1679,294.74821852731594,264.0,128.97337469585267,0.0,1285.0,1.4993845122546117,4.047831205232522,0.4375713459433935,1.0029779630732578,0.1879310679368452,Smooth
31,PET SUPPLIES,844,1.484560570071259,1.0,2.0974759425239324,0.0,14.0,1.810542051979861,3.650119336577954,1.4128597939324183,1.995260663507109,0.5016447996612894,Lumpy
31,PLAYERS AND ELECTRONICS,1010,4.669833729216152,4.0,5.295901451252672,0.0,39.0,1.385229648396934,2.869268760066433,1.1340663837741267,1.6673267326732673,0.37112091973300426,Intermittent
31,POULTRY,1679,137.7627581490499,128.9735,73.61767330019701,0.0,991.295,3.5587396714335164,28.766803836909645,0.5343800769436784,1.0029779630732578,0.2817450771253775,Smooth
31,PREPARED FOODS,1679,72.30146674465558,71.0,25.66801790189889,0.0,246.0,0.6058413881833713,1.5641588735279957,0.35501379235077846,1.0029779630732578,0.1226914590516563,Smooth
31,PRODUCE,1016,806.0614654453681,906.073,776.3736805018647,0.0,4704.0,0.6935652847342547,0.35513726643992216,0.9631693286217778,1.6574803149606299,0.16302748105060408,Intermittent
31,SCHOOL AND OFFICE SUPPLIES,581,2.5878859857482186,0.0,12.173771328456398,0.0,248.0,10.86725974155075,159.7350773981784,4.704137427535293,2.8984509466437176,6.979748277481942,Lumpy
31,SEAFOOD,1493,5.263064133016627,5.0,4.335161342469924,0.0,32.0,1.3323179994675298,2.979455381522471,0.8236953288200665,1.1279303415941058,0.48810075666565556,Smooth
32,AUTOMOTIVE,1245,1.8402612826603326,1.0,1.8310514944798342,0.0,12.0,1.3692490870342229,2.279117718415664,0.994995390457718,1.3526104417670683,0.47124091767037485,Intermittent
32,BABY CARE,54,0.04334916864608076,0.0,0.2922550446063911,0.0,7.0,11.993280375688554,217.58278937768875,6.741883339230563,31.185185185185187,0.48958528732222,Intermittent
32,BEAUTY,367,0.2589073634204275,0.0,0.5322811960829537,0.0,3.0,2.1506795764134083,4.6705476861068025,2.055875070508258,4.5885558583106265,0.13905605565345258,Intermittent
32,BEVERAGES,1679,600.5338479809976,565.0,436.31786003162904,0.0,4320.0,3.2281836611484658,19.661469618726027,0.7265499879778777,1.0029779630732578,0.523338439410032,Erratic
32,BOOKS,0,0.0,0.0,0.0,0.0,0.0,,,0.0,,,No Sales
32,BREAD/BAKERY,1679,99.35926365795724,93.0,36.50312879479435,0.0,432.0,2.1779537586722393,11.670105909566617,0.36738525881279105,1.0029779630732578,0.13160205924694923,Smooth
32,CELEBRATION,898,2.244061757719715,1.0,3.9084452851811635,0.0,106.0,12.05765392060958,295.86137006871564,1.7416834763990698,1.8752783964365256,1.1508600223326497,Lumpy
32,CLEANING,1679,451.1211401425178,398.0,383.1494635952553,0.0,7448.0,13.16722552024474,213.83286956376725,0.8493272194545389,1.0029779630732578,0.7162458090623798,Erratic
32,DAIRY,1679,143.7119952494062,140.0,64.84824839035277,0.0,576.0,0.95466594072899,3.1891560137591055,0.45123754824613,1.0029779630732578,0.20004164524132795,Smooth
32,DELI,1679,96.84323040380048,92.0,35.06445213234071,0.0,300.0,1.0706386875666618,2.7795912972875714,0.36207437510885204,1.0029779630732578,0.12773948656329479,Smooth
32,EGGS,1679,133.73218527315913,126.0,92.3627897267262,0.0,886.0,2.4639554135220063,10.937372154721642,0.6906549050804551,1.0029779630732578,0.47261879352365904,Smooth
32,FROZEN FOODS,1668,28.43158547357482,19.0,68.51380918332929,0.0,1505.209,12.613233668512894,212.98119191448322,2.409778000055548,1.0095923261390887,5.742355140106799,Erratic
32,GROCERY I,1679,1470.71708847981,1327.0,916.3295233635353,0.0,20602.0,13.486949240510183,248.4933245973221,0.6230494841873809,1.0029779630732578,0.3840689535117661,Smooth
32,GROCERY II,1155,1.7494061757719714,1.0,1.9710266875900648,0.0,13.0,1.809456076883512,4.558956655651578,1.1266832790238746,1.458008658008658,0.5565169655073001,Lumpy
32,HARDWARE,574,0.48871733966745845,0.0,0.8172667606772509,0.0,8.0,2.1901814991889936,7.301527833486272,1.6722687997137178,2.9337979094076654,0.29405060129151384,Intermittent
32,HOME AND KITCHEN I,1133,7.119952494061757,5.0,9.41311593159705,0.0,148.0,3.9166158069793955,36.621537667027475,1.3220756652696461,1.4863195057369816,0.8487842313474954,Lumpy
32,HOME AND KITCHEN II,1058,2.3634204275534443,2.0,2.7717598080807755,0.0,22.0,1.6396545656079697,3.9599988900371352,1.1727747524706214,1.5916824196597354,0.49238352540676394,Lumpy
32,HOME APPLIANCES,252,0.17339667458432304,0.0,0.44225196426237584,0.0,3.0,2.7452722673396908,8.078910796281022,2.5505215874067213,6.682539682539683,0.12310001855277272,Intermittent
32,HOME CARE,1044,60.657957244655584,75.0,52.6715891958485,0.0,301.0,0.19789414065482927,-0.6572229019896212,0.8683376689151681,1.6130268199233717,0.08740306460765059,Intermittent
32,LADIESWEAR,0,0.0,0.0,0.0,0.0,0.0,,,0.0,,,No Sales
32,LAWN AND GARDEN,5,0.005344418052256532,0.0,0.10608533135275716,0.0,3.0,22.231021357134267,531.6856871553076,19.84974050789778,336.8,0.1728395059807956,Intermittent
32,LINGERIE,1225,2.2998812351543942,2.0,2.518996705823008,0.0,19.0,1.7247307750329894,4.094473308175932,1.0952725150429916,1.3746938775510205,0.6000812389217396,Lumpy
32,"LIQUOR,WINE,BEER",1455,75.47149643705463,26.0,131.66256362471069,0.0,1223.0,3.319268788811836,14.193626166498863,1.7445336297628133,1.1573883161512029,2.493553139394016,Erratic
32,MAGAZINES,143,0.09916864608076009,0.0,0.35850610143364403,0.0,4.0,4.703492369136167,29.902729490925182,3.6151153815952233,11.776223776223777,0.19470041918680192,Intermittent
32,MEATS,1679,59.718977167458426,57.9035,19.773977975754935,0.0,148.731,0.6424082782221712,1.312314206897784,0.331117157616003,1.0029779630732578,0.1063439207255672,Smooth
32,PERSONAL CARE,1679,99.61817102137768,92.0,41.46031989590757,0.0,615.0,3.089770857934307,23.05338835576953,0.41619234192318333,1.0029779630732578,0.16973264485361558,Smooth
32,PET SUPPLIES,168,0.12767220902612827,0.0,0.4273533940802826,0.0,4.0,4.136705325601831,20.764556569481627,3.3472702790436872,10.023809523809524,0.21752298505756926,Intermittent
32,PLAYERS AND ELECTRONICS,669,0.8016627078384798,0.0,1.3448581026125912,0.0,17.0,3.257091105540278,21.755618325156902,1.6775859570181844,2.517189835575486,0.5152987649213805,Lumpy
32,POULTRY,1678,63.34526488123515,61.03,24.462824816424167,0.0,312.172,2.331076369278994,15.304110848837528,0.38618237467161715,1.0035756853396902,0.1450425147737402,Smooth
32,PREPARED FOODS,1672,11.48456057007126,11.0,5.295013932972157,0.0,35.0,0.533393446596994,0.38826754171897804,0.46105498771192843,1.007177033492823,0.20393104823928837,Smooth
32,PRODUCE,1016,117.75620368408552,125.31049999999999,115.61980169645335,0.0,829.666,0.9303589057278607,2.118220602054156,0.9818574145414407,1.6574803149606299,0.18495765215159543,Intermittent
32,SCHOOL AND OFFICE SUPPLIES,114,0.828978622327791,0.0,4.6133613810671825,0.0,79.0,9.007536968980913,107.62792971829305,5.565115011708798,14.771929824561404,1.1642741026497245,Lumpy
32,SEAFOOD,873,1.3735154394299287,1.0,1.9409419910721166,0.0,23.0,2.4360706281529008,12.376398582018108,1.4131198921685042,1.9289805269186713,0.5536226467413543,Lumpy
33,AUTOMOTIVE,1656,7.697149643705464,7.0,4.819148903178178,0.0,41.0,1.2211069347569983,2.8889671022739796,0.6260952593656617,1.0169082125603865,0.3688504592773255,Smooth
33,BABY CARE,157,0.14786223277909738,0.0,0.5482547910753334,0.0,7.0,5.279031500314242,37.889329332447,3.707875750710035,10.726114649681529,0.37499395123757223,Intermittent
33,BEAUTY,981,1.1009501187648456,1.0,1.353897882900272,0.0,11.0,1.9341724402111966,5.894370990080509,1.2297540629628652,1.7166156982670744,0.46351630118206694,Intermittent
33,BEVERAGES,1679,1356.872921615202,1302.5,765.9082427713818,0.0,8411.0,1.3636885885820873,6.405379542065347,0.5644657141945845,1.0029779630732578,0.31470639540352036,Smooth
33,BOOKS,0,0.0,0.0,0.0,0.0,0.0,,,0.0,,,No Sales
33,BREAD/BAKERY,1679,274.4625890736342,259.0,88.60856514228524,0.0,1071.0,1.5138710953135597,7.273172169366584,0.32284387260585834,1.0029779630732578,0.10094957888772511,Smooth
33,CELEBRATION,985,5.033847980997625,2.0,8.331217609434415,0.0,99.0,3.9962642317640995,25.644480487355935,1.6550395719594746,1.7096446700507615,1.1870953952422352,Lumpy
33,CLEANING,1679,1065.564133016627,1012.5,328.3374354839284,0.0,2547.0,0.6343197756558174,0.42081017865258863,0.30813484173316946,1.0029779630732578,0.09169605016531764,Smooth
33,DAIRY,1679,384.9067695961995,385.5,156.29876220178943,0.0,979.0,0.13056841553451298,-0.15131245361374335,0.4060691433547773,1.0029779630732578,0.16143344327876968,Smooth
33,DELI,1679,198.27197149643706,192.0,57.89277415976606,0.0,446.0,0.6067954489467579,0.9078519019712847,0.2919866773025678,1.0029779630732578,0.08203396253777791,Smooth
33,EGGS,1679,170.24940617577198,149.0,154.46899936008302,0.0,3110.0,11.365222888162087,179.5070778838317,0.9073100625073314,1.0029779630732578,0.8177982135724683,Erratic
33,FROZEN FOODS,1679,75.35269891745844,46.0,149.6396220110992,0.0,2784.708,8.759548810442162,104.13787660229428,1.9858561691735686,1.0029779630732578,3.928946503966236,Erratic
33,GROCERY I,1679,3065.8164714964373,2900.6555,944.9714975414648,0.0,9040.0,1.1635180461269017,3.1026745334192753,0.3082283321023167,1.0029779630732578,0.09175350309326646,Smooth
33,GROCERY II,1308,3.097980997624703,2.0,3.402949776669761,0.0,37.0,2.778455307830734,15.627973864033972,1.0984411389806599,1.2874617737003058,0.7138939432595826,Erratic
33,HARDWARE,745,0.7387173396674585,0.0,1.090074968943817,0.0,8.0,2.121024522458215,6.338146943368454,1.4756320299167391,2.2604026845637586,0.4057185094550151,Intermittent
33,HOME AND KITCHEN I,1166,29.526128266033254,26.0,30.864867627381088,0.0,292.0,2.165874161187752,10.580543919622116,1.0453408367070793,1.444253859348199,0.449009432369131,Intermittent
33,HOME AND KITCHEN II,1166,11.57541567695962,10.0,12.859773176746893,0.0,227.0,4.235241078614473,52.25999111999567,1.1109556265208493,1.444253859348199,0.5469734699032727,Lumpy
33,HOME APPLIANCES,251,0.17517814726840855,0.0,0.45020610650546455,0.0,3.0,2.801999546882151,8.48958222289192,2.569990098397759,6.709163346613546,0.13350186705233794,Intermittent
33,HOME CARE,1044,145.23634204275535,160.0,133.91126465974162,0.0,1259.0,0.802163147248508,3.383156273757023,0.9220231160834261,1.6130268199233717,0.14699061649189807,Intermittent
33,LADIESWEAR,0,0.0,0.0,0.0,0.0,0.0,,,0.0,,,No Sales
33,LAWN AND GARDEN,10,0.030878859857482184,0.0,0.534106519267122,0.0,13.0,20.396808427711008,439.118841823165,17.29683364073011,168.4,0.782544378397246,Lumpy
33,LINGERIE,1652,12.602731591448931,11.0,8.176033404385011,0.0,62.0,1.0701177942245954,1.8840936672985684,0.6487508953442898,1.0193704600484261,0.39387767244775984,Smooth
33,"LIQUOR,WINE,BEER",1497,64.36282660332542,35.0,87.35203747977374,0.0,1075.0,3.6893784464982518,22.975006957181616,1.3571814988296889,1.1249164996659986,1.5263578422213682,Erratic
33,MAGAZINES,666,0.9055819477434679,0.0,1.5431227265589766,0.0,16.0,2.786770153044902,13.02471114570822,1.704012241741482,2.5285285285285286,0.5438456324193651,Lumpy
33,MEATS,1679,251.6436634091449,246.7027,87.45458014128768,0.0,634.135,0.3601925504440324,0.25193138926010095,0.3475334087739322,1.0029779630732578,0.11745174019560518,Smooth
33,PERSONAL CARE,1679,238.30106888361044,224.0,85.70418229856443,0.0,717.0,0.89823652272368,1.2026066584539725,0.3596466549634484,1.0029779630732578,0.12599255218525468,Smooth
33,PET SUPPLIES,555,0.6733966745843231,0.0,1.2950591680788357,0.0,13.0,2.981092280203888,12.906867924136163,1.923174282015991,3.0342342342342343,0.5485288760342847,Lumpy
33,PLAYERS AND ELECTRONICS,980,3.053444180522565,2.0,3.7314219160117417,0.0,30.0,1.6509104153024956,4.226552479728153,1.2220370487175929,1.7183673469387755,0.45101369248142875,Intermittent
33,POULTRY,1677,211.3882972036817,205.7055,87.22518752948056,0.0,910.77,0.9087699616083246,4.0330800623892005,0.41263016298874255,1.0041741204531902,0.16539913504245138,Smooth
33,PREPARED FOODS,1679,37.16686460807601,36.0,12.98071177912956,0.0,103.0,0.4843299500108749,0.632029389029019,0.34925495910569004,1.0029779630732578,0.1186477348138373,Smooth
33,PRODUCE,1016,800.8940551068883,980.7395,730.57495745271,0.0,5035.664,0.4762927609756572,0.5678108325111437,0.912199251315824,1.6574803149606299,0.1053570033780356,Intermittent
33,SCHOOL AND OFFICE SUPPLIES,109,1.0688836104513064,0.0,5.822493522553949,0.0,97.0,7.824437899539711,79.46430061903199,5.447266157115363,15.44954128440367,0.9853475307448615,Lumpy
33,SEAFOOD,1046,1.6193586698337292,1.0,2.1914063569942286,0.0,26.0,3.6012245146242603,24.74318385642412,1.3532557033001094,1.6099426386233269,0.7586347065508756,Lumpy
34,AUTOMOTIVE,1509,3.3331353919239906,3.0,2.91304207999409,0.0,43.0,2.831651284169122,23.274736590943103,0.8739645218667897,1.115970841616965,0.5805197768753392,Erratic
34,BABY CARE,211,0.18586698337292162,0.0,0.6002887439647732,0.0,9.0,5.336219606759696,45.20136581537944,3.2296684964789657,7.981042654028436,0.4322387688238861,Intermittent
34,BEAUTY,1442,2.73812351543943,2.0,2.427024275754207,0.0,41.0,3.1876482303154896,36.92084641353,0.8863823202943865,1.1678224687933425,0.5290625635615237,Erratic
34,BEVERAGES,1679,2243.9904988123517,2206.0,910.3400534821373,0.0,5764.0,0.5818346999070851,0.5142347107091041,0.40567910334893825,1.0029779630732578,0.16111776905405506,Smooth
34,BOOKS,0,0.0,0.0,0.0,0.0,0.0,,,0.0,,,No Sales
34,BREAD/BAKERY,1679,684.0332541567695,672.0,132.47028111513023,0.0,1285.0,0.36744701138337243,2.7915646540960326,0.19366058639683692,1.0029779630732578,0.034423946409075805,Smooth
34,CELEBRATION,1007,6.945368171021378,5.0,8.454607518086078,0.0,91.0,2.059123506434386,9.381157664755255,1.2173015610813116,1.6722939424031777,0.484083047823395,Intermittent
34,CLEANING,1679,914.4133016627078,889.0,207.20674315134826,0.0,2311.0,0.8035326137633556,3.821686028065546,0.2266007534824251,1.0029779630732578,0.04822632219888441,Smooth
34,DAIRY,1679,569.9614014251781,590.0,227.0498162440752,0.0,1630.0,-0.034851852216526175,0.13392337960904355,0.3983599866165374,1.0029779630732578,0.15525038594742155,Smooth
34,DELI,1679,251.1385031769596,247.8885,52.095270474180424,0.0,634.264,0.3534738875611678,3.1828895395767995,0.2074364138312361,1.0029779630732578,0.0399329837588916,Smooth
34,EGGS,1679,114.75059382422803,97.0,94.95763916604822,0.0,1764.0,8.313714239555114,109.77332303543338,0.8275132703075536,1.0029779630732578,0.6797759019278998,Erratic
34,FROZEN FOODS,1679,127.41378854038005,98.8625,170.5483748520247,0.0,2532.04,7.224274031476248,65.70895771299946,1.3385393904729224,1.0029779630732578,1.783398840881459,Erratic
34,GROCERY I,1679,3796.7319946555817,3682.115,1017.5151870309902,0.0,22125.0,4.298794069794972,66.07926769467474,0.2679976328229155,1.0029779630732578,0.06864035966900058,Smooth
34,GROCERY II,1483,5.843230403800475,5.0,6.434606777911453,0.0,102.0,5.065731025050104,52.137281987971114,1.101207094730534,1.1355360755225894,0.9485572614299933,Erratic
34,HARDWARE,1195,1.8200712589073633,1.0,1.9953154150092345,0.0,17.0,1.8421748489768206,5.4462642653804725,1.0962842274157938,1.409205020920502,0.5624689632066207,Lumpy
34,HOME AND KITCHEN I,1166,24.552850356294538,21.0,30.654889760399765,0.0,455.0,4.5377243998893135,40.85770375324429,1.2485267215133065,1.444253859348199,0.7717238266904765,Lumpy
34,HOME AND KITCHEN II,1166,22.443586698337292,23.0,19.215919653589825,0.0,106.0,0.46835567327455985,-0.35217210862842263,0.8561875564281901,1.444253859348199,0.19996711146897683,Intermittent
34,HOME APPLIANCES,705,0.6555819477434679,0.0,0.9324696889010637,0.0,7.0,1.577412453664438,2.8730349981792074,1.4223541247410754,2.3886524822695034,0.26560530841943997,Intermittent
34,HOME CARE,1044,151.0682897862233,193.0,127.28339886368262,0.0,538.0,-0.03656528224990632,-1.310338325788288,0.8425553704417968,1.6130268199233717,0.06005649202419777,Intermittent
34,LADIESWEAR,950,3.446555819477435,2.0,4.359320564729851,0.0,26.0,1.4383693399980695,1.9888825388304943,1.2648338781659352,1.7726315789473683,0.4666356906253883,Intermittent
34,LAWN AND GARDEN,794,2.0415676959619953,0.0,5.284938615032075,0.0,111.0,9.967828191629446,165.22634969743294,2.5886668479798427,2.1209068010075565,2.6310865004339705,Lumpy
34,LINGERIE,1657,10.26543942992874,9.0,8.49221903799732,0.0,134.0,4.1168872840815105,39.02182333210444,0.8272630796896151,1.016294508147254,0.6573583636631786,Erratic
34,"LIQUOR,WINE,BEER",1498,52.96318289786223,35.0,60.809726792097116,0.0,698.0,3.538535440893959,21.169875405224886,1.148150912837292,1.124165554072096,1.0621967202795997,Erratic
34,MAGAZINES,693,1.0736342042755345,0.0,1.6972223637989325,0.0,14.0,1.9304931754017995,4.3638509555300615,1.58081994357041,2.43001443001443,0.4399057283807602,Intermittent
34,MEATS,1679,184.26464546733965,181.24349999999998,42.832443873363225,0.0,336.819,0.16816648933916944,1.3151064464210354,0.23245068941194527,1.0029779630732578,0.05090377038636452,Smooth
34,PERSONAL CARE,1679,317.6828978622328,303.5,94.14256342953797,0.0,919.0,1.2014146101483338,3.8698286571764235,0.2963413015392089,1.0029779630732578,0.08458830308170791,Smooth
34,PET SUPPLIES,889,1.5771971496437054,1.0,2.1144458979112652,0.0,17.0,1.8656941266226243,5.216830917420795,1.3406351241810772,1.8942632170978628,0.47672325187639725,Intermittent
34,PLAYERS AND ELECTRONICS,996,3.7541567695961997,3.0,4.326231985957977,0.0,37.0,1.6062075313437083,5.5164803129669675,1.1523844768131315,1.6907630522088353,0.37688718703975194,Intermittent
34,POULTRY,1678,140.3348839875297,134.033,48.02299295539355,0.0,628.192,2.298043772080118,14.829184412035271,0.34220281935971614,1.0035756853396902,0.11312259343915701,Smooth
34,PREPARED FOODS,1679,34.96031294299287,35.0,11.946130723513805,0.0,81.466,0.2006054351872152,0.20978219107071983,0.3417054859506478,1.0029779630732578,0.11344683556859889,Smooth
34,PRODUCE,1016,466.6749681116389,606.6355,418.16020315260033,0.0,1729.877,0.24616235537043468,-0.870965131745348,0.8960416386671745,1.6574803149606299,0.08772973166275222,Intermittent
34,SCHOOL AND OFFICE SUPPLIES,919,4.696555819477434,1.0,14.468327683334635,0.0,250.0,7.629828379717113,79.10219117204181,3.080625087058763,1.8324265505984767,4.724786581824522,Lumpy
34,SEAFOOD,1315,3.1365795724465557,2.0,3.1361226475211876,0.0,23.0,1.5017311840288772,3.0720722979245396,0.9998543235028257,1.2806083650190114,0.5615302251106297,Erratic
35,AUTOMOTIVE,1601,4.406769596199525,4.0,3.1085242951772853,0.0,29.0,1.5521874322396554,5.293340475318294,0.7053975086768169,1.051842598376015,0.4237735261845701,Smooth
35,BABY CARE,53,0.05344418052256532,0.0,0.3439242097993193,0.0,6.0,8.463550550052116,90.40124606627616,6.435203982946336,31.77358490566038,0.33481481442047717,Intermittent
35,BEAUTY,374,0.2666270783847981,0.0,0.544506380331425,0.0,3.0,2.1617914717106754,4.773514240433872,2.0422020958553477,4.502673796791444,0.14833755760229628,Intermittent
35,BEVERAGES,1679,1116.9988123515438,1067.5,609.596165144729,0.0,4226.0,0.7920121109523239,1.2291413062059844,0.5457446851360931,1.0029779630732578,0.29398382530514844,Smooth
35,BOOKS,0,0.0,0.0,0.0,0.0,0.0,,,0.0,,,No Sales
35,BREAD/BAKERY,1679,93.0041567695962,86.5,36.319126659978956,0.0,307.0,1.4346566457967522,3.9186460673906014,0.39051078920659016,1.0029779630732578,0.14907676830248412,Smooth
35,CELEBRATION,822,1.5635391923990498,0.0,2.3739232221400877,0.0,21.0,2.518056527537151,10.398476962659347,1.5183010647653203,2.048661800486618,0.6133644531501352,Lumpy
35,CLEANING,1679,474.38895486935866,457.0,158.11568991784185,0.0,1365.0,0.7218754566476516,1.5086053862218565,0.33330390240862967,1.0029779630732578,0.10779252612520326,Smooth
35,DAIRY,1679,158.15676959619952,161.5,72.76144037033895,0.0,433.0,0.11101143404414991,-0.10783571520240809,0.4600589690574164,1.0029779630732578,0.20805670674712387,Smooth
35,DELI,1679,82.05997624703087,81.0,33.48932667917666,0.0,228.0,0.5382147735820858,0.4392121954686661,0.40810792557328185,1.0029779630732578,0.1630884444772257,Smooth
35,EGGS,1679,167.17814726840854,126.0,171.77924323406648,0.0,1601.0,3.139029799893414,13.393799170127945,1.0275221136243557,1.0029779630732578,1.0496977697175784,Erratic
35,FROZEN FOODS,1678,53.28256712114015,36.0,62.06983307430368,0.0,799.804,4.458195896804171,33.48048614144006,1.164918216722186,1.0035756853396902,1.3486364666693818,Erratic
35,GROCERY I,1679,1736.3983806413303,1617.0,1665.8885510453485,0.0,45361.0,21.325022272717085,505.23920326507914,0.959393057271282,1.0029779630732578,0.9147330340697375,Erratic
35,GROCERY II,1415,2.9970308788598574,2.0,2.994748486974181,0.0,29.0,2.289063618038772,9.11424757583081,0.9992384486589664,1.1901060070671379,0.679243248604719,Erratic
35,HARDWARE,661,0.6437054631828979,0.0,1.0843913312678333,0.0,9.0,2.7451656653221876,10.72856955684564,1.6846079326735715,2.5476550680786687,0.5064456496322208,Lumpy
35,HOME AND KITCHEN I,1134,7.14251781472684,4.0,10.232388720810413,0.0,116.0,3.6219381915894173,21.73259913101653,1.4326024778377313,1.4850088183421517,1.055442245247787,Lumpy
35,HOME AND KITCHEN II,1153,5.817102137767221,5.0,6.635114403409896,0.0,71.0,2.5479585928865696,13.644591016345107,1.140621953187164,1.4605377276669558,0.575459775364773,Lumpy
35,HOME APPLIANCES,287,0.1995249406175772,0.0,0.473125517506938,0.0,3.0,2.52866397035995,6.710164428133593,2.371260022287148,5.867595818815331,0.128720237875341,Intermittent
35,HOME CARE,1044,64.97446555819478,75.0,57.22899526517275,0.0,295.0,0.2009011393222506,-0.980003940324695,0.8807920892097905,1.6130268199233717,0.10090835595633957,Intermittent
35,LADIESWEAR,0,0.0,0.0,0.0,0.0,0.0,,,0.0,,,No Sales
35,LAWN AND GARDEN,8,0.052256532066508314,0.0,0.9334765763072682,0.0,27.0,21.757953872698973,527.0964188796902,17.863346868404133,210.5,0.5206611569301278,Lumpy
35,LINGERIE,878,1.5112826603325415,1.0,2.436459215578371,0.0,20.0,2.9273341440548526,11.912375341604026,1.6121796920703597,1.917995444191344,0.8765025603703693,Lumpy
35,"LIQUOR,WINE,BEER",1484,44.87826603325416,16.0,80.01512640745177,0.0,842.0,4.26872863143763,25.436780309379348,1.7829371203062696,1.1347708894878705,2.6825625451795636,Erratic
35,MAGAZINES,342,0.27909738717339666,0.0,0.6273763507876392,0.0,5.0,2.651046084160127,8.174419136588524,2.2478761083850234,4.923976608187134,0.2292802169592168,Intermittent
35,MEATS,1679,161.2126288212589,158.33300000000003,56.156057542958585,0.0,397.004,0.5953828221505915,1.2016481021927259,0.34833535035814156,1.0029779630732578,0.11800812938426207,Smooth
35,PERSONAL CARE,1679,87.32719714964371,82.0,35.217771054998245,0.0,249.0,0.90157128412423,1.066813258536535,0.40328525595807063,1.0029779630732578,0.15918698164689984,Smooth
35,PET SUPPLIES,285,0.27078384798099764,0.0,0.7345084825909226,0.0,7.0,3.9239559510824304,20.3214770968804,2.7125269300772326,5.908771929824561,0.41447368369243415,Intermittent
35,PLAYERS AND ELECTRONICS,592,0.7042755344418052,0.0,1.2983474825190024,0.0,15.0,3.0898146048079624,15.828310682009928,1.8435220551918288,2.8445945945945947,0.5462918984789404,Lumpy
35,POULTRY,1677,56.3091429587886,51.766000000000005,30.71585738029332,0.0,313.97998,1.039768331973932,3.2725903628066693,0.5454861460460885,1.0041741204531902,0.2921614977916491,Smooth
35,PREPARED FOODS,1676,17.37351543942993,17.0,8.407102344265756,0.0,53.0,0.6473081793862431,0.7471555791838087,0.4839033512297446,1.0047732696897376,0.22829944880315917,Smooth
35,PRODUCE,1016,217.84859973871735,243.2835,210.99714179807117,0.0,1227.668,0.703589189110271,0.24100577561300884,0.9685494515464768,1.6574803149606299,0.1692977724106934,Intermittent
35,SCHOOL AND OFFICE SUPPLIES,127,0.75,0.0,3.9863000245824134,0.0,49.0,7.195124342989377,60.189278650579915,5.315066692356463,13.259842519685039,1.2059035748645714,Lumpy
35,SEAFOOD,416,0.5486935866983373,0.0,1.294288367712147,0.0,13.0,3.5605341881462853,16.7589715849516,2.358854553306217,4.048076923076923,0.6215588158043389,Lumpy
36,AUTOMOTIVE,1417,3.6680522565320666,3.0,3.1198773891989813,0.0,18.0,1.1044718280079684,1.366249739432038,0.8505542370048164,1.1884262526464362,0.45018885807849196,Smooth
36,BABY CARE,48,0.03859857482185273,0.0,0.2630118498416255,0.0,6.0,10.882176944911976,179.47992655831965,6.814029902438016,35.083333333333336,0.3519526622020864,Intermittent
36,BEAUTY,1030,1.3467933491686461,1.0,1.6155922051828093,0.0,11.0,1.6403780843677758,3.275978325199871,1.1995843348799606,1.6349514563106795,0.49178898766799234,Lumpy
36,BEVERAGES,1553,1962.102137767221,2008.5,1159.1778826725174,0.0,6974.0,0.20925001626793924,-0.30592598658553793,0.590783660218125,1.0843528654217642,0.2440833387350546,Smooth
36,BOOKS,0,0.0,0.0,0.0,0.0,0.0,,,0.0,,,No Sales
36,BREAD/BAKERY,1553,455.67161520190024,467.0,182.19403044212245,0.0,1581.0,-0.45975293480768326,2.621208951269078,0.39983625129029726,1.0843528654217642,0.06964168660645077,Smooth
36,CELEBRATION,1001,4.802256532066508,3.0,6.047474072001546,0.0,64.0,2.252245458622151,9.966422701673189,1.2592984215568128,1.6823176823176824,0.5370655270114214,Lumpy
36,CLEANING,1553,814.2755344418052,826.0,358.351104842798,0.0,2369.0,-0.19118300193210178,1.076772714617766,0.44008580595266383,1.0843528654217642,0.10081833567797867,Smooth
36,DAIRY,1553,493.7304038004751,520.0,244.67126086386006,0.0,1330.0,-0.26044595697309214,-0.10321817939559264,0.495556398755302,1.0843528654217642,0.148681563047508,Smooth
36,DELI,1553,196.4363990771971,198.338,92.50891175641463,0.0,495.089,-0.12651718855739197,0.2956204859131524,0.470935693132864,1.0843528654217642,0.1267369377884949,Smooth
36,EGGS,1553,109.69774346793349,102.0,63.65044810212768,0.0,398.0,0.6806645382027849,0.9815705114965647,0.5802347987235813,1.0843528654217642,0.2326913722239167,Smooth
36,FROZEN FOODS,1553,97.94367393111638,63.446,171.67541254308867,0.0,4875.152,14.437070843624006,360.82731354502164,1.752797354345467,1.0843528654217642,2.7555104941074653,Erratic
36,GROCERY I,1553,3193.010013657957,3189.801,1415.218590881444,0.0,12774.617,0.03804009796257727,2.3854413935645136,0.4432239751292563,1.0843528654217642,0.1033746765302952,Smooth
36,GROCERY II,1446,5.84144893111639,4.0,6.7505901415556595,0.0,76.0,3.993480292433314,26.803973040524383,1.155636250526953,1.1645919778699863,1.0054192266690496,Erratic
36,HARDWARE,548,0.4827790973871734,0.0,0.8754030608228404,0.0,8.0,2.7851700460393243,11.729451596565172,1.8132579967676958,3.072992700729927,0.39535136995490394,Intermittent
36,HOME AND KITCHEN I,1167,20.267220902612827,15.0,37.94686050838578,0.0,1013.0,13.836723956582722,307.6407276786761,1.8723267826829375,1.4430162810625535,2.1223539473654958,Lumpy
36,HOME AND KITCHEN II,1161,10.721496437054633,8.0,12.657144805416591,0.0,165.0,2.7340459446343077,17.65779513562693,1.1805390113726675,1.450473729543497,0.6502693628686288,Lumpy
36,HOME APPLIANCES,241,0.18586698337292162,0.0,0.506972544082858,0.0,4.0,3.2303925496024672,12.03235694411513,2.7276094557260016,6.987551867219917,0.20784125558741873,Intermittent
36,HOME CARE,1045,141.2523752969121,170.0,125.31301838792872,0.0,863.0,0.41546804090046374,0.33149148693165165,0.8871568929275274,1.6114832535885169,0.10894565531410591,Intermittent
36,LADIESWEAR,51,0.05522565320665083,0.0,0.37106127428048064,0.0,7.0,9.557675430727393,120.38762246531411,6.719001877134734,33.01960784313726,0.3975026010208453,Intermittent
36,LAWN AND GARDEN,1320,8.045724465558195,5.0,12.720116094351184,0.0,194.0,4.946087012644082,43.973614887365805,1.5809783379013231,1.2757575757575759,1.7430701346399429,Erratic
36,LINGERIE,1262,2.9619952494061756,2.0,3.3647579435941313,0.0,50.0,3.151061943502988,26.395776791524476,1.135976819386434,1.3343898573692552,0.716472380183162,Lumpy
36,"LIQUOR,WINE,BEER",1390,119.40439429928742,59.5,202.39718308170072,0.0,3395.0,5.712239836100754,58.140961425880846,1.695056402804545,1.2115107913669065,2.1970133789150923,Erratic
36,MAGAZINES,544,0.5855106888361045,0.0,1.0701872493625124,0.0,8.0,2.3614562512247548,6.666854521423291,1.8277843051201648,3.0955882352941178,0.40225222030174645,Intermittent
36,MEATS,1553,189.5708094536817,188.16750000000002,91.42710561261939,0.0,688.5,0.4867559007126891,2.632334327142316,0.482284724508051,1.0843528654217642,0.13671351346998373,Smooth
36,PERSONAL CARE,1553,221.08610451306413,219.5,104.81899485971044,0.0,936.0,0.2723046740489015,2.1268402160926083,0.47410937512376544,1.0843528654217642,0.129502893972365,Smooth
36,PET SUPPLIES,727,1.1199524940617578,0.0,1.7622610173382722,0.0,22.0,2.515903925385244,13.578436343396657,1.573514077702997,2.31636863823934,0.5006016308781983,Lumpy
36,PLAYERS AND ELECTRONICS,957,3.0498812351543942,2.0,3.8928500431661885,0.0,41.0,1.9964097296467818,8.367354023385479,1.2763939779093485,1.7596656217345872,0.4941370423523193,Lumpy
36,POULTRY,1553,113.43865860748218,114.006,60.242291498000974,0.0,1190.24,3.8542831677660727,63.42018246617846,0.531056098837689,1.0843528654217642,0.18229095066375414,Smooth
36,PREPARED FOODS,1553,49.181147284441806,48.649,25.26515993795679,0.0,251.0,0.9896407580003946,6.268859739084874,0.513716359468409,1.0843528654217642,0.16558413621000775,Smooth
36,PRODUCE,1017,873.1175386520189,993.764,866.5621361937833,0.0,3987.331,0.8681031988262113,0.5253603522688062,0.9924919587924568,1.6558505408062931,0.19880402207248796,Intermittent
36,SCHOOL AND OFFICE SUPPLIES,560,4.804038004750594,0.0,22.80191125961138,0.0,341.0,7.042219409637445,60.44018026237987,4.746405259974366,3.007142857142857,6.824158683570152,Lumpy
36,SEAFOOD,723,0.9354271377672209,0.0,1.5002632591725107,0.0,11.0,2.2766707255209333,6.598709974654728,1.6038269545500627,2.3291839557399725,0.5336963384521556,Lumpy
37,AUTOMOTIVE,1538,4.0492874109263655,3.0,4.049200761648069,0.0,63.0,4.344302346761625,43.03588403609913,0.9999786011044706,1.0949284785435631,0.8265642386183711,Erratic
37,BABY CARE,23,0.021377672209026127,0.0,0.19980751396496998,0.0,4.0,11.290871751212629,151.5600599850896,9.346551049372708,73.21739130434783,0.20679012319255827,Intermittent
37,BEAUTY,1627,4.324821852731591,4.0,2.729416863946339,0.0,18.0,1.0809805081481878,1.7553868850050023,0.6311050388332904,1.0350338045482483,0.35096415587407465,Smooth
37,BEVERAGES,1679,2090.2642517814725,2279.5,953.5745276043905,0.0,4982.0,0.08340845820576069,-1.0483211502065795,0.456198074856435,1.0029779630732578,0.2045296387179741,Smooth
37,BOOKS,97,0.1496437054631829,0.0,0.8357687325102869,0.0,13.0,8.434779088031387,87.04272842376474,5.585057683103516,17.36082474226804,0.8543398834440827,Lumpy
37,BREAD/BAKERY,1679,547.5058669299287,545.5025,116.50395568319533,0.0,1089.09,-0.09388510170928106,1.3023970266158758,0.2127903328895159,1.0029779630732578,0.04217616364009257,Smooth
37,CELEBRATION,1013,7.586104513064133,6.0,8.44819742279619,0.0,74.0,1.5759405728045157,5.245084535131685,1.1136410534726742,1.6623889437314907,0.34757657325763286,Intermittent
37,CLEANING,1679,1053.9477434679334,1032.0,229.40135533563208,0.0,2004.0,0.2881150740382125,1.8823312327124677,0.21765913609776044,1.0029779630732578,0.04426571478951683,Smooth
37,DAIRY,1678,884.6692399049881,919.5,226.65271702971475,0.0,2330.0,-0.2144503386498379,2.1210024489618533,0.2562005174428814,1.0035756853396902,0.06184189264939352,Smooth
37,DELI,1679,145.90916180522566,142.73000000000002,35.378023833875,0.0,368.821,0.3698689364044253,1.6955483414366919,0.2424660891470181,1.0029779630732578,0.055646129195122115,Smooth
37,EGGS,1679,155.12589073634203,150.0,37.88328518509997,0.0,299.0,0.3003646833797831,0.6263929288916463,0.2442099446135891,1.0029779630732578,0.05649230198571813,Smooth
37,FROZEN FOODS,1677,193.44750909501187,161.21249999999998,248.90079614173354,0.0,7763.951,18.75000000539428,517.2563203585108,1.2866580567765238,1.0041741204531902,1.6444506993165833,Erratic
37,GROCERY I,1678,3641.480997624703,3571.5,785.86090529146,0.0,11530.0,1.269610098867721,12.692677215344448,0.2158080478255557,1.0035756853396902,0.04284423067905986,Smooth
37,GROCERY II,1679,46.572446555819475,45.0,16.643498254780525,0.0,148.0,0.993849707502509,2.8546233110361303,0.3573679178411868,1.0029779630732578,0.12436351567170031,Smooth
37,HARDWARE,1314,1.92458432304038,2.0,1.779305391878797,0.0,13.0,1.4667516262307907,3.7672861630553713,0.9245141247661254,1.2815829528158296,0.44721522960370463,Smooth
37,HOME AND KITCHEN I,1166,21.096793349168646,18.0,22.007734856587703,0.0,182.0,1.66421084137728,5.41994615016803,1.0431791453468342,1.444253859348199,0.44588343374057154,Intermittent
37,HOME AND KITCHEN II,1166,15.214370546318289,12.0,25.400773505447564,0.0,576.0,10.281964301554549,175.4474508173976,1.6695250997370212,1.444253859348199,1.6223326559184628,Lumpy
37,HOME APPLIANCES,445,0.333729216152019,0.0,0.6319126888986105,0.0,6.0,2.3019638995369247,7.442505623218054,1.8934892614174805,3.784269662921348,0.21167411726714713,Intermittent
37,HOME CARE,1044,156.60510688836104,207.0,130.58491743978627,0.0,570.0,-0.1044543816620864,-1.4065879320709591,0.8338483976262817,1.6130268199233717,0.05100741617717352,Intermittent
37,LADIESWEAR,1016,16.157363420427554,16.0,16.005887031082455,0.0,81.0,0.6677733942274865,-0.1463125016728628,0.9906249314077931,1.6574803149606299,0.1953914245256325,Intermittent
37,LAWN AND GARDEN,1621,12.721496437054633,10.0,10.487476465112179,0.0,149.0,2.7731186738590843,21.879956518009823,0.8243901585147101,1.038864898210981,0.6167830257411175,Erratic
37,LINGERIE,1570,6.479809976247031,5.0,6.266939682214761,0.0,82.0,3.0343849776378384,19.283556549234426,0.9671486824799284,1.0726114649681529,0.8043593950588284,Erratic
37,"LIQUOR,WINE,BEER",1498,107.55878859857482,97.0,74.06716466284395,0.0,1249.0,3.639580126676093,44.247804203696546,0.6886202943265274,1.124165554072096,0.3113708247164777,Smooth
37,MAGAZINES,1005,4.727434679334917,3.0,5.437831133216778,0.0,25.0,0.9770713623447467,0.019796799957167543,1.150271024544655,1.6756218905472637,0.3864246125028555,Intermittent
37,MEATS,1679,249.42627850356294,238.50400000000002,72.18601739980708,0.0,664.356,1.1442143790640507,3.071656411064196,0.28940822848578296,1.0029779630732578,0.08053931653147087,Smooth
37,PERSONAL CARE,1679,255.3188836104513,244.0,76.76328546221298,0.0,612.0,0.8275115988534124,1.546492257457527,0.30065651383245384,1.0029779630732578,0.08715682642597314,Smooth
37,PET SUPPLIES,1016,6.374703087885986,6.0,6.2443590863097445,0.0,35.0,0.581215922061712,-0.34976149287204183,0.9795529296409914,1.6574803149606299,0.18223059696408014,Intermittent
37,PLAYERS AND ELECTRONICS,1015,6.320665083135392,6.0,6.337257440068411,0.0,29.0,0.666635308402028,-0.3005076443801924,1.0026250965226216,1.6591133004926109,0.20863179376217464,Intermittent
37,POULTRY,1679,244.32092876187647,256.16999999999996,78.89136257081906,0.0,469.219,-0.45921535130024727,-0.20613459155534564,0.3229005512146951,1.0029779630732578,0.10098607011381049,Smooth
37,PREPARED FOODS,1679,132.1896318557007,131.724,37.517846716497814,0.0,281.178,0.28691562645608315,0.7579014880649266,0.2838183765968029,1.0029779630732578,0.07734457852207982,Smooth
37,PRODUCE,1563,1827.0049299881234,2428.8625,1593.4384949188684,0.0,6012.921,0.06977839745326332,-1.2405964448553126,0.8721588369924949,1.0774152271273192,0.6341527320331631,Erratic
37,SCHOOL AND OFFICE SUPPLIES,345,0.29334916864608074,0.0,0.6827904490553172,0.0,8.0,3.2694348358215093,16.45226269554519,2.3275690532176676,4.881159420289855,0.31476503422736474,Intermittent
37,SEAFOOD,1678,19.924086456294535,19.058,8.011846052656116,0.0,133.181,2.245488150958202,24.290473363746017,0.40211861506567836,1.0035756853396902,0.15756030915550018,Smooth
38,AUTOMOTIVE,1659,6.495843230403801,6.0,4.167582940611047,0.0,38.0,1.4740169067428024,4.5297170831498175,0.6415768965086925,1.0150693188667872,0.3906645466499732,Smooth
38,BABY CARE,11,0.013064133016627079,0.0,0.2817832056463681,0.0,11.0,35.63769528274471,1371.7454102233373,21.569221908450647,153.0909090909091,2.0454545434090905,Lumpy
38,BEAUTY,1597,5.064726840855107,4.0,3.961958713739276,0.0,27.0,1.4374993004574843,2.801448698804273,0.7822650337225474,1.0544771446462116,0.5286614709498004,Erratic
38,BEVERAGES,1679,1823.4988123515438,1702.0,1178.8851639615139,0.0,12734.0,1.9991853030355222,10.632614120474237,0.6464962609109699,1.0029779630732578,0.4137473280340672,Smooth
38,BOOKS,88,0.09679334916864608,0.0,0.5001322177236461,0.0,7.0,7.049789240631475,61.1806370940013,5.167010097824387,19.136363636363637,0.4474011060696661,Intermittent
38,BREAD/BAKERY,1679,533.6583806472685,498.75649999999996,164.12076812424414,0.0,1333.444,0.8504752180090305,1.022415240439841,0.30753900636747483,1.0029779630732578,0.09133029910604067,Smooth
38,CELEBRATION,1013,9.27731591448931,8.0,10.517982945519583,0.0,114.0,1.9135316804975988,9.777703717286244,1.1337312474137986,1.6623889437314907,0.3747363697143825,Intermittent
38,CLEANING,1679,1070.0356294536816,976.0,354.4829862865728,0.0,4253.0,1.6424640710190808,8.043918395045377,0.33128147935338065,1.0029779630732578,0.10645244404189777,Smooth
38,DAIRY,1679,814.8266033254157,773.0,272.78975243029276,0.0,1727.0,0.4749036001796916,-0.051871677675715766,0.33478257989695814,1.0029779630732578,0.10877747741825966,Smooth
38,DELI,1679,169.0295405,159.20999999999998,52.520397207001984,0.0,395.68,0.7300067103432945,0.6658133615932909,0.3107172690130532,1.0029779630732578,0.09328944566539447,Smooth
38,EGGS,1679,120.4186460807601,108.0,47.29999682695138,0.0,292.0,0.9596792310371732,0.5766195256728297,0.3927962850108472,1.0029779630732578,0.15086169787966713,Smooth
38,FROZEN FOODS,1678,208.3682134982185,143.0,520.2040434976761,0.0,12646.774,16.52975136308652,347.2115391528736,2.496561422501361,1.0035756853396902,6.207048797594279,Erratic
38,GROCERY I,1679,3761.317111045131,3396.5,1200.0829574913573,0.0,13531.0,1.3085235307456444,4.776340072747483,0.3190592343216655,1.0029779630732578,0.0985274209114935,Smooth
38,GROCERY II,1677,26.425178147268408,24.0,14.90702723794307,0.0,175.0,2.984910297780321,19.75977122230487,0.5641221093875539,1.0041741204531902,0.3127541603097187,Smooth
38,HARDWARE,1255,1.7185273159144894,1.0,1.6249578740645079,0.0,10.0,1.2140775681776035,1.7021284122845861,0.9455525426165586,1.3418326693227092,0.41155425315901495,Intermittent
38,HOME AND KITCHEN I,1166,22.744655581947743,20.0,24.556060756832572,0.0,450.0,4.181792434257219,56.638679210153754,1.079640914643829,1.444253859348199,0.4994763494063987,Lumpy
38,HOME AND KITCHEN II,1166,17.47209026128266,12.0,28.37682981681817,0.0,346.0,4.673137641920327,30.560197129289158,1.6241233527779892,1.444253859348199,1.5187931066416922,Lumpy
38,HOME APPLIANCES,191,0.13657957244655583,0.0,0.42668326597600503,0.0,4.0,4.113346651812803,22.747320577235556,3.1240635419246496,8.81675392670157,0.22037807146762914,Intermittent
38,HOME CARE,1044,204.08432304038004,231.0,185.05267919506952,0.0,780.0,0.3654794560731762,-0.7852402507065226,0.9067461745091921,1.6130268199233717,0.12967038271589654,Intermittent
38,LADIESWEAR,1016,17.41686460807601,14.0,19.93474152981495,0.0,98.0,1.2501394263444265,1.1392075265703374,1.144565452924682,1.6574803149606299,0.39369985590976764,Intermittent
38,LAWN AND GARDEN,1600,8.546318289786223,7.0,9.153202104881158,0.0,218.0,8.391308706386035,166.05760911787624,1.0710111411073018,1.0525,1.039966617008103,Erratic
38,LINGERIE,1644,13.96793349168646,12.0,9.935130105783948,0.0,80.0,1.2508215436207986,2.544610931344203,0.7112813152343496,1.024330900243309,0.47015101179601915,Smooth
38,"LIQUOR,WINE,BEER",1499,78.73396674584323,65.0,67.14336956590708,0.0,1003.0,3.874464657318083,34.37768706888623,0.8527878416414111,1.123415610406938,0.5374960850246431,Erratic
38,MAGAZINES,1003,5.021971496437055,2.0,6.439476447724827,0.0,40.0,1.5576364948585446,2.52266456404202,1.2822606522181956,1.678963110667996,0.5748960556976473,Lumpy
38,MEATS,1679,185.27175659263656,176.4855,59.28394528322943,0.0,705.644,1.4383261757799288,6.673383935899549,0.31998371674782095,1.0029779630732578,0.0991164507801515,Smooth
38,PERSONAL CARE,1679,358.4964370546318,315.0,150.70962188866125,0.0,1253.0,1.1343088247095667,1.7791889098879228,0.42039363940812047,1.0029779630732578,0.17323695572449527,Smooth
38,PET SUPPLIES,1004,3.862232779097387,3.0,4.194218818714407,0.0,22.0,0.9799787826173869,0.5177856780964403,1.0859570247365173,1.6772908366533865,0.2992992106118806,Intermittent
38,PLAYERS AND ELECTRONICS,1012,5.911520190023753,5.0,6.344420581178003,0.0,47.0,1.0260938230331451,1.229325775766708,1.0732299605119475,1.6640316205533596,0.2931380160404753,Intermittent
38,POULTRY,1679,157.27770434026127,149.0525,63.58349072341935,0.0,520.769,0.6857217932532145,0.8387738612158517,0.40427529756827996,1.0029779630732578,0.15998412633018855,Smooth
38,PREPARED FOODS,1679,121.80974227612825,117.411,40.107496029102585,0.0,309.991,0.6139517998647389,0.7691349807305032,0.32926345035567334,1.0029779630732578,0.10512340305448764,Smooth
38,PRODUCE,1543,1428.4120076009501,1692.4645,1284.357586431286,0.0,4699.391,0.19782463044941348,-1.202988596516594,0.8991506509298351,1.0913804277381725,0.657049959028237,Erratic
38,SCHOOL AND OFFICE SUPPLIES,335,0.3503562945368171,0.0,1.5426035666335485,0.0,48.0,21.149925811835697,593.2925834035776,4.40295660812935,5.026865671641791,3.055415107130693,Lumpy
38,SEAFOOD,1679,19.763655452850355,18.898,8.125661522779808,0.0,51.693,0.4481810400527793,0.23372977678457474,0.4111416302390946,1.0029779630732578,0.16556642633894508,Smooth
39,AUTOMOTIVE,1669,8.859263657957245,8.0,8.83248852898038,0.0,255.0,16.09445320596266,400.7353280373217,0.9969777251239391,1.0089874176153386,0.9762036171966257,Erratic
39,BABY CARE,277,0.26068883610451304,0.0,0.7198234809969785,0.0,9.0,4.255407537991974,27.27654537127717,2.761236303756241,6.07942238267148,0.41862588871055895,Intermittent
39,BEAUTY,1540,3.7927553444180524,3.0,3.105113361481281,0.0,28.0,1.7297615587721946,6.010001176915935,0.8186959291303888,1.0935064935064935,0.5274376826917921,Erratic
39,BEVERAGES,1679,2271.213182897862,2281.0,1331.3204642101712,0.0,7387.0,0.5080071807589503,-0.3925739738886058,0.586171511434669,1.0029779630732578,0.3396077384398834,Smooth
39,BOOKS,0,0.0,0.0,0.0,0.0,0.0,,,0.0,,,No Sales
39,BREAD/BAKERY,1679,721.9429928741092,695.5,172.30956393602128,0.0,1302.0,0.4683228011746767,0.8170079197987854,0.23867475082735454,1.0029779630732578,0.053827377666230226,Smooth
39,CELEBRATION,1010,6.669833729216152,5.0,7.893306778299228,0.0,52.0,1.5743163246425511,3.462425705436803,1.1834338152299677,1.6673267326732673,0.439739163462608,Intermittent
39,CLEANING,1679,1295.0730403800476,1194.5,493.0096878014194,0.0,6263.0,2.831206516693009,18.06614591548557,0.3806809905149147,1.0029779630732578,0.1415186162527846,Smooth
39,DAIRY,1679,514.2125890736341,505.5,233.90703013992254,0.0,1530.0,0.40709606853013325,0.13727497665463018,0.4548839042639088,1.0029779630732578,0.2033358765532888,Smooth
39,DELI,1679,184.65444683610448,177.708,68.11725998677377,0.0,548.334,0.7094977727393862,0.9437137769134929,0.36889043916101505,1.0029779630732578,0.13270699649605697,Smooth
39,EGGS,1679,385.58729216152017,301.0,349.36456073751737,0.0,2999.0,3.015590239452799,11.958524030837689,0.9060582852151274,1.0029779630732578,0.8155350199593594,Erratic
39,FROZEN FOODS,1679,90.4856128456057,68.0,128.6375473113728,0.0,2044.073,7.914402937956307,78.82204162801925,1.421635365717681,1.0029779630732578,2.012077258210692,Erratic
39,GROCERY I,1679,4275.520641330166,4016.771,1547.8255821901507,0.0,12835.0,1.2978072193106314,3.3257167400054692,0.362020374133486,1.0029779630732578,0.12770050083855908,Smooth
39,GROCERY II,1679,28.612232779097386,27.0,14.445281059776326,0.0,205.0,2.1773540763141432,15.385622784683992,0.5048638171930586,1.0029779630732578,0.25116156098371745,Smooth
39,HARDWARE,1282,1.8467933491686461,1.0,1.798731521256429,0.0,14.0,1.6067078602942109,4.18335568179047,0.9739755241658044,1.313572542901716,0.48345695310686343,Smooth
39,HOME AND KITCHEN I,1165,22.451900237529692,20.0,25.574736828509685,0.0,369.0,4.368707817146808,44.56238013288813,1.1390900795390537,1.4454935622317597,0.5894406377155456,Lumpy
39,HOME AND KITCHEN II,1166,13.501781472684085,14.0,11.714107119834344,0.0,89.0,0.6303457061281267,0.5970881890599635,0.8675971495069711,1.444253859348199,0.21358499585626828,Intermittent
39,HOME APPLIANCES,522,0.418646080760095,0.0,0.7301833763529657,0.0,6.0,2.1595363772700544,6.271309624486516,1.7441543302712599,3.2260536398467434,0.25294703448282474,Intermittent
39,HOME CARE,1044,202.64014251781472,235.0,180.58277249919252,0.0,1107.0,0.33363544616960694,-0.45926586427828786,0.8911500468493097,1.6130268199233717,0.1122867790205059,Intermittent
39,LADIESWEAR,985,4.586104513064133,3.0,5.833930710337586,0.0,33.0,1.6476384200501664,3.0576473672031694,1.272088477802188,1.7096446700507615,0.5314346552218319,Lumpy
39,LAWN AND GARDEN,1602,7.7321852731591445,6.0,6.267977259853804,0.0,48.0,1.337530242206634,2.8319968397998228,0.8106346443613162,1.0511860174781522,0.5764369950764786,Erratic
39,LINGERIE,1635,6.906769596199525,6.0,4.857736368785806,0.0,38.0,1.3601579405581292,2.9795327521159933,0.7033297260640435,1.0299694189602446,0.4511816332244019,Smooth
39,"LIQUOR,WINE,BEER",1498,64.21140142517815,47.0,66.61705332719244,0.0,1000.0,4.77136543720668,49.57863516103854,1.0374645599937573,1.124165554072096,0.846999052523026,Erratic
39,MAGAZINES,805,1.910332541567696,0.0,3.0084461679533363,0.0,20.0,2.191567757068036,5.668008084124251,1.5748285185518829,2.0919254658385094,0.6635797601666265,Lumpy
39,MEATS,1679,239.97381183729217,136.959,2222.5031744442226,0.0,89576.36,38.64651284254786,1547.4237623792208,9.261440477271204,1.0029779630732578,85.51663636572009,Erratic
39,PERSONAL CARE,1679,307.6003562945368,283.0,122.46382964908295,0.0,1153.0,1.2579189328555878,3.2167727653432365,0.3981264232718311,1.0029779630732578,0.15506490826321973,Smooth
39,PET SUPPLIES,955,2.700712589073634,2.0,3.2892215058497665,0.0,18.0,1.3459315744671154,1.769940884135191,1.2179087541336957,1.763350785340314,0.408285722181097,Intermittent
39,PLAYERS AND ELECTRONICS,1012,5.40083135391924,4.0,5.9363427781450175,0.0,36.0,1.1069073737252317,1.1532274222736012,1.099153516937354,1.6640316205533596,0.32698106625387363,Intermittent
39,POULTRY,1679,205.45291970190024,205.33749999999998,80.82272763679858,0.0,586.579,0.1588201777899738,0.18226186692798185,0.3933880703845634,1.0029779630732578,0.15132556889146717,Smooth
39,PREPARED FOODS,1679,76.08967996199524,73.049,26.333990878974696,0.0,236.612,0.7959367921710087,1.7862489173701857,0.3460914921942335,1.0029779630732578,0.11645456051513416,Smooth
39,PRODUCE,1016,1062.7587151247033,1260.1864999999998,964.7448227518536,0.0,3956.626,0.2520943709932911,-1.0596919773822309,0.9077740874020905,1.6574803149606299,0.10049801333742349,Intermittent
39,SCHOOL AND OFFICE SUPPLIES,770,1.8580760095011877,0.0,4.164882606942779,0.0,55.0,6.151410866105716,56.18933175649797,2.2415028144189675,2.187012987012987,1.7545949230030196,Lumpy
39,SEAFOOD,1666,11.316864488123516,10.2365,7.5420378629516565,0.0,69.569,1.356531769906464,4.241366494626193,0.6664423586763106,1.0108043217286915,0.42870918376266415,Smooth
4,AUTOMOTIVE,1573,4.018408551068884,3.0,2.8913859015463235,0.0,22.0,1.2034415548712822,2.4170782067389585,0.7195350756601613,1.070565797838525,0.4176902794946066,Smooth
4,BABY CARE,16,0.014251781472684086,0.0,0.16101289624781306,0.0,3.0,13.390510384549138,200.72216055441825,11.297737427330308,105.25,0.22222222192592594,Intermittent
4,BEAUTY,1597,4.09144893111639,4.0,2.895027769570504,0.0,19.0,1.1486146862580746,1.7623760413622325,0.7075800816785432,1.0544771446462116,0.4231409183644304,Smooth
4,BEVERAGES,1679,2178.228028503563,2121.0,1132.1333141969812,0.0,6056.0,0.7550361642096696,0.29573158270508504,0.5197496769767646,1.0029779630732578,0.2663685280039229,Smooth
4,BOOKS,132,0.15795724465558195,0.0,0.664676877957418,0.0,9.0,5.841780701854376,43.841753970243865,4.20795434358683,12.757575757575758,0.46633500999564825,Intermittent
4,BREAD/BAKERY,1679,405.5118598990499,386.1445,122.93359632616188,0.0,872.599,0.9121704077745648,1.3157824562585345,0.3031565990609064,1.0029779630732578,0.08866192853176184,Smooth
4,CELEBRATION,1009,6.383016627078385,5.0,8.607844371513062,0.0,150.0,4.702689071021894,55.57023309513244,1.3485542766170835,1.6689791873141724,0.6888159293778191,Lumpy
4,CLEANING,1679,884.70783847981,842.0,229.47105377995126,0.0,2190.0,0.8488348326518815,2.173670996976596,0.2593749527233658,1.0029779630732578,0.0641064962484138,Smooth
4,DAIRY,1679,789.3028503562946,749.0,279.66610515384764,0.0,1739.0,0.6786043738830458,0.5067370572098051,0.3543204044268317,1.0029779630732578,0.122201075629208,Smooth
4,DELI,1679,216.0194528408551,201.368,69.14869496231339,0.0,521.084,0.7857676810460303,0.6093046643468374,0.32010401865491345,1.0029779630732578,0.09919322592188483,Smooth
4,EGGS,1679,172.06413301662707,156.5,57.711878933990455,0.0,403.0,1.0759846450255188,1.0554617725452955,0.33540911706496196,1.0029779630732578,0.10919613069213395,Smooth
4,FROZEN FOODS,1679,150.64404685510686,109.60149999999999,217.4617877917853,0.0,4755.959,10.501423313766368,161.2821980820647,1.443547171827519,1.0029779630732578,2.074672177085615,Erratic
4,GROCERY I,1679,3346.997381235154,3141.5,994.9802323210558,0.0,8969.0,0.9438606763274031,1.5024713490989638,0.2972754738020074,1.0029779630732578,0.08514119691053945,Smooth
4,GROCERY II,1678,20.807600950118765,19.0,12.20698523566925,0.0,116.0,2.3182786414855823,10.684476606582292,0.5866599068458642,1.0035756853396902,0.33938064257294576,Smooth
4,HARDWARE,986,1.1365795724465557,1.0,1.3893441390742125,0.0,11.0,1.9206080113264405,5.698484576926017,1.222390558068165,1.7079107505070994,0.46040340663751583,Intermittent
4,HOME AND KITCHEN I,1164,13.824228028503564,11.0,17.05565800576925,0.0,239.0,4.057621397584001,36.235732012108734,1.2337512061700076,1.4467353951890034,0.7433333332590001,Lumpy
4,HOME AND KITCHEN II,1159,8.85748218527316,7.0,11.147621939039885,0.0,120.0,3.576836532053696,21.598340670506182,1.2585542600713167,1.45297670405522,0.7783897143799995,Lumpy
4,HOME APPLIANCES,489,0.39073634204275537,0.0,0.6956325779127964,0.0,4.0,1.9339817581470444,3.7577269503901656,1.7803119425639875,3.443762781186094,0.21074269422950176,Intermittent
4,HOME CARE,1044,153.75534441805226,185.0,134.5611702988544,0.0,559.0,0.19523803098224657,-0.9923882623635363,0.875164182469748,1.6130268199233717,0.0947817633748727,Intermittent
4,LADIESWEAR,1016,15.195368171021377,13.0,16.520064886883024,0.0,100.0,1.12275275950395,1.1047437391407584,1.087177664921654,1.6574803149606299,0.31642907340968796,Intermittent
4,LAWN AND GARDEN,1592,9.363420427553445,7.0,8.788069092350963,0.0,123.0,2.8423817151523316,20.49047766331352,0.9385532946434866,1.0577889447236182,0.7781262474808088,Erratic
4,LINGERIE,1414,4.603919239904988,3.0,6.071760797032082,0.0,103.0,5.636614423998786,60.79180402866302,1.3188243492817138,1.190947666195191,1.300099107797547,Erratic
4,"LIQUOR,WINE,BEER",1498,83.14489311163895,53.0,80.56727557977398,0.0,724.0,2.16223589374793,7.658569218177931,0.9689984864208918,1.124165554072096,0.7247976151444857,Erratic
4,MAGAZINES,934,3.4910926365795723,1.0,4.61002125329038,0.0,32.0,1.5426544754210814,2.7824587531045424,1.3205095744713833,1.802997858672377,0.5217686054219627,Lumpy
4,MEATS,1679,369.6379874406176,356.879,103.45437894855874,0.0,1024.884,0.598117309411108,1.1973439936086239,0.2798802678929173,1.0029779630732578,0.07513126315524706,Smooth
4,PERSONAL CARE,1679,228.0184085510689,209.0,87.6987137189942,0.0,709.0,1.1351017207320602,1.911292322220386,0.3846124278995126,1.0029779630732578,0.14451838620400745,Smooth
4,PET SUPPLIES,1007,4.244061757719715,4.0,4.589483137960164,0.0,25.0,0.9744168511184925,0.5428347519150085,1.08138933853419,1.6722939424031777,0.29726171153191866,Intermittent
4,PLAYERS AND ELECTRONICS,1008,5.402612826603326,4.0,5.896022477833925,0.0,31.0,1.016330930892009,0.6780979086665533,1.0913279677769325,1.6706349206349207,0.3114754794812009,Intermittent
4,POULTRY,1679,448.94392681710207,431.2085,157.83794667827678,0.0,964.961,0.33667586325046195,-0.1981561992668257,0.3515760816656013,1.0029779630732578,0.12026961963997188,Smooth
4,PREPARED FOODS,1679,99.71808730997624,91.551502,37.41822228527779,0.0,287.165,0.8383305636827157,0.9308816520973124,0.37524007223069816,1.0029779630732578,0.13741792323351643,Smooth
4,PRODUCE,1559,1567.451428800475,1863.5525,1396.6069539419595,0.0,4730.112,0.1387244649878605,-1.3395418319029972,0.8910049321335917,1.0801796023091725,0.6607328866899888,Erratic
4,SCHOOL AND OFFICE SUPPLIES,240,0.20783847980997625,0.0,0.687199095051077,0.0,16.0,9.377914771177958,173.0866078034647,3.306409344280058,7.016666666666667,0.7005714276106452,Lumpy
4,SEAFOOD,1679,32.702539016033256,31.073999999999998,11.908776423975574,0.0,81.924,0.6415897946731122,0.556625372218071,0.36415449019945634,1.0029779630732578,0.1292456409133542,Smooth
40,AUTOMOTIVE,1570,3.836104513064133,3.0,2.6704111132965345,0.0,17.0,0.911988638745917,0.9417982483099938,0.6961257451422737,1.0726114649681529,0.3840902335929836,Smooth
40,BABY CARE,249,0.29394299287410924,0.0,0.9103189838359602,0.0,12.0,4.851928351940408,34.213000220439916,3.0969235627566416,6.763052208835341,0.5659993872481399,Lumpy
40,BEAUTY,1015,1.2013064133016627,1.0,1.3974776067813417,0.0,8.0,1.4911165352044744,2.4855381574867046,1.163298214464056,1.6591133004926109,0.4183857947694002,Intermittent
40,BEVERAGES,1679,2306.4922802850356,2416.0,1451.0717050410742,0.0,8513.0,0.507199895127996,0.003977290817670287,0.62912489126611,1.0029779630732578,0.3916538350789753,Smooth
40,BOOKS,0,0.0,0.0,0.0,0.0,0.0,,,0.0,,,No Sales
40,BREAD/BAKERY,1679,363.6318289786223,356.0,113.91566069580479,0.0,2585.0,4.508921109897779,85.03955057175155,0.3132719735108462,1.0029779630732578,0.09487882068969218,Smooth
40,CELEBRATION,982,5.580166270783848,3.0,9.1654163042036,0.0,103.0,4.1516326715674285,27.72020431774869,1.6424987818998504,1.7148676171079429,1.1563193637834137,Lumpy
40,CLEANING,1679,1379.8990498812352,1337.0,546.8459405382679,0.0,6363.0,2.155791585393381,13.625588550974602,0.39629416411652535,1.0029779630732578,0.15361364567519334,Smooth
40,DAIRY,1679,466.34619952494063,483.5,203.9564091766332,0.0,1312.0,-0.1336248087928693,-0.4190991668723125,0.43734978302377714,1.0029779630732578,0.18773779342143831,Smooth
40,DELI,1679,249.14500950118764,253.0,82.31041255426818,0.0,983.0,0.44537698127850434,3.4575469784256034,0.33037150821817063,1.0029779630732578,0.10585214658536106,Smooth
40,EGGS,1679,141.666864608076,136.0,54.38920241279912,0.0,448.0,1.0694740454768565,2.6633883638432563,0.38392324530428434,1.0029779630732578,0.14399029742313038,Smooth
40,FROZEN FOODS,1678,70.48955167636579,48.490499,135.20012870084057,0.0,2297.539,8.871648381231521,97.74192840004677,1.9180165781115806,1.0035756853396902,3.6621173293249463,Erratic
40,GROCERY I,1679,4318.824785035629,4270.5,1423.5180336060675,0.0,17114.078,0.7494601968593435,4.071462403269389,0.32960772998666443,1.0029779630732578,0.10534956547792848,Smooth
40,GROCERY II,1646,8.843230403800476,8.0,6.658385174157219,0.0,69.0,2.6805985525600953,14.023219075243539,0.7529358468985236,1.023086269744836,0.531554509028443,Erratic
40,HARDWARE,898,1.0653206650831355,1.0,1.4148043868299893,0.0,12.0,2.040866087667839,6.472968452797639,1.3280549527231087,1.8752783964365256,0.47377048929153776,Intermittent
40,HOME AND KITCHEN I,1166,21.26187648456057,20.0,21.886062014283368,0.0,209.0,2.118660222061379,9.549789401537533,1.0293570291947984,1.444253859348199,0.426048391895476,Intermittent
40,HOME AND KITCHEN II,1166,15.787410926365796,16.0,14.152417122132723,0.0,108.0,0.830254488556691,1.5964082643305435,0.8964368627157867,1.444253859348199,0.24881026782921706,Intermittent
40,HOME APPLIANCES,318,0.21912114014251782,0.0,0.493511521552069,0.0,5.0,2.626680922416368,9.603214861517182,2.252231432251833,5.29559748427673,0.1467160197528521,Intermittent
40,HOME CARE,1044,211.32363420427552,261.0,183.40511507254524,0.0,1196.0,0.25341480170448616,-0.1355972502239844,0.8678873792904263,1.6130268199233717,0.08691838318050951,Intermittent
40,LADIESWEAR,0,0.0,0.0,0.0,0.0,0.0,,,0.0,,,No Sales
40,LAWN AND GARDEN,132,0.1377672209026128,0.0,0.8140825551634753,0.0,17.0,12.792222547676461,205.0812155488284,5.909116435104916,12.757575757575758,1.8153983332493033,Lumpy
40,LINGERIE,1579,8.03206650831354,7.0,6.269116532282608,0.0,59.0,1.6683462733879642,6.20042871518884,0.7805110334947162,1.0664977834072198,0.5088615264543271,Erratic
40,"LIQUOR,WINE,BEER",1498,69.40914489311164,34.0,102.33346096114124,0.0,1682.0,5.266592345143274,55.70540306191337,1.4743512705315398,1.124165554072096,1.8231710689158223,Erratic
40,MAGAZINES,682,0.9293349168646081,0.0,1.4763758941889875,0.0,11.0,1.9663045092577807,4.469931215345132,1.58863706270862,2.469208211143695,0.42708407724415715,Intermittent
40,MEATS,1679,112.07384544536818,115.5375,37.80414148097026,0.0,243.157,-0.2736563009543713,0.014170367160063257,0.3373145744254939,1.0029779630732578,0.11047417104473319,Smooth
40,PERSONAL CARE,1679,284.33847980997626,273.5,124.39725717610669,0.0,1626.0,2.952977951464673,24.586101874550334,0.4374970888878777,1.0029779630732578,0.18786628086500834,Smooth
40,PET SUPPLIES,760,1.1377672209026128,0.0,1.765336261689333,0.0,16.0,2.2540295870875706,7.2391630793666035,1.551579468722326,2.2157894736842105,0.5377809541542841,Lumpy
40,PLAYERS AND ELECTRONICS,1003,4.157957244655582,3.0,4.570637424745128,0.0,30.0,1.0303219403568684,0.8134329958601021,1.099250702859134,1.678963110667996,0.3153071048042501,Intermittent
40,POULTRY,1679,150.6689547891924,150.0355,74.50309194766268,0.0,1729.643,6.927406681801867,127.33614109990094,0.4944820387943141,1.0029779630732578,0.24081737835682723,Smooth
40,PREPARED FOODS,1679,49.34085510688836,47.0,19.827886938764824,0.0,175.0,0.9932805826939719,2.382874461636624,0.4018553568925652,1.0029779630732578,0.15803913009657541,Smooth
40,PRODUCE,1016,672.6015388064134,840.7185,612.786846004334,0.0,2662.7969,0.35778792665776027,-0.5988916284840227,0.911069646214107,1.6574803149606299,0.10411441013000852,Intermittent
40,SCHOOL AND OFFICE SUPPLIES,129,2.005938242280285,0.0,10.71588218524553,0.0,159.0,7.192687898415458,64.0230590868006,5.342079807861873,13.054263565891473,1.2626949847969295,Lumpy
40,SEAFOOD,1246,3.1051068883610453,2.0,3.407968523054911,0.0,39.0,2.1164976646643354,10.441000028551025,1.0975366209554824,1.3515248796147672,0.631184647770667,Lumpy
41,AUTOMOTIVE,1624,4.827197149643705,4.0,3.2437327082771814,0.0,20.0,0.9788855051035662,0.9896698191170032,0.6719702152303082,1.0369458128078817,0.3998262515256682,Smooth
41,BABY CARE,27,0.028503562945368172,0.0,0.26090449852527614,0.0,4.0,11.306647368643437,142.18359181316708,9.153399168796684,62.370370370370374,0.3593749995957032,Intermittent
41,BEAUTY,1577,4.330760095011876,4.0,3.2382407971397567,0.0,21.0,1.1857932524781214,1.8156111105833777,0.7477303580315607,1.067850348763475,0.46003668976006495,Smooth
41,BEVERAGES,1679,1518.6003562945368,1431.0,942.4922859364708,0.0,11371.0,1.741269057386562,9.461909852579584,0.6206322038772465,1.0029779630732578,0.38107155240494467,Smooth
41,BOOKS,40,0.030285035629453682,0.0,0.21167730670791682,0.0,3.0,8.395689513129705,82.28323931662527,6.989501425996305,42.1,0.18415993819631973,Intermittent
41,BREAD/BAKERY,1679,416.9028300771971,408.7125,186.10208043693137,0.0,4551.298,6.8800944243390125,143.5548446894512,0.4463919815608467,1.0029779630732578,0.19570503575883805,Smooth
41,CELEBRATION,1013,7.275534441805226,6.0,7.933143740503105,0.0,51.0,1.1312150913133148,1.4645157226368317,1.0903863905624402,1.6623889437314907,0.31674509098341713,Intermittent
41,CLEANING,1679,865.8485748218527,790.0,385.94985735336206,0.0,6886.0,4.4686375596011585,48.28046811050483,0.4457475228071202,1.0029779630732578,0.195131795733322,Smooth
41,DAIRY,1679,554.8794536817102,536.0,230.6203764499265,0.0,1485.0,0.5303167201041593,0.4079801071093083,0.41562248326066026,1.0029779630732578,0.16926003538336243,Smooth
41,DELI,1679,194.85765002850357,183.6325,64.29406548246205,0.0,490.595,0.8842746965322638,1.1862390941250016,0.3299540227069721,1.0029779630732578,0.10557728875998705,Smooth
41,EGGS,1679,117.33313539192399,111.0,39.03935610187048,0.0,289.0,0.8941284756483067,1.152135138982353,0.3327223462591014,1.0029779630732578,0.10740634449920747,Smooth
41,FROZEN FOODS,1679,179.36167208491688,126.8325,292.3079118614522,0.0,4253.371,8.412818259207333,87.35363353573096,1.6297122370794606,1.0029779630732578,2.645106981697093,Erratic
41,GROCERY I,1679,2905.5581947743467,2671.5,1129.2928208028825,0.0,11044.0,1.2497655489659356,3.283256927342757,0.3886663921698521,1.0029779630732578,0.1476439231778591,Smooth
41,GROCERY II,1678,22.700712589073635,21.0,12.650546145601897,0.0,191.0,2.8421838273613678,22.69648251882648,0.557275287963146,1.0035756853396902,0.3058863080478299,Smooth
41,HARDWARE,782,0.7695961995249406,0.0,1.0696091493775248,0.0,8.0,1.7927233610178246,4.116694924669074,1.3898316398235149,2.153452685421995,0.36136354932766557,Intermittent
41,HOME AND KITCHEN I,1165,16.836104513064132,14.0,20.499069627888712,0.0,338.0,4.68251158310449,51.87741899756929,1.2175660712229899,1.4454935622317597,0.7173837385006997,Lumpy
41,HOME AND KITCHEN II,1166,19.395486935866984,15.0,27.116321588608955,0.0,380.0,4.857632913160817,39.27233710472133,1.3980737723612493,1.444253859348199,1.0457693458347868,Lumpy
41,HOME APPLIANCES,380,0.3171021377672209,0.0,0.6694324618076088,0.0,4.0,2.4037746500884585,6.128803103125275,2.1110941238369487,4.431578947368421,0.2313260106963159,Intermittent
41,HOME CARE,1044,143.0332541567696,162.0,131.41512379153485,0.0,1436.0,0.8334306868894648,4.462854878789704,0.9187732221108553,1.6130268199233717,0.14328181707813809,Intermittent
41,LADIESWEAR,995,8.032660332541568,4.0,10.602267596877091,0.0,64.0,1.832157358450036,3.811165952612126,1.3198949235542485,1.692462311557789,0.6201971475392506,Lumpy
41,LAWN AND GARDEN,1581,9.65083135391924,7.0,12.601339540549413,0.0,249.0,8.096417385493378,119.36956564014837,1.3057258050754594,1.0651486401012018,1.5394764413511741,Erratic
41,LINGERIE,1651,8.779691211401426,8.0,6.052191130644069,0.0,41.0,1.2279825333286518,2.1202580356619256,0.689339862214661,1.0199878861296183,0.44628133893077304,Smooth
41,"LIQUOR,WINE,BEER",1498,70.64014251781472,49.0,78.55544786059248,0.0,1218.0,4.185592540847965,36.66327596376639,1.1120510953056124,1.124165554072096,0.9896158803972417,Erratic
41,MAGAZINES,1012,5.573040380047506,3.0,6.570918439677003,0.0,36.0,1.226458019828494,1.1890341250607914,1.179054517893505,1.6640316205533596,0.43637267885122555,Intermittent
41,MEATS,1679,171.86332550653208,159.9065,57.76817058938383,0.0,494.545,0.9640123881359031,1.5471684584030907,0.3361285510959817,1.0029779630732578,0.10967782328097851,Smooth
41,PERSONAL CARE,1679,260.4388361045131,226.0,174.12989100973846,0.0,3304.0,7.807111002979207,115.88383283487478,0.6686018629694391,1.0029779630732578,0.44273204840149255,Smooth
41,PET SUPPLIES,1004,4.568289786223278,3.0,5.230503141039397,0.0,31.0,1.1772437840724075,1.102795508457942,1.1449587011025912,1.6772908366533865,0.3777756231292307,Intermittent
41,PLAYERS AND ELECTRONICS,1000,4.621733966745843,3.0,5.324396218645058,0.0,55.0,1.5242069432779473,5.381653062767683,1.1520343351224787,1.684,0.3819377136045934,Intermittent
41,POULTRY,1679,158.1133317351544,157.0235,61.27031636795653,0.0,806.805,1.3850505839916039,9.808897142747117,0.3875088564334287,1.0029779630732578,0.14674814019854832,Smooth
41,PREPARED FOODS,1679,59.51732482304038,57.094,19.363366944599605,0.0,164.307,0.6340209132810705,0.9375259741266371,0.3253400081715082,1.0029779630732578,0.1025627298217877,Smooth
41,PRODUCE,1574,1158.9716720902613,1452.6375,1008.5543427246025,0.0,3785.668,0.017765992324995122,-1.4396559755067542,0.8702148352813109,1.0698856416772553,0.6424875623052628,Erratic
41,SCHOOL AND OFFICE SUPPLIES,384,0.5647268408551069,0.0,4.3421062222813145,0.0,138.0,27.153570558230445,791.8370401027902,7.68886105717528,4.385416666666667,12.708750864625243,Lumpy
41,SEAFOOD,1656,7.820233193824228,7.156000000000001,4.428339199229991,0.0,33.0,0.9136111102378216,1.4381166635239246,0.5662668988133064,1.0169082125603865,0.2986995132747356,Smooth
42,AUTOMOTIVE,671,1.678147268408551,0.0,2.6888919716714432,0.0,17.0,1.8609856834196676,3.5578014584360975,1.6022979750872048,2.5096870342771984,0.4214357227826472,Intermittent
42,BABY CARE,17,0.014251781472684086,0.0,0.15728160827653057,0.0,3.0,13.463616324318997,207.49724367637722,11.035925406382463,99.05882352941177,0.23958333299392354,Intermittent
42,BEAUTY,708,2.365795724465558,0.0,3.5897609268189,0.0,26.0,1.7235066117169395,3.2366787537730444,1.5173587846907117,2.378531073446328,0.388410569852757,Intermittent
42,BEVERAGES,722,1109.9940617577197,0.0,1389.479459158418,0.0,5818.0,0.7901001983188694,-0.6447007293858995,1.2517899933238115,2.332409972299169,0.10056903283511326,Intermittent
42,BOOKS,120,0.17992874109263657,0.0,0.8251112324959902,0.0,10.0,6.252106672958044,46.637653808650555,4.585766692411935,14.033333333333333,0.5697807399989713,Lumpy
42,BREAD/BAKERY,722,226.38560213776722,0.0,275.5116185247462,0.0,1050.002,0.6150361822249681,-1.1479757705848834,1.2170015050509542,2.332409972299169,0.0637463793996202,Intermittent
42,CELEBRATION,721,5.183491686460807,0.0,7.627160379628955,0.0,82.0,1.978477774279182,7.746797053338723,1.4714329335338834,2.335644937586685,0.3551352894660697,Intermittent
42,CLEANING,722,361.30106888361047,0.0,454.13597869856255,0.0,4296.0,1.0438213236476634,2.32331203931947,1.2569461255693128,2.332409972299169,0.10611495973356673,Intermittent
42,DAIRY,722,369.93705463182897,0.0,450.595245880743,0.0,2132.0,0.6278396537574639,-1.06998606666856,1.2180322036892712,2.332409972299169,0.06482242775853232,Intermittent
42,DELI,722,68.15505285866985,0.0,84.3065254976001,0.0,346.452,0.702782818331554,-0.9257537721331031,1.236981294273014,2.332409972299169,0.08476758051659829,Intermittent
42,EGGS,722,56.55760095011876,0.0,69.72237707528629,0.0,295.0,0.6888239812511834,-0.9497311257742895,1.232767583892844,2.332409972299169,0.08030575493728287,Intermittent
42,FROZEN FOODS,722,70.70755465795725,0.0,135.68195544521055,0.0,1792.702,6.075012546831094,54.56162374564513,1.9189173787672817,2.332409972299169,1.0074703685112616,Lumpy
42,GROCERY I,722,1387.9486763657958,0.0,1722.4250014035688,0.0,13494.0,0.8448911096623554,0.3767231072220092,1.240986090287088,2.332409972299169,0.08902230159146413,Intermittent
42,GROCERY II,722,12.277909738717339,0.0,19.275689867261203,0.0,417.0,6.36510494133675,115.16577131579427,1.5699488166871771,2.332409972299169,0.48547610775498357,Intermittent
42,HARDWARE,437,0.4809976247030879,0.0,0.9833506888142742,0.0,8.0,2.5559806405435026,7.92886886128519,2.0443982179265077,3.8535469107551488,0.3441030327029351,Intermittent
42,HOME AND KITCHEN I,722,9.163895486935868,0.0,15.247225611998605,0.0,195.0,3.882666744044893,31.908228315518997,1.6638366982765518,2.332409972299169,0.6156475935862142,Lumpy
42,HOME AND KITCHEN II,722,11.76959619952494,0.0,35.365420220080566,0.0,690.0,9.746205250858614,133.89705223556695,3.0048116874649633,2.332409972299169,3.2997986619880626,Lumpy
42,HOME APPLIANCES,146,0.11104513064133016,0.0,0.39910422305594245,0.0,4.0,4.3654385261502995,22.589316252889432,3.59407222231973,11.534246575342467,0.20661156992531043,Intermittent
42,HOME CARE,722,93.55106888361045,0.0,119.05725435592733,0.0,555.0,0.8960991468166515,-0.28221468769301383,1.2726445114462261,2.332409972299169,0.12314047858572101,Intermittent
42,LADIESWEAR,722,8.118171021377671,0.0,12.427592757166314,0.0,78.0,1.8045803768116813,3.22895560657631,1.5308365299166224,2.332409972299169,0.43347890015317486,Intermittent
42,LAWN AND GARDEN,719,11.252969121140142,0.0,17.29577535421756,0.0,192.0,2.289378447386554,10.260730973649485,1.5369966065390013,2.3421418636995828,0.4355913367022788,Intermittent
42,LINGERIE,665,1.9685273159144894,0.0,3.4221345268067163,0.0,32.0,2.5326345501124394,9.530715873100247,1.7384236923725502,2.532330827067669,0.5883062724993061,Lumpy
42,"LIQUOR,WINE,BEER",680,34.415083135391924,0.0,52.33338484345926,0.0,412.0,1.816098306395939,4.122701322636531,1.5206525765477459,2.476470588235294,0.33754233723261484,Intermittent
42,MAGAZINES,701,3.7672209026128267,0.0,5.488421768757582,0.0,38.0,1.439718068156015,1.745000980923952,1.4568887541195408,2.4022824536376604,0.29981586391698734,Intermittent
42,MEATS,722,92.23986400712589,0.0,112.36351915944354,0.0,411.872,0.6093264366813169,-1.1918594464907113,1.2181665743733625,2.332409972299169,0.06496277774990424,Intermittent
42,PERSONAL CARE,722,101.43289786223278,0.0,133.17670252667293,0.0,735.0,1.1001329183590456,0.5096698735700955,1.3129537391926036,2.332409972299169,0.16782536245353646,Intermittent
42,PET SUPPLIES,716,3.0878859857482186,0.0,4.342451396333477,0.0,20.0,1.2879439235803827,0.8493938877833207,1.4062861825110362,2.35195530726257,0.26602781057762764,Intermittent
42,PLAYERS AND ELECTRONICS,715,3.6704275534441804,0.0,5.379984419937083,0.0,32.0,1.5392321969215335,2.095429734014119,1.4657650478410773,2.355244755244755,0.33678980473201153,Intermittent
42,POULTRY,722,102.22043106294537,0.0,124.1557152498106,0.0,494.01102,0.5924566893053766,-1.2322274914907227,1.2145880618732992,2.332409972299169,0.061230310910073436,Intermittent
42,PREPARED FOODS,722,34.51322565736342,0.0,42.83915972164868,0.0,159.36,0.7124018877713413,-0.9258168478516953,1.2412389425926544,2.332409972299169,0.08929139510931319,Intermittent
42,PRODUCE,722,1119.303726365796,0.0,1351.75639592982,0.0,5182.967,0.557930052029052,-1.3265612442236945,1.207676133016687,2.332409972299169,0.05405210552980273,Intermittent
42,SCHOOL AND OFFICE SUPPLIES,263,0.24406175771971497,0.0,0.687818428773416,0.0,8.0,4.141026016045461,24.537091908958732,2.8182146698505086,6.403041825095057,0.3965759136771972,Intermittent
42,SEAFOOD,722,8.2164162706057,0.0,10.57381583695339,0.0,55.108,0.9340063113341991,-0.13217183891759943,1.2869133558257502,2.332409972299169,0.13879893214216876,Intermittent
43,AUTOMOTIVE,1592,5.962589073634204,5.0,4.252052956141111,0.0,28.0,1.0557656379906308,1.3998063803107188,0.7131219178309665,1.0577889447236182,0.42612841365317483,Smooth
43,BABY CARE,52,0.04513064133016627,0.0,0.290966600326033,0.0,5.0,8.59487647037604,93.09503502598183,6.44720715910451,32.38461538461539,0.3144044317027264,Intermittent
43,BEAUTY,960,1.1959619952494063,1.0,1.622535138013991,0.0,12.0,2.414355535251681,8.368497754781194,1.3566778401841684,1.7541666666666667,0.6193300317847376,Lumpy
43,BEVERAGES,1675,2972.4055819477435,2838.0,1276.7857305183602,0.0,7910.0,0.573069406366177,0.5108903034153642,0.42954626995461526,1.0053731343283583,0.17817948141536735,Smooth
43,BOOKS,0,0.0,0.0,0.0,0.0,0.0,,,0.0,,,No Sales
43,BREAD/BAKERY,1675,303.8402612826603,256.0,146.3479812277331,0.0,994.0,1.5165957454367156,2.3868093664167596,0.4816609247551463,1.0053731343283583,0.22541293811184301,Smooth
43,CELEBRATION,991,5.383016627078385,4.0,6.58075878218973,0.0,65.0,1.8126650441890726,6.445866091156088,1.2225038926805083,1.6992936427850656,0.4679721651356253,Intermittent
43,CLEANING,1675,1011.4774346793349,965.0,308.99433088923354,0.0,2255.0,0.5326929588748502,0.9020623964186973,0.30548811104904916,1.0053731343283583,0.08747981088904339,Smooth
43,DAIRY,1675,353.7814726840855,320.5,215.01564266956382,0.0,1362.0,0.944098001870071,1.4225150056872558,0.6077639991649804,1.0053731343283583,0.3620585551014023,Smooth
43,DELI,1674,233.44691212589075,231.0,97.59635794615755,0.0,620.17,0.3951554774395463,-0.023619570340481122,0.4180666047666922,1.005973715651135,0.16780355961965832,Smooth
43,EGGS,1674,140.33372921615202,121.0,86.94406167165576,0.0,722.0,1.4690014204127178,3.695992405328121,0.6195521358740405,1.005973715651135,0.375627243074123,Smooth
43,FROZEN FOODS,1674,50.93647097957245,37.419,73.08033382839108,0.0,1086.488,7.233948451506178,66.5468689194368,1.434734924142359,1.005973715651135,2.040302400520321,Erratic
43,GROCERY I,1675,3297.0727250593827,3147.0,1084.8641873428523,0.0,9276.0,0.8738351925751859,2.1614623778221844,0.32903859811675346,1.0053731343283583,0.10234336010084641,Smooth
43,GROCERY II,1418,4.290380047505939,3.0,5.546874542950413,0.0,102.0,6.032665167966466,72.69470766297981,1.29286321496904,1.1875881523272214,1.2495132572530951,Erratic
43,HARDWARE,950,1.1912114014251782,1.0,1.5412826522791983,0.0,13.0,2.236442757727146,8.207071071783698,1.2938783570584638,1.7726315789473683,0.5085600621022461,Lumpy
43,HOME AND KITCHEN I,1159,14.652019002375297,11.0,16.67130329055934,0.0,126.0,2.0740859700717342,7.212812979753945,1.1378161116716319,1.45297670405522,0.5792582893262906,Lumpy
43,HOME AND KITCHEN II,1152,9.829572446555819,9.0,9.104307380648518,0.0,50.0,0.6805485316042871,0.02729893481199097,0.9262160108410775,1.4618055555555556,0.27094611988370715,Intermittent
43,HOME APPLIANCES,204,0.13717339667458434,0.0,0.3954258546341725,0.0,3.0,3.2682707082561206,12.592096861490267,2.8826715772706817,8.254901960784315,0.12778995873308316,Intermittent
43,HOME CARE,1039,137.4851543942993,170.0,117.85839521880052,0.0,519.0,0.029768470833109222,-1.2814918862084008,0.8572445202333074,1.620789220404235,0.07038481354596672,Intermittent
43,LADIESWEAR,0,0.0,0.0,0.0,0.0,0.0,,,0.0,,,No Sales
43,LAWN AND GARDEN,238,1.0089073634204275,0.0,3.4309325745467403,0.0,49.0,5.9642966484416755,55.565517010452666,3.400641818605079,7.07563025210084,0.7757237662471029,Lumpy
43,LINGERIE,1205,3.48812351543943,2.0,4.2519216327964315,0.0,36.0,2.102359005923985,6.608639674629067,1.2189710635983049,1.3975103734439833,0.7787992858824052,Lumpy
43,"LIQUOR,WINE,BEER",1492,90.541567695962,53.5,129.88830413103557,0.0,1744.0,4.716541796927222,37.68549247574722,1.4345709648607485,1.128686327077748,1.7093389721009307,Erratic
43,MAGAZINES,648,1.1633016627078385,0.0,2.418762276817413,0.0,29.0,4.120756146344901,25.545785202884637,2.079221883950543,2.5987654320987654,1.0483432566016817,Lumpy
43,MEATS,1674,147.98778914014252,145.904,45.39539102676766,0.0,353.515,0.22261947772013185,1.0357832642125517,0.3067509237770426,1.005973715651135,0.0875991213448186,Smooth
43,PERSONAL CARE,1674,220.78859857482186,210.0,79.8772764929817,0.0,766.0,0.9589759408265615,2.35017054344416,0.3617817088754732,1.005973715651135,0.12417052978857568,Smooth
43,PET SUPPLIES,426,0.671021377672209,0.0,1.5260497036074179,0.0,14.0,3.000356255460622,10.79238497915547,2.274219200924873,3.9530516431924885,0.561343879285426,Lumpy
43,PLAYERS AND ELECTRONICS,914,2.6870546318289787,1.0,3.4697605959510938,0.0,20.0,1.4614954802804372,2.042082919617404,1.291287699758478,1.8424507658643325,0.44775859082671593,Intermittent
43,POULTRY,1674,169.4021885391924,153.852,299.7974162589749,0.0,12143.201,37.84201316532166,1508.0494206443968,1.7697375626752598,1.005973715651135,3.107434395609,Erratic
43,PREPARED FOODS,1674,59.88889371021378,54.0,31.70281716009148,0.0,252.804,1.8579944800272896,5.974826797972598,0.5293605407534077,1.005973715651135,0.2726203102417507,Smooth
43,PRODUCE,1012,490.21526504750597,516.164985,494.9935215452289,0.0,2884.438,0.8951107700227204,0.7205058007860643,1.0097472617386773,1.6640316205533596,0.21367256946742855,Intermittent
43,SCHOOL AND OFFICE SUPPLIES,324,1.7315914489311164,0.0,7.175136840415778,0.0,108.0,7.673630882204999,75.19278246067762,4.143666129040548,5.197530864197531,2.49588477310791,Lumpy
43,SEAFOOD,611,0.7428741092636579,0.0,1.3549558216740276,0.0,11.0,2.7315063919677636,9.570438711335207,1.8239373306375317,2.756137479541735,0.5698590602362834,Lumpy
44,AUTOMOTIVE,1679,18.871733966745843,17.0,9.728325519888443,0.0,89.0,1.0706800056870849,2.80421495437722,0.5154971735249856,1.0029779630732578,0.2619792084307214,Smooth
44,BABY CARE,0,0.0,0.0,0.0,0.0,0.0,,,0.0,,,No Sales
44,BEAUTY,1670,11.652019002375297,10.0,8.314058263401806,0.0,136.0,3.124106632019386,31.811846083766767,0.7135294115975465,1.0083832335329341,0.4965780578576092,Erratic
44,BEVERAGES,1679,7967.849762470309,7585.5,3883.9174940194466,0.0,25413.0,0.9162288099404056,0.6846572994934923,0.4874486354289404,1.0029779630732578,0.233931569532542,Smooth
44,BOOKS,166,0.31353919239904987,0.0,1.706570247875623,0.0,51.0,17.7907532642271,474.27895965516973,5.442924788364893,10.144578313253012,2.018896348592802,Lumpy
44,BREAD/BAKERY,1679,1385.4265311579575,1295.9165,481.81269954568756,0.0,3361.502,0.8903923043789426,0.929960909101557,0.347772103904084,1.0029779630732578,0.11761721346215018,Smooth
44,CELEBRATION,1016,22.430522565320665,19.0,38.5952785866433,0.0,919.0,13.443332724401996,280.97599987839044,1.7206589134304857,1.6574803149606299,1.3895711223586646,Lumpy
44,CLEANING,1679,2558.3491686460807,2408.5,677.5165347084504,0.0,5869.0,0.7100891323217441,1.1861665250489466,0.26482567079252056,1.0029779630732578,0.06695528247867202,Smooth
44,DAIRY,1679,2540.352731591449,2369.0,851.6970457655102,0.0,5636.0,0.6639833896183862,0.1985276602472612,0.33526723874743736,1.0029779630732578,0.10910125878417064,Smooth
44,DELI,1679,596.6116615023752,529.6565,208.24706413766776,0.0,1368.412,0.8149033636772237,0.11397631500767424,0.3490496039130634,1.0029779630732578,0.11850476011898006,Smooth
44,EGGS,1679,648.375296912114,588.0,205.1400755609661,0.0,1375.0,0.7404408350753494,0.17909324301766594,0.3163909490963473,1.0029779630732578,0.09683689290563756,Smooth
44,FROZEN FOODS,1679,606.3506477019002,468.03650000000005,658.0035796651897,0.0,10092.619,7.124491035590054,64.55862654120362,1.0851865701108288,1.0029779630732578,1.1711642450013342,Erratic
44,GROCERY I,1679,9730.436483372921,8804.0,3575.0241489591285,0.0,46271.0,1.8629830966898593,9.824374024406694,0.36740634966043456,1.0029779630732578,0.1316175106111542,Smooth
44,GROCERY II,1679,81.52019002375297,76.0,32.72298176138316,0.0,369.0,1.753974742539681,8.891339465705249,0.40140953733605234,1.0029779630732578,0.15768208217314422,Smooth
44,HARDWARE,1553,4.176959619952494,3.0,3.28742529996995,0.0,31.0,1.49655635693979,4.571804041600956,0.7870378452977004,1.0843528654217642,0.4934516444158444,Erratic
44,HOME AND KITCHEN I,1166,80.06057007125891,70.0,102.94467249413358,0.0,1935.0,7.384309323458767,107.85471634926793,1.2858348672913589,1.444253859348199,0.8371917712306197,Lumpy
44,HOME AND KITCHEN II,1166,60.37885985748218,38.0,81.98214816182478,0.0,1568.0,6.4985622868195705,92.26071236599678,1.357795565434277,1.444253859348199,0.9689120296519759,Lumpy
44,HOME APPLIANCES,1117,1.9097387173396674,2.0,1.9899212025954627,0.0,11.0,1.1588282968572603,1.327961740592091,1.0419861018084746,1.5076096687555953,0.3834715180747511,Intermittent
44,HOME CARE,1044,399.14904988123516,436.5,375.6404883365471,0.0,2214.0,0.6712963828638584,0.3801193815195587,0.9411033007528791,1.6130268199233717,0.1690291812885888,Intermittent
44,LADIESWEAR,1016,19.86104513064133,18.0,20.778887463682146,0.0,100.0,0.8918735770580921,0.28442700346619887,1.0462131940165913,1.6574803149606299,0.26370251791968774,Intermittent
44,LAWN AND GARDEN,1624,12.958432304038006,10.0,12.433459241346506,0.0,147.0,2.731263751701569,15.826966449090442,0.9594879186514407,1.0369458128078817,0.8521865292535532,Erratic
44,LINGERIE,1678,19.28087885985748,16.0,13.954629236828332,0.0,216.0,3.6700670710361276,31.391590001968815,0.7237548317964861,1.0035756853396902,0.5183917653739691,Erratic
44,"LIQUOR,WINE,BEER",1498,328.9204275534442,267.5,223.2428155918044,0.0,1591.0,0.982205114636007,1.5566983129469163,0.6787137462140517,1.124165554072096,0.2993213891049514,Smooth
44,MAGAZINES,1060,11.431116389548693,6.0,13.862169540132422,0.0,74.0,1.3555298854344746,1.6560499406758344,1.2126697923917331,1.588679245283019,0.5551081395914212,Lumpy
44,MEATS,1679,971.8592716270782,868.4280000000001,310.8476949518873,0.0,2093.967,0.562379508073188,-0.2984725267013353,0.3198484636887283,1.0029779630732578,0.09903016846595844,Smooth
44,PERSONAL CARE,1679,559.1692399049881,472.5,291.18617756331656,0.0,3223.0,2.0681783850511986,8.266502992985979,0.5207478465951974,1.0029779630732578,0.267404037311537,Smooth
44,PET SUPPLIES,1010,20.27731591448931,19.0,21.180755470399838,0.0,106.0,0.9146295775991411,0.48456038530367884,1.0445541983305795,1.6673267326732673,0.2541593872125383,Intermittent
44,PLAYERS AND ELECTRONICS,1016,26.31650831353919,27.0,25.8622825939102,0.0,156.0,0.717109998402573,0.2586702300000461,0.9827398940923313,1.6574803149606299,0.18600364767925512,Intermittent
44,POULTRY,1679,1239.2776874584324,1155.8159999999998,497.15227735993074,0.0,2920.308,0.24622274098769154,-0.45211584784350656,0.4011629374035712,1.0029779630732578,0.15748475548656918,Smooth
44,PREPARED FOODS,1679,470.9095360866983,448.4695,122.67300438266815,0.0,892.568,0.4849584647892067,0.40951736083389223,0.26050227269091136,1.0029779630732578,0.06469082411848208,Smooth
44,PRODUCE,1603,6333.763942042756,7674.4205,5569.184157121997,0.0,17850.615,0.05247728892409079,-1.4665609614541166,0.8792850835746417,1.0505302557704304,0.6878545367515544,Erratic
44,SCHOOL AND OFFICE SUPPLIES,1010,17.54334916864608,5.0,56.15409657945539,0.0,740.0,7.127682726787928,63.80493324038186,3.2008766419934536,1.6673267326732673,5.744695600089151,Lumpy
44,SEAFOOD,1679,123.30916190558196,117.5955,39.3921920920045,0.0,274.44,0.42575545617110266,-0.02452621216411366,0.3194587610760643,1.0029779630732578,0.09878176849615651,Smooth
45,AUTOMOTIVE,1678,15.67874109263658,14.0,7.876993731375625,0.0,57.0,0.8717301674245268,0.9128155991672373,0.5023996304507257,1.0035756853396902,0.24794313669893367,Smooth
45,BABY CARE,0,0.0,0.0,0.0,0.0,0.0,,,0.0,,,No Sales
45,BEAUTY,1674,9.96496437054632,9.0,6.419191316688631,0.0,58.0,1.651151631612238,5.139793174586531,0.6441760429187093,1.005973715651135,0.4065603825008814,Smooth
45,BEVERAGES,1679,6751.990498812352,6249.5,3812.240719881554,0.0,22170.0,0.8549379966433575,0.435867919467785,0.5646099058568799,1.0029779630732578,0.31486871531133664,Smooth
45,BOOKS,170,0.34382422802850354,0.0,1.388775364929424,0.0,20.0,6.451060440245618,55.743493387274924,4.039201567770526,9.905882352941177,0.7479663879201985,Lumpy
45,BREAD/BAKERY,1679,1136.906542131829,1084.5915,379.65208085679865,0.0,3606.892,0.8039446234250872,1.4676877150330618,0.3339342916829152,1.0029779630732578,0.10821189705500123,Smooth
45,CELEBRATION,1015,23.078978622327792,23.0,24.075624319375688,0.0,322.0,1.8187963656903927,14.032746510422001,1.0431841335924852,1.6591133004926109,0.2586440817700476,Intermittent
45,CLEANING,1679,2504.7060570071258,2305.5,801.514631168742,0.0,6210.0,0.7643640001116506,0.5593963658042491,0.32000347063725,1.0029779630732578,0.09912905547992386,Smooth
45,DAIRY,1679,2108.1187648456057,2002.0,812.1958931149392,0.0,4934.0,0.5342620121337683,0.04130667428826129,0.3852704632483253,1.0029779630732578,0.14502349217387586,Smooth
45,DELI,1679,643.1928830760095,591.7255,239.6716133759897,0.0,1754.576,0.8067948291923818,0.428346285400413,0.372627900093375,1.0029779630732578,0.13547016370969514,Smooth
45,EGGS,1679,413.48871733966746,379.0,140.7968094779224,0.0,905.0,0.8093581601429631,0.3263717379411135,0.34050943489691865,1.0029779630732578,0.11263329438906697,Smooth
45,FROZEN FOODS,1679,521.1901900290975,363.7125,700.5615416413095,0.0,7808.414,6.231357738490466,45.10074646414375,1.3441571906809178,1.0029779630732578,1.7984249471034925,Erratic
45,GROCERY I,1679,9708.878438836105,8975.5,3967.800528468557,0.0,76090.0,4.237987269754249,55.341742616492205,0.40867753710837534,1.0029779630732578,0.16355231351352123,Smooth
45,GROCERY II,1679,82.85985748218528,76.0,35.81977623570376,0.0,502.0,2.2680622593736985,14.436453787605274,0.4322934811102307,1.0029779630732578,0.183353670277795,Smooth
45,HARDWARE,981,1.0878859857482186,1.0,1.3219759723842641,0.0,11.0,1.8616606465826904,5.648508497182959,1.2151787857252945,1.7166156982670744,0.44275709797932467,Intermittent
45,HOME AND KITCHEN I,1166,47.096199524940616,42.0,48.2588429595931,0.0,435.0,1.810787813701077,6.965801718743693,1.024686565908829,1.444253859348199,0.41940597569597443,Intermittent
45,HOME AND KITCHEN II,1166,51.26603325415677,38.0,63.00294462589297,0.0,588.0,3.0451908187931123,15.582358915067282,1.2289412818877616,1.444253859348199,0.7381270322455441,Lumpy
45,HOME APPLIANCES,1078,1.3717339667458432,1.0,1.4615610323611425,0.0,8.0,1.217990332645803,1.5605709532351115,1.0654843189185663,1.562152133580705,0.3668686865262761,Intermittent
45,HOME CARE,1044,408.40498812351547,448.0,373.6370050183221,0.0,1766.0,0.395590041659519,-0.7644923344789323,0.9148688578318901,1.6130268199233717,0.13884344906386217,Intermittent
45,LADIESWEAR,1014,16.052256532066508,13.0,18.727914965261558,0.0,112.0,1.4314278220649383,2.169007761984698,1.1666842556797783,1.660749506903353,0.42173888521619735,Intermittent
45,LAWN AND GARDEN,1646,17.910332541567698,12.0,21.80135240926097,0.0,441.0,6.975347982591061,103.9556549709824,1.2172500068016852,1.023086269744836,1.425697277399595,Erratic
45,LINGERIE,1543,5.146674584323041,4.0,4.294030780401528,0.0,35.0,1.6230240156734597,4.2862004710201145,0.8343311218173715,1.0913804277381725,0.5540945922984108,Erratic
45,"LIQUOR,WINE,BEER",1497,208.15439429928742,148.0,190.97257929775023,0.0,1775.0,2.525562847669428,11.24391182183027,0.9174563906743647,1.1249164996659986,0.6372114991095149,Erratic
45,MAGAZINES,1002,8.72624703087886,3.0,11.08632719888911,0.0,61.0,1.3549030401186755,1.5277262892367638,1.27045763870635,1.6806387225548902,0.555398300008274,Lumpy
45,MEATS,1679,1192.762148016627,1118.5755,378.1198598355155,0.0,2491.455,0.475061510810245,-0.21750673263914333,0.3170119545325541,1.0029779630732578,0.09722907165825231,Smooth
45,PERSONAL CARE,1679,633.833135391924,560.0,293.6739815328585,0.0,2300.0,1.1157660304887205,1.4368669340198021,0.46333011818765985,1.0029779630732578,0.2110682817974157,Smooth
45,PET SUPPLIES,1019,13.516627078384799,13.0,13.762287415040554,0.0,73.0,0.8112726573742765,0.1905053532591623,1.0181746773224534,1.6526005888125614,0.23240889991640204,Intermittent
45,PLAYERS AND ELECTRONICS,1016,18.79750593824228,18.0,20.69705633775162,0.0,269.0,2.351335760521378,18.083243134651312,1.10105332083145,1.6574803149606299,0.3347479275854232,Intermittent
45,POULTRY,1679,1273.2079139073637,1196.52155,495.24710067515906,0.0,2812.276,0.19902873864181506,-0.5981356261675419,0.3889758265442288,1.0029779630732578,0.14788383795395496,Smooth
45,PREPARED FOODS,1679,325.5285535748219,305.34749,96.62850654521615,0.0,628.03,0.49548394050162065,-0.13901168291378418,0.2968357321770531,1.0029779630732578,0.08488071718244822,Smooth
45,PRODUCE,1596,4105.45312155582,4825.9875,3607.4577823014774,0.0,12757.507,0.05147899408369303,-1.4622385537941733,0.8786990559847145,1.055137844611529,0.6795076018156792,Erratic
45,SCHOOL AND OFFICE SUPPLIES,1003,16.268408551068884,3.0,64.18083622330265,0.0,749.0,7.508171464926177,63.52690669531752,3.945120754613742,1.678963110667996,8.86559958587619,Lumpy
45,SEAFOOD,1679,97.2563470397862,91.55850000000001,37.33845203969485,0.0,229.419,0.5031618713893329,-0.0846123747596419,0.38391789508643887,1.0029779630732578,0.14398620150327865,Smooth
46,AUTOMOTIVE,1678,15.190023752969122,13.0,8.442736846699576,0.0,59.0,1.0365022279137275,1.2403012166759044,0.555808008166775,1.0035756853396902,0.3042589224348217,Smooth
46,BABY CARE,0,0.0,0.0,0.0,0.0,0.0,,,0.0,,,No Sales
46,BEAUTY,1677,11.81769596199525,10.0,7.5719444289348035,0.0,67.0,1.4846823017609512,3.663010778272506,0.6407293310510638,1.0041741204531902,0.40467081050998693,Smooth
46,BEVERAGES,1679,4668.408551068884,4138.5,2810.197390692284,0.0,17309.0,1.2027017142344247,1.3766925871363114,0.6019604668165248,1.0029779630732578,0.3583114024116033,Smooth
46,BOOKS,108,0.11817102137767221,0.0,0.6025894078928516,0.0,9.0,8.330150889095549,89.022652481545,5.099299267861016,15.592592592592593,0.7317744493458599,Lumpy
46,BREAD/BAKERY,1679,777.9727643467934,716.924,343.9381314319744,0.0,2431.0,1.1117676899987432,1.5132521010002735,0.44209533700104775,1.0029779630732578,0.19189885621720595,Smooth
46,CELEBRATION,1016,14.197743467933492,13.0,14.88820476044117,0.0,163.0,1.3751672051292556,6.033583917166734,1.0486317627176809,1.6574803149606299,0.2667592821140609,Intermittent
46,CLEANING,1679,2298.4679334916864,1967.5,922.5235963317367,0.0,6406.0,0.9965861480280109,0.4522377361403165,0.4013645711079798,1.0029779630732578,0.15764609162792628,Smooth
46,DAIRY,1679,1428.8064133016628,1249.5,644.0816737256063,0.0,3789.0,0.8763044867935894,0.40205810360165906,0.4507830226187339,1.0029779630732578,0.1996328710897155,Smooth
46,DELI,1679,809.3620448693588,714.2715000000001,320.2372577505719,0.0,2118.325,0.9186584289342625,0.40003055662925746,0.3956662655238134,1.0029779630732578,0.15311785129330335,Smooth
46,EGGS,1679,179.54750593824227,150.0,86.89058973238092,0.0,533.0,1.2141540966794593,0.982195999029305,0.48394205911044036,1.0029779630732578,0.23053542751262546,Smooth
46,FROZEN FOODS,1679,394.81270572446556,241.827,767.7778692309201,0.0,13460.539,9.465023804980918,119.23184510806284,1.944663528039539,1.0029779630732578,3.7675187425209673,Erratic
46,GROCERY I,1679,8516.782660332541,7330.0,3608.080602382108,0.0,25238.0,1.1353755762737674,1.2217432202237992,0.42364361593804073,1.0029779630732578,0.17597191239475893,Smooth
46,GROCERY II,1679,42.014845605700714,36.0,31.341982242144464,0.0,419.0,5.0234587716891275,40.03787569437972,0.7459739953714338,1.0029779630732578,0.5518558324067128,Erratic
46,HARDWARE,1143,1.5368171021377672,1.0,1.6557531851860758,0.0,12.0,1.5510556596905067,3.438318214593509,1.0773911754401178,1.47331583552056,0.46660457569585956,Intermittent
46,HOME AND KITCHEN I,1166,27.197743467933492,21.0,32.83861740402335,0.0,539.0,4.055540983237364,41.38652295213931,1.2074022773813249,1.444253859348199,0.7017924124436369,Lumpy
46,HOME AND KITCHEN II,1165,34.195961995249405,22.0,48.73140873678125,0.0,580.0,4.037316265480059,26.845897028897724,1.4250632499277571,1.4454935622317597,1.0967269211976987,Lumpy
46,HOME APPLIANCES,1040,1.399643705463183,1.0,1.6274150309710336,0.0,11.0,1.5218683163640296,2.7873283407967318,1.1627352185817454,1.6192307692307693,0.45251265879347097,Intermittent
46,HOME CARE,1044,424.60510688836104,450.0,400.398017829457,0.0,1912.0,0.5614895591713666,-0.4569095306780375,0.9429891711919243,1.6130268199233717,0.17123196815683692,Intermittent
46,LADIESWEAR,1016,20.462589073634206,15.0,24.749248928257394,0.0,136.0,1.5140976541888855,2.169720278537035,1.209487657597396,1.6574803149606299,0.48590627094984457,Intermittent
46,LAWN AND GARDEN,1628,10.652019002375297,7.0,15.016342703207114,0.0,364.0,10.570310074894637,206.72921556951098,1.4097179791407521,1.0343980343980343,1.887964479234334,Erratic
46,LINGERIE,1625,8.013064133016627,6.0,10.238710038264998,0.0,141.0,7.071993071050448,69.75461669674331,1.2777521640941545,1.0363076923076924,1.5404140222174962,Erratic
46,"LIQUOR,WINE,BEER",1498,120.41092636579573,89.0,119.6506336481174,0.0,1104.0,3.5471936993469866,19.76433826741338,0.9936858494356041,1.124165554072096,0.7678993633750368,Erratic
46,MAGAZINES,920,4.539192399049881,1.0,6.803939637973493,0.0,51.0,2.115141002625079,5.611903352788069,1.4989317566487652,1.8304347826086957,0.7737842629453914,Lumpy
46,MEATS,1679,1168.9252748337292,1126.821,360.2446909323968,0.0,2550.1934,0.5359906789737271,0.13011610952175134,0.3081845338516876,1.0029779630732578,0.09172658544782993,Smooth
46,PERSONAL CARE,1679,743.7963182897862,623.0,355.58959698349173,0.0,2795.0,1.189893524279387,1.4031808356457312,0.47807388694881175,1.0029779630732578,0.2249069138248065,Smooth
46,PET SUPPLIES,1020,13.134204275534442,12.0,13.545508538403872,0.0,73.0,0.8696188814513883,0.29682185975795816,1.0313155066884612,1.6509803921568627,0.24993106172754143,Intermittent
46,PLAYERS AND ELECTRONICS,1016,15.911520190023753,12.0,18.563875356060237,0.0,108.0,1.472496916423461,2.553253345803375,1.1666940137204973,1.6574803149606299,0.4245568411622778,Intermittent
46,POULTRY,1679,1007.6405260629454,890.145,427.7500550610801,0.0,2589.955,0.7784319396096022,0.03005775559540602,0.42450660130945833,1.0029779630732578,0.17670168040283418,Smooth
46,PREPARED FOODS,1679,173.50623876900238,160.2735,62.97417580999449,0.0,443.663,0.7950062182294125,0.5260546991505279,0.36295049824388304,1.0029779630732578,0.12837281160967984,Smooth
46,PRODUCE,1580,1882.0762503562944,2062.7615,1752.5824070406472,0.0,8343.898,0.4067188617261406,-0.7619426460069256,0.9311962821420949,1.0658227848101265,0.7518170398355725,Erratic
46,SCHOOL AND OFFICE SUPPLIES,989,12.937054631828978,2.0,49.59232451405388,0.0,738.0,7.928735196920765,74.65488586455274,3.8333551122377383,1.7027300303336703,8.2173222636151,Lumpy
46,SEAFOOD,1679,50.457236387885985,45.081499,23.338916455682654,0.0,135.539,0.8680626212054875,0.5363516921169551,0.4625484494593411,1.0029779630732578,0.21034670031799693,Smooth
47,AUTOMOTIVE,1679,15.991686460807601,15.0,7.950406091095733,0.0,56.0,0.8932809868262646,1.008798061333108,0.49715870243475674,1.0029779630732578,0.2434637861689296,Smooth
47,BABY CARE,0,0.0,0.0,0.0,0.0,0.0,,,0.0,,,No Sales
47,BEAUTY,1675,12.264251781472684,11.0,7.809694929475508,0.0,83.0,1.6621843333139281,6.230375059754449,0.6367852738180607,1.0053731343283583,0.3979839295106207,Smooth
47,BEVERAGES,1679,6406.682304038005,6022.0,3523.0233506346194,0.0,21928.0,0.9747935599731887,0.9509689652510835,0.5498982442774754,1.0029779630732578,0.29852113108124617,Smooth
47,BOOKS,164,0.34501187648456055,0.0,1.2450729737941972,0.0,11.0,4.304751223088459,20.427697667890317,3.6087829290744193,10.268292682926829,0.36569094157888804,Intermittent
47,BREAD/BAKERY,1679,1107.4205052790974,1043.8815,374.3553138322802,0.0,2501.809,0.8515671869729217,0.7820677683578574,0.3380426062614719,1.0029779630732578,0.11096439271085713,Smooth
47,CELEBRATION,1016,17.036817102137768,15.0,18.263278404702934,0.0,182.0,1.482130005215406,5.941461790659636,1.071988875277606,1.6574803149606299,0.29664294014259507,Intermittent
47,CLEANING,1679,2325.1110451306413,2118.5,737.8546219494474,0.0,5783.0,0.8714081671909008,0.7292120809536646,0.3173416699793244,1.0029779630732578,0.09743760683690442,Smooth
47,DAIRY,1679,1982.8919239904988,1858.5,775.8092802928178,0.0,4707.0,0.6475918833412683,0.3880935572308837,0.39125141965939236,1.0029779630732578,0.14965404608921812,Smooth
47,DELI,1679,641.3056694655583,589.0070000000001,226.5538768582049,0.0,1482.184,0.8093755482800242,0.3358803850881773,0.3532697240095409,1.0029779630732578,0.1214598319341458,Smooth
47,EGGS,1679,356.79097387173397,321.0,126.62071034817065,0.0,818.0,0.9899808301725893,0.6094022810797437,0.35488765025018765,1.0029779630732578,0.12260217647262382,Smooth
47,FROZEN FOODS,1679,425.34914840855106,297.6245,584.5540698645954,0.0,7194.712,6.623426165349397,51.53031709935709,1.3742923244359067,1.0029779630732578,1.8801025539506269,Erratic
47,GROCERY I,1679,9212.902903800476,8537.5,3212.6753885396215,0.0,23024.0,0.8638691054364244,0.6997278066256962,0.3487147777508857,1.0029779630732578,0.11827182402404202,Smooth
47,GROCERY II,1679,64.13479809976248,58.0,35.63652947851089,0.0,450.0,3.0028343424180512,18.490174391124434,0.5556504508289271,1.0029779630732578,0.30486159386427086,Smooth
47,HARDWARE,1231,1.8070071258907363,1.0,1.8258953675007943,0.0,16.0,1.6099422537682828,4.613253485949148,1.0104527759348456,1.3679935012185216,0.47735702778994615,Intermittent
47,HOME AND KITCHEN I,1166,40.141330166270784,36.0,43.983115710341934,0.0,787.0,4.347619484662963,55.35134975353941,1.0957064832446324,1.444253859348199,0.5236744449145373,Lumpy
47,HOME AND KITCHEN II,1166,44.57422802850356,30.0,65.18131900845495,0.0,679.0,4.695574274811243,32.24782828075315,1.462309542754428,1.444253859348199,1.1729900034958776,Lumpy
47,HOME APPLIANCES,1121,1.8224465558194773,1.0,1.9169068265269245,0.0,15.0,1.2342702114947968,2.0347598456994325,1.0518315718801097,1.5022301516503123,0.4021484351533007,Intermittent
47,HOME CARE,1044,417.21496437054634,476.0,376.2791076507603,0.0,1610.0,0.3384478285391611,-0.8419056879176212,0.9018830573767938,1.6130268199233717,0.12421754355749867,Intermittent
47,LADIESWEAR,1015,18.84619952494062,15.5,21.49185292357213,0.0,119.0,1.3296266509092143,1.7979460141310328,1.1403812685942294,1.6591133004926109,0.3865656053595209,Intermittent
47,LAWN AND GARDEN,1669,16.256532066508314,13.0,16.787182259419446,0.0,474.0,12.945670508984628,328.8475158158152,1.0326422750994804,1.0089874176153386,1.0479443373125004,Erratic
47,LINGERIE,1507,5.105700712589074,4.0,4.845792140468039,0.0,75.0,3.3516819590623013,31.30113649278158,0.9490944362584209,1.1174518911745188,0.7009951515828554,Erratic
47,"LIQUOR,WINE,BEER",1498,166.48931116389548,127.0,133.4339419680079,0.0,968.0,1.6900825411349398,4.856198657130545,0.8014565081349357,1.124165554072096,0.4609347604407169,Smooth
47,MAGAZINES,999,7.359263657957245,2.0,9.740811051080899,0.0,58.0,1.565130197600983,2.499690340288314,1.3236121849262705,1.6856856856856857,0.6325399448771523,Lumpy
47,MEATS,1679,896.6359253800474,831.1800000000001,306.76650405193124,0.0,2272.34,1.047981372621254,1.5143104465982251,0.3421305073422786,1.0029779630732578,0.1137366175339411,Smooth
47,PERSONAL CARE,1679,702.4228028503563,616.0,313.7495473819927,0.0,2043.0,1.0125839470815998,0.8536210454321518,0.4466676567280904,1.0029779630732578,0.19595049914308096,Smooth
47,PET SUPPLIES,1015,13.51959619952494,13.0,14.073913161090763,0.0,90.0,0.9448599270958218,0.7533118790531259,1.0410009997594676,1.6591133004926109,0.25590161986164356,Intermittent
47,PLAYERS AND ELECTRONICS,1016,18.1353919239905,17.0,18.750124792004833,0.0,118.0,0.9537196093256282,0.8495101233646087,1.033896861427474,1.6574803149606299,0.24824572665240527,Intermittent
47,POULTRY,1679,1151.4501193883611,1094.627,418.9355474180344,0.0,2443.436,0.33433710910207914,-0.37126855611726794,0.36383299663923346,1.0029779630732578,0.12901229252709043,Smooth
47,PREPARED FOODS,1679,288.6047227351544,268.60799,89.25477537289929,0.0,615.049,0.7230172100616838,0.41548928450141087,0.3092630450628384,1.0029779630732578,0.09239053237457376,Smooth
47,PRODUCE,1564,3797.5006910926368,4590.362,3343.633185731364,0.0,12274.984,0.07320924552395396,-1.3840584929221658,0.8804825746505489,1.0767263427109974,0.6487472200165335,Erratic
47,SCHOOL AND OFFICE SUPPLIES,988,12.403800475059382,3.0,58.46041058279426,0.0,1332.0,12.517259625452478,205.67702096050715,4.713104721059396,1.7044534412955465,12.619237434596615,Lumpy
47,SEAFOOD,1679,85.82381861045133,79.428,32.15382931415724,0.0,202.416,0.6711538497685281,0.31880699667218915,0.3746492504572269,1.0029779630732578,0.13697618776590054,Smooth
48,AUTOMOTIVE,1676,13.53503562945368,12.0,8.045924186823303,0.0,54.0,1.150932543705429,1.6640501940313408,0.5944516443473604,1.0047732696897376,0.34694343320472365,Smooth
48,BABY CARE,0,0.0,0.0,0.0,0.0,0.0,,,0.0,,,No Sales
48,BEAUTY,1669,10.554038004750593,9.0,7.591096897225637,0.0,79.0,1.8802341281390957,6.687786712237639,0.7192599546343746,1.0089874176153386,0.5038194291156812,Erratic
48,BEVERAGES,1679,3749.3248218527315,3215.5,2448.422415074252,0.0,14040.0,1.2948779218149256,1.5106372516749946,0.6530302204821266,1.0029779630732578,0.42221317055871194,Smooth
48,BOOKS,33,0.033847980997624705,0.0,0.28529963525799756,0.0,5.0,11.226247484892948,150.32241826120733,8.428852132987384,51.03030303030303,0.41181902076046045,Intermittent
48,BREAD/BAKERY,1679,707.2830605344419,617.475,325.1512364163273,0.0,2058.271,1.2267660495492154,1.2020287040850075,0.4597186820368279,1.0029779630732578,0.20774464765105868,Smooth
48,CELEBRATION,1016,14.311757719714965,13.0,14.967846123457594,0.0,88.0,0.9357109084042815,0.5192786478312619,1.0458426152500473,1.6574803149606299,0.2632347769625594,Intermittent
48,CLEANING,1679,2139.4002375296914,1788.0,951.3769812618987,0.0,6285.0,1.1317323384668112,0.8406533940887808,0.44469331384200633,1.0029779630732578,0.1941958721662404,Smooth
48,DAIRY,1679,1198.726840855107,1007.5,620.0751325764189,0.0,3577.0,1.069940426058784,0.6821405693859481,0.5172780915905525,1.0029779630732578,0.263813035488384,Smooth
48,DELI,1679,651.3181010391926,567.135,273.60654657875943,0.0,1803.476,1.012544066536513,0.5779805829568083,0.42008128768691366,1.0029779630732578,0.17297521139931232,Smooth
48,EGGS,1679,142.3248218527316,112.0,76.40535776396523,0.0,469.0,1.3001975494387688,1.067452827981021,0.5368378949561423,1.0029779630732578,0.2843701186751854,Smooth
48,FROZEN FOODS,1679,308.7962370718527,170.7165,618.1631955878408,0.0,7198.118,7.111776030900648,57.976852299764865,2.0018482137203013,1.0029779630732578,3.992528704650626,Erratic
48,GROCERY I,1679,7619.35517280285,6446.5,3453.817768947049,0.0,22255.0,1.118420880840345,0.9630253610659549,0.4532952842617096,1.0029779630732578,0.2018974086331512,Smooth
48,GROCERY II,1679,42.72565320665083,36.0,27.704746883345337,0.0,290.0,2.4473019098759874,11.973625746883874,0.6484335476089171,1.0029779630732578,0.4162485298404625,Smooth
48,HARDWARE,851,0.8948931116389549,1.0,1.2052921903461087,0.0,8.0,1.8199533457852475,3.992442448685253,1.3468560360150905,1.9788484136310223,0.4220498980504067,Intermittent
48,HOME AND KITCHEN I,1166,32.3438242280285,25.0,37.92018688639068,0.0,446.0,2.810560180359046,16.38866926055812,1.1724088845485814,1.444253859348199,0.6441310350281909,Lumpy
48,HOME AND KITCHEN II,1166,24.421021377672208,15.0,43.65719199866809,0.0,526.0,5.410278028344459,39.11492685517377,1.7876890291245373,1.444253859348199,1.9051901352380927,Lumpy
48,HOME APPLIANCES,736,0.8491686460807601,0.0,1.2576815840298792,0.0,9.0,1.8599842544252205,4.0663687151598795,1.4810739755329985,2.2880434782608696,0.3957689858511037,Intermittent
48,HOME CARE,1044,389.19477434679334,397.0,378.569963688843,0.0,1875.0,0.7213439857002885,-0.08494553722910059,0.9727005310470697,1.6130268199233717,0.2065182668168563,Intermittent
48,LADIESWEAR,1016,16.56294536817102,11.0,21.122146854944955,0.0,118.0,1.6367210422128475,2.400233834548618,1.2752651405987292,1.6574803149606299,0.5845142504841612,Lumpy
48,LAWN AND GARDEN,1476,6.258313539192399,4.0,9.907608631491499,0.0,218.0,11.07155682011237,193.3778617666387,1.583111579159856,1.1409214092140922,2.0731672172087983,Erratic
48,LINGERIE,1487,5.456650831353919,4.0,6.942238592057689,0.0,132.0,7.113204513879046,98.38307346857695,1.272252670245149,1.1324815063887022,1.3122910548963969,Erratic
48,"LIQUOR,WINE,BEER",1499,103.7790973871734,72.0,108.1205884803725,0.0,1080.0,3.689319671741302,21.113735139733873,1.0418339646562955,1.123415610406938,0.8563192380426901,Erratic
48,MAGAZINES,859,3.031472684085511,1.0,4.834268260313475,0.0,44.0,2.4736011835136993,8.726885124469211,1.5946929966077232,1.960419091967404,0.8072899662588005,Lumpy
48,MEATS,1679,982.8468854394299,906.4085,365.96189585716246,0.0,2598.35,0.7329154523304903,0.250297792718547,0.37234883813379427,1.0029779630732578,0.13526288630573474,Smooth
48,PERSONAL CARE,1679,706.2505938242281,583.5,367.17258610438665,0.0,2643.0,1.2587867672669846,1.5955845553755061,0.519889950273442,1.0029779630732578,0.266513928683945,Smooth
48,PET SUPPLIES,1020,9.617577197149643,8.0,10.350098388316948,0.0,57.0,1.0418634301145846,0.8622102445684376,1.0761648360158977,1.6509803921568627,0.3071813358332318,Intermittent
48,PLAYERS AND ELECTRONICS,1016,13.620546318289787,11.0,15.579970108608899,0.0,104.0,1.405647181612447,2.3580352970294136,1.1438579439757217,1.6574803149606299,0.39272302379389284,Intermittent
48,POULTRY,1679,891.1362766508314,770.921,418.4116021685446,0.0,2875.293,0.981891956930057,0.599375890251888,0.46952594471924836,1.0029779630732578,0.21683093517316726,Smooth
48,PREPARED FOODS,1679,131.52282953266032,107.8745,62.95858215857892,0.0,355.906,1.0393347056404851,0.36264004093808433,0.47868938329422184,1.0029779630732578,0.225494049652296,Smooth
48,PRODUCE,1508,1376.3238541567696,1452.74845,1328.148941694431,0.0,6027.289,0.5955015033639428,-0.4285948206509822,0.9649974006351733,1.1167108753315649,0.7293822652703474,Erratic
48,SCHOOL AND OFFICE SUPPLIES,979,16.196555819477435,2.0,68.05370216003178,0.0,1217.0,8.244149217341844,90.99037827146032,4.201739117522192,1.7201225740551582,9.844931572930072,Lumpy
48,SEAFOOD,1679,29.966439028800472,26.646499499999997,14.825584574621214,0.0,95.901,1.000163415122551,1.0773350094607883,0.49473961720569265,1.0029779630732578,0.24107142396124986,Smooth
49,AUTOMOTIVE,1669,10.383610451306414,9.0,5.930825891327442,0.0,39.0,0.9349308866729001,1.1743654378511827,0.5711718403313255,1.0089874176153386,0.31442399383354525,Smooth
49,BABY CARE,0,0.0,0.0,0.0,0.0,0.0,,,0.0,,,No Sales
49,BEAUTY,1665,7.864014251781473,7.0,5.10227112020911,0.0,32.0,1.3339512876183166,2.4796573637618797,0.6488125474091626,1.0114114114114114,0.4049255383590308,Smooth
49,BEVERAGES,1679,5475.823040380047,5449.5,2821.4189443295436,0.0,14548.0,0.4811092819505881,-0.28150161902141235,0.5152502050419089,1.0029779630732578,0.2617254021395673,Smooth
49,BOOKS,165,0.2695961995249406,0.0,1.15116468065208,0.0,16.0,6.956210194761151,62.49846627399036,4.26995884367289,10.206060606060607,0.8844243041175627,Lumpy
49,BREAD/BAKERY,1679,1027.7032002909739,1055.5435,387.41203232531603,0.0,2177.901,0.04521438664692653,-0.592894947066847,0.3769687904204745,1.0029779630732578,0.13871441945894714,Smooth
49,CELEBRATION,1016,20.745249406175773,20.0,20.893487830575225,0.0,126.0,0.8629696855457986,0.9419693189369736,1.0071456563616041,1.6574803149606299,0.21530394962966848,Intermittent
49,CLEANING,1679,1682.0552256532067,1644.5,524.1415240289687,0.0,4157.0,0.4642417511397167,0.5925724480830703,0.31160779743430406,1.0029779630732578,0.09384199834281862,Smooth
49,DAIRY,1679,1891.3200712589073,1891.0,766.9849028117096,0.0,4592.0,0.15808502584890943,-0.3130433836043336,0.4055288760832432,1.0029779630732578,0.160996265330996,Smooth
49,DELI,1679,367.1204733551069,350.326,135.46500271252276,0.0,987.095,0.6910480646235462,0.4975745601353849,0.36899332111375244,1.0029779630732578,0.13278268601758897,Smooth
49,EGGS,1679,430.0166270783848,422.0,125.05964737076418,0.0,917.0,0.35432891577366515,0.31100504282600827,0.2908251437163082,1.0029779630732578,0.0813590169960775,Smooth
49,FROZEN FOODS,1679,426.8696802220902,339.9325,553.9458483688635,0.0,14541.55,13.60349486910971,281.20555880469664,1.297693122826997,1.0029779630732578,1.6760382977990511,Erratic
49,GROCERY I,1679,6584.311163895487,6309.5,2575.3437633404506,0.0,21190.0,0.9050123042411111,2.023959405652568,0.3911333622052583,1.0029779630732578,0.14956195398061434,Smooth
49,GROCERY II,1679,64.18467933491686,61.0,26.19604017063723,0.0,222.0,0.9269559328162121,2.2063360252522592,0.4081354061697132,1.0029779630732578,0.16311080873091693,Smooth
49,HARDWARE,1152,1.6971496437054632,1.0,1.9047300664563518,0.0,14.0,1.7478342597841425,4.140815290229177,1.1223112071457397,1.4618055555555556,0.5457476118753669,Lumpy
49,HOME AND KITCHEN I,1166,39.67814726840855,31.0,67.45158180690684,0.0,1842.0,13.811207563757897,324.8415542055281,1.6999680289737553,1.444253859348199,1.6933570399796336,Lumpy
49,HOME AND KITCHEN II,1166,25.899049881235154,23.0,28.880937898882838,0.0,318.0,3.0925268161439017,20.185791842563685,1.1151350350768288,1.444253859348199,0.5534153722266044,Lumpy
49,HOME APPLIANCES,859,1.0,1.0,1.2853089132093098,0.0,8.0,1.4883676614727612,2.3913072690258463,1.2853089119240009,1.960419091967404,0.3527816641533853,Intermittent
49,HOME CARE,1044,286.63479809976246,334.0,254.47609121117523,0.0,1340.0,0.26318025431063374,-0.8232372547299636,0.8878059917962847,1.6130268199233717,0.10859872693194074,Intermittent
49,LADIESWEAR,1013,10.696555819477435,9.0,11.646820185855818,0.0,62.0,1.0148037081728907,0.6024719590134469,1.088838349589052,1.6623889437314907,0.3147157648876018,Intermittent
49,LAWN AND GARDEN,1657,16.767220902612827,13.0,17.312290723394884,0.0,382.0,9.029841732235782,154.4848604072155,1.0325080597980678,1.016294508147254,1.0329470217431906,Erratic
49,LINGERIE,1645,9.119952494061758,8.0,7.8897453512744615,0.0,157.0,5.296876877295565,76.9308764453485,0.8651081631781059,1.02370820668693,0.7079204040619501,Erratic
49,"LIQUOR,WINE,BEER",1499,217.38657957244655,169.0,166.44914507410851,0.0,1206.0,1.1347928128482179,1.6581479989822148,0.765682708659905,1.123415610406938,0.412006380940152,Smooth
49,MAGAZINES,1034,8.44061757719715,5.0,9.70016840457065,0.0,59.0,1.1008268012192077,0.6627581400559137,1.1492249606980216,1.6286266924564796,0.4249539328151683,Intermittent
49,MEATS,1679,727.7424655047505,668.002,288.6538951909734,0.0,1901.0859,1.3106791915066751,2.1123090554502806,0.39664291816524827,1.0029779630732578,0.15388936461221311,Smooth
49,PERSONAL CARE,1679,393.24881235154396,364.0,190.2859561279802,0.0,1416.0,0.927696866800856,1.337323040922806,0.48388183295361253,1.0029779630732578,0.23047731226416215,Smooth
49,PET SUPPLIES,1022,10.339073634204276,9.0,10.525034880553047,0.0,59.0,0.7255569680132383,-0.1658735002618723,1.0179862579482535,1.6477495107632094,0.23580435510683817,Intermittent
49,PLAYERS AND ELECTRONICS,1016,20.286817102137768,20.0,21.097957080178336,0.0,197.0,1.3357029181295703,4.481059238960867,1.0399835998380993,1.6574803149606299,0.2558616046447938,Intermittent
49,POULTRY,1679,873.354301152019,882.673,394.5415487176288,0.0,2064.671,-0.07586824512216232,-0.4550385932285228,0.45175428597162404,1.0029779630732578,0.20050686976638335,Smooth
49,PREPARED FOODS,1679,297.1148349406176,293.979,79.5551483367949,0.0,912.568,0.41521321691933644,2.204553601305558,0.26775892342241114,1.0029779630732578,0.06851284926394044,Smooth
49,PRODUCE,1578,4761.263210391924,6045.0419999999995,4125.906878461359,0.0,13780.029,-0.021257385433970467,-1.5069919446463707,0.8665571921029898,1.067173637515843,0.640708977089467,Erratic
49,SCHOOL AND OFFICE SUPPLIES,948,8.920427553444181,1.0,35.012157180199885,0.0,428.0,7.855634691750112,69.76236783242956,3.92494159797943,1.7763713080168777,8.235212522922033,Lumpy
49,SEAFOOD,1679,85.64821405225652,83.6135,28.85328330693484,0.0,199.76599,0.38532005738952824,0.07486808530674427,0.33688131884447364,1.0029779630732578,0.11018293918900338,Smooth
5,AUTOMOTIVE,1640,5.459619952494061,5.0,3.2562979501459113,0.0,19.0,0.8693950177904816,0.9498523268907566,0.5964330810356017,1.026829268292683,0.3203094828225765,Smooth
5,BABY CARE,122,0.12767220902612827,0.0,0.5347488561080771,0.0,5.0,5.277702573170643,32.08582623248104,4.188451472709998,13.80327868852459,0.34338561345561897,Intermittent
5,BEAUTY,1647,5.156769596199525,5.0,3.1296806112424274,0.0,25.0,1.2817565244323568,3.2653057660014744,0.6069072027073026,1.0224650880388586,0.33827195541141036,Smooth
5,BEVERAGES,1679,1504.6502375296911,1562.0,668.8431299017791,0.0,3796.0,0.30378593602681286,-0.5643221773694891,0.4445173457716191,1.0029779630732578,0.1940398640686556,Smooth
5,BOOKS,128,0.13657957244655583,0.0,0.5623725500043473,0.0,6.0,5.373699363113778,34.73812582409705,4.11754507510163,13.15625,0.36468809033132626,Intermittent
5,BREAD/BAKERY,1679,381.7426103859858,369.9975,87.25941663235612,0.0,802.359,0.7022657052841177,2.29950403081461,0.2285818094655407,1.0029779630732578,0.04912538695698185,Smooth
5,CELEBRATION,1016,15.54394299287411,16.0,15.324435725208208,0.0,83.0,0.6330542267503907,-0.2514713462109528,0.9858782762679708,1.6574803149606299,0.18973115874657734,Intermittent
5,CLEANING,1679,990.3491686460808,956.0,229.17107246891678,0.0,2282.0,0.7099339841819925,2.234179738705569,0.2314043165018133,1.0029779630732578,0.0504198461823295,Smooth
5,DAIRY,1679,517.3889548693587,517.0,146.5484651347448,0.0,1310.0,0.23829426796930525,0.8983690031456142,0.28324621883639783,1.0029779630732578,0.07702109144568381,Smooth
5,DELI,1679,246.5979819536817,237.3985,63.01036135188811,0.0,527.174,0.790397752959346,1.8004736297789377,0.2555185604214222,1.0029779630732578,0.062126760448128045,Smooth
5,EGGS,1679,113.33194774346794,109.0,35.55153698775967,0.0,274.0,0.7307729269564188,0.9573162578804468,0.3136938673984366,1.0029779630732578,0.09514254837443284,Smooth
5,FROZEN FOODS,1679,160.13610225118765,110.65450000000001,308.8944225608648,0.0,8216.62,13.82371648401755,294.2782765229765,1.9289493013537176,1.0029779630732578,3.706828645295329,Erratic
5,GROCERY I,1679,3125.107872921615,2973.5,731.8213310394093,0.0,7656.0,1.2699995958308508,4.84871976803731,0.2341747423761749,1.0029779630732578,0.05170586872595538,Smooth
5,GROCERY II,1675,19.739311163895486,17.0,16.210033211645634,0.0,184.0,4.461141019586189,28.28934187364703,0.8212056173709678,1.0053731343283583,0.6654300864336418,Erratic
5,HARDWARE,966,1.0243467933491686,1.0,1.2096214100882448,0.0,9.0,1.5155141625730244,2.9313814695419165,1.1808709870145029,1.7432712215320911,0.37354202856714014,Intermittent
5,HOME AND KITCHEN I,1166,17.878266033254157,16.0,18.03322422892663,0.0,235.0,2.2128888847439074,15.389848570330773,1.008667406244855,1.444253859348199,0.39685272324673865,Intermittent
5,HOME AND KITCHEN II,1166,22.112826603325416,16.0,33.0532623052164,0.0,353.0,3.938084084681466,21.321281954983192,1.4947551887713424,1.444253859348199,1.2394214517858315,Lumpy
5,HOME APPLIANCES,623,0.5498812351543944,0.0,0.8645876834534899,0.0,5.0,1.8334314065316075,3.649814042780216,1.572317123421053,2.7030497592295344,0.28454207426411515,Intermittent
5,HOME CARE,1044,142.0920427553444,175.0,121.41449278328514,0.0,532.0,0.04026257061321512,-1.2388107782553346,0.854477776714657,1.6130268199233717,0.07259981640644365,Intermittent
5,LADIESWEAR,1014,8.796318289786223,6.0,9.98815025867668,0.0,75.0,1.3098417887979155,2.2827529280420453,1.135492137561558,1.660749506903353,0.37849951793147835,Intermittent
5,LAWN AND GARDEN,1162,2.951306413301663,1.0,7.408427790785913,0.0,189.0,16.620365094123585,370.2279312495519,2.5102197978785243,1.4492254733218588,4.03800379554429,Lumpy
5,LINGERIE,1677,18.7416864608076,17.0,10.664797510710107,0.0,94.0,1.395988930273033,3.8347770055899213,0.5690415071473514,1.0041741204531902,0.31830547102695017,Smooth
5,"LIQUOR,WINE,BEER",1498,65.56650831353919,54.0,54.6229221929838,0.0,484.0,2.511270891102614,11.402433235295558,0.8330918268659934,1.124165554072096,0.5069328408616066,Erratic
5,MAGAZINES,1014,3.90083135391924,2.0,4.629275249172771,0.0,27.0,1.2146243186714738,1.0918717337487793,1.186740678582505,1.660749506903353,0.4501605622538322,Intermittent
5,MEATS,1679,283.31615683254154,276.41499999999996,69.90854165034045,0.0,576.433,0.3180382971363864,0.8216689626311786,0.24675098812459978,1.0029779630732578,0.05773615094173416,Smooth
5,PERSONAL CARE,1679,267.31947743467936,254.0,81.96015384184672,0.0,667.0,0.8589821519287268,1.4216313619561554,0.30660000770638735,1.0029779630732578,0.09075533561416312,Smooth
5,PET SUPPLIES,918,1.899643705463183,1.0,2.3307354341555104,0.0,15.0,1.2852137952369058,1.553286210948034,1.2269329381218268,1.8344226579520697,0.36575092167965223,Intermittent
5,PLAYERS AND ELECTRONICS,1013,4.764845605700713,4.0,5.121497636462934,0.0,38.0,1.179681663814384,2.206737563208357,1.074850700148745,1.6623889437314907,0.29651008333393003,Intermittent
5,POULTRY,1679,249.1866810605701,243.745,77.53079593561934,0.0,691.941,0.8288620341094772,2.4664399210048966,0.31113539297255904,1.0029779630732578,0.0935486851570076,Smooth
5,PREPARED FOODS,1679,87.88071793052255,86.7055,24.310077874522694,0.0,160.684,0.2227462148052262,0.16677104424933287,0.2766258451992316,1.0029779630732578,0.07332553442515904,Smooth
5,PRODUCE,1572,981.9372082304038,1316.9825,843.7122997200602,0.0,3763.942,-0.004027254720435962,-1.281555831397878,0.8592324362977296,1.0712468193384224,0.6226702830818112,Erratic
5,SCHOOL AND OFFICE SUPPLIES,270,0.4827790973871734,0.0,3.001039071225417,0.0,79.0,18.9001070171643,425.6117098410122,6.216174397878923,6.237037037037037,5.35571410708934,Lumpy
5,SEAFOOD,1679,13.277312348693586,12.3899995,6.401415538607565,0.0,53.46,1.280717537480945,3.5905460080112634,0.4821318780494982,1.0029779630732578,0.22879185107486624,Smooth
50,AUTOMOTIVE,1676,11.625890736342043,11.0,6.498141117528217,0.0,62.0,1.2819283824610337,3.7357863259307873,0.5589370538858038,1.0047732696897376,0.306175900372899,Smooth
50,BABY CARE,0,0.0,0.0,0.0,0.0,0.0,,,0.0,,,No Sales
50,BEAUTY,1664,7.695368171021378,7.0,5.2029319725978525,0.0,54.0,1.7243027918403657,6.850348753730421,0.6761121568574898,1.0120192307692308,0.43982209463295385,Smooth
50,BEVERAGES,1679,3221.1603325415676,2975.5,1778.586472813973,0.0,9787.0,0.839909508509648,0.3050078590960723,0.5521570767047402,1.0029779630732578,0.3010030981705806,Smooth
50,BOOKS,147,0.17280285035629453,0.0,0.6938456854670796,0.0,8.0,5.717276879941417,41.682263257616015,4.015244424621617,11.45578231292517,0.49463279788479325,Lumpy
50,BREAD/BAKERY,1679,577.9386217280285,547.142,176.3596399111008,0.0,1366.687,0.8069646636582479,0.9270293170548514,0.3051528886986005,1.0029779630732578,0.08987268487101337,Smooth
50,CELEBRATION,1016,22.121140142517813,19.0,25.4399447375337,0.0,302.0,2.178111056896802,12.153017980204737,1.1500286410412892,1.6574803149606299,0.4012630221516317,Intermittent
50,CLEANING,1679,1603.5237529691212,1464.5,482.8497083821503,0.0,4420.0,0.8947706032759457,1.1043124260576471,0.3011179020502775,1.0029779630732578,0.0874336536699176,Smooth
50,DAIRY,1679,1004.4014251781473,935.5,379.6767914110779,0.0,2612.0,0.6655316882368791,0.451957509743389,0.3780129954946628,1.0029779630732578,0.139500434546813,Smooth
50,DELI,1679,459.2068843824228,427.466,146.33864965435117,0.0,1192.841,0.7381409307931124,0.5556214001394406,0.3186769506969394,1.0029779630732578,0.09828434867123373,Smooth
50,EGGS,1679,114.770783847981,104.0,39.5860672915814,0.0,262.0,0.7910655350244822,0.2761786084416147,0.3449141494378046,1.0029779630732578,0.11564342555822674,Smooth
50,FROZEN FOODS,1679,264.2808741157957,155.0,586.1823076004525,0.0,8416.393,7.784373905233808,72.3569774976106,2.2180277311380334,1.0029779630732578,4.9020708669997894,Erratic
50,GROCERY I,1679,6010.558963776722,5553.5,1880.2385450471456,0.0,14431.0,0.9336613852579283,1.0807111779130274,0.3128225771310609,1.0029779630732578,0.09459829147086818,Smooth
50,GROCERY II,1677,46.47624703087886,38.0,34.77105344804381,0.0,440.0,3.5346328903843838,22.604217094951636,0.7481467560019153,1.0041741204531902,0.5532401570083832,Erratic
50,HARDWARE,1092,1.5089073634204275,1.0,1.8674716463947445,0.0,26.0,3.2482426373845237,25.03446666272041,1.2376317396476102,1.5421245421245422,0.6417171603241297,Lumpy
50,HOME AND KITCHEN I,1166,48.906769596199524,39.0,72.95436035813901,0.0,1400.0,8.568514983867871,127.0581842748513,1.4917027020798466,1.444253859348199,1.2331094568709875,Lumpy
50,HOME AND KITCHEN II,1166,44.855700712589076,29.0,80.60703457714688,0.0,913.0,5.242281057552722,36.2406709370844,1.797029882374057,1.444253859348199,1.9283746557631094,Lumpy
50,HOME APPLIANCES,587,0.6484560570071259,0.0,1.1403540480733931,0.0,8.0,2.3652800821989515,6.845801130148546,1.7585679615331187,2.868824531516184,0.4265638203359948,Intermittent
50,HOME CARE,1044,269.312351543943,303.0,242.51094412100403,0.0,1155.0,0.3300531365373216,-0.8265713640747978,0.9004820712076909,1.6130268199233717,0.12265210857289449,Intermittent
50,LADIESWEAR,1016,13.152019002375297,10.0,14.872879459928654,0.0,83.0,1.174555301475045,1.0132239426584295,1.1308438237590532,1.6574803149606299,0.37486263535237596,Intermittent
50,LAWN AND GARDEN,1444,5.148456057007126,3.5,9.482791201442708,0.0,276.0,17.44818702124536,439.17159217231466,1.84187086275984,1.1662049861495845,2.766480445114006,Erratic
50,LINGERIE,1549,6.180522565320665,5.0,6.162059278259031,0.0,87.0,3.612526921396759,27.516230332040784,0.9970126655370137,1.0871530019367335,0.8341799652308667,Erratic
50,"LIQUOR,WINE,BEER",1498,113.2393111638955,97.0,86.65276131610595,0.0,663.0,1.9884722368218695,7.356725812039516,0.765218018590072,1.124165554072096,0.41043159544837143,Smooth
50,MAGAZINES,994,4.666270783847981,2.0,6.12083607944815,0.0,38.0,1.6146929951599207,2.7557078642833144,1.3117190068187514,1.6941649899396378,0.6058688318333688,Lumpy
50,MEATS,1679,615.8526073159145,592.248,186.51577007391495,0.0,1374.1339,0.6598529685508681,0.654659008818383,0.30285780697837483,1.0029779630732578,0.0884813938509447,Smooth
50,PERSONAL CARE,1679,489.9334916864608,438.0,203.81875732602947,0.0,1516.0,0.9659550671389567,0.7735375136594915,0.4160131135840982,1.0029779630732578,0.1695839329106663,Smooth
50,PET SUPPLIES,1012,5.628266033254157,5.0,6.103973168542801,0.0,36.0,1.0618422634099345,0.9799951337293753,1.084521081873786,1.6640316205533596,0.30777922153522685,Intermittent
50,PLAYERS AND ELECTRONICS,1016,14.177553444180523,14.0,14.523220646859206,0.0,81.0,0.8431912568279222,0.2881337393507519,1.0243813012601402,1.6574803149606299,0.23642919435503174,Intermittent
50,POULTRY,1679,437.9533226009502,427.5575,140.83240878528943,0.0,881.621,0.29912612171129294,-0.13101141186116294,0.32156944933898834,1.0029779630732578,0.10013076196331336,Smooth
50,PREPARED FOODS,1679,122.92729631769596,115.178498,41.63098955813759,0.0,323.221,0.8958913737850281,1.2125458426218545,0.33866350928443834,1.0029779630732578,0.11138331405142457,Smooth
50,PRODUCE,1559,1441.8997113420428,1829.5415,1244.5380803301625,0.0,5424.99,-0.002016328860829641,-1.3719552736547156,0.8631238847887349,1.0801796023091725,0.6154562044706362,Erratic
50,SCHOOL AND OFFICE SUPPLIES,945,11.251187648456057,1.0,47.70470795736338,0.0,754.0,8.328617788094913,85.06760849974465,4.239970876289641,1.782010582010582,9.649405354177645,Lumpy
50,SEAFOOD,1679,23.682564439014254,22.494999999999997,9.516439364051374,0.0,77.831,0.7437462273619118,1.0015817868826176,0.4018331455681514,1.0029779630732578,0.15802133211241076,Smooth
51,AUTOMOTIVE,1662,6.992874109263658,6.0,4.135036159882274,0.0,29.0,0.9621855913498847,1.3505609594656809,0.5913214072899087,1.01323706377858,0.332028855805159,Smooth
51,BABY CARE,0,0.0,0.0,0.0,0.0,0.0,,,0.0,,,No Sales
51,BEAUTY,1619,4.81353919239905,4.0,3.164291122111093,0.0,25.0,0.9881992395326594,1.5269221206180799,0.6573730876545848,1.0401482396541075,0.37686083752036753,Smooth
51,BEVERAGES,1679,4081.209026128266,3981.5,1543.7704907278298,0.0,10351.0,0.5737047430460263,0.19131063955429184,0.3782630296179624,1.0029779630732578,0.1396889679143129,Smooth
51,BOOKS,137,0.15380047505938244,0.0,0.6443458065236185,0.0,7.0,5.79856046873092,40.33650245233586,4.1894916259871415,12.291970802919709,0.5092649179925688,Lumpy
51,BREAD/BAKERY,1679,854.0556262173397,828.49,216.68507927155164,0.0,1909.634,0.5011159661779118,0.9165813544567776,0.2537130751436043,1.0029779630732578,0.06121008006742175,Smooth
51,CELEBRATION,1015,9.598574821852731,8.0,10.227246821178895,0.0,79.0,1.206469442806883,2.7898595140421936,1.0654963898212673,1.6591133004926109,0.28700225371281984,Intermittent
51,CLEANING,1679,1452.7351543942993,1433.5,311.94880499080284,0.0,3643.0,0.3742238234302338,2.3958025224507296,0.21473205494269976,1.0029779630732578,0.043003828533280206,Smooth
51,DAIRY,1679,1461.0694774346794,1471.0,410.7759377855797,0.0,3000.0,0.2071746469075792,0.41996651303855703,0.2811474362646545,1.0029779630732578,0.0758400689202167,Smooth
51,DELI,1679,258.91299020190024,251.5175,68.98337887073302,0.0,538.647,0.5581728351576236,0.8615534571787684,0.26643459957985643,1.0029779630732578,0.0678075045354488,Smooth
51,EGGS,1679,335.36163895486936,336.0,70.13136961082108,0.0,633.0,0.0690272914072223,1.497952512947534,0.20912162115253066,1.0029779630732578,0.040632886125780684,Smooth
51,FROZEN FOODS,1679,327.40827028503566,257.14750000000004,302.57433134529043,0.0,4082.425,5.491172851112682,39.83623788088145,0.9241499339065278,1.0029779630732578,0.8485481920843088,Erratic
51,GROCERY I,1679,4889.374703087886,4711.0,1242.550688271111,0.0,14179.0,1.310015922115698,6.012173158460364,0.2541328418716045,1.0029779630732578,0.06142262393852979,Smooth
51,GROCERY II,1678,31.798099762470308,27.0,20.331827925518596,0.0,142.0,2.267605004538109,7.077144049598806,0.6394038661667394,1.0035756853396902,0.40381769372224907,Smooth
51,HARDWARE,1098,1.421021377672209,1.0,1.6943555595014004,0.0,18.0,2.673922117919161,14.544675473542554,1.1923505057218722,1.5336976320582878,0.5789942417993017,Lumpy
51,HOME AND KITCHEN I,1163,20.82600950118765,15.0,30.640878459494367,0.0,662.0,7.64091484137,125.36401220444748,1.4712793853414752,1.4479793637145313,1.1855719143030046,Lumpy
51,HOME AND KITCHEN II,1166,20.15795724465558,13.0,34.24938218640142,0.0,370.0,5.215026927389599,36.71439874549217,1.6990502444776643,1.444253859348199,1.6911970552963287,Lumpy
51,HOME APPLIANCES,896,1.0783847980997625,1.0,1.3381957769478692,0.0,9.0,1.4387301185640589,2.3978764615611867,1.240926038706218,1.8794642857142858,0.3513943601104679,Intermittent
51,HOME CARE,1044,201.1728028503563,251.0,172.2195277687046,0.0,1279.0,0.1272540502044131,-0.5047007461590218,0.856077587664547,1.6130268199233717,0.07429635682711042,Intermittent
51,LADIESWEAR,851,2.5546318289786223,1.0,3.9648076181289227,0.0,31.0,2.3468446075288,7.160097612180133,1.5520074445177883,1.9788484136310223,0.7225812172767567,Lumpy
51,LAWN AND GARDEN,1609,17.32007125890736,12.0,19.24316952561601,0.0,256.0,3.61050910583416,25.727028494884248,1.111032930341358,1.0466128029832193,1.1348813677279463,Erratic
51,LINGERIE,1588,6.628859857482185,5.0,5.76319293116522,0.0,55.0,2.1297469551086206,7.947406607848148,0.8694093787170245,1.0604534005037782,0.6557754136081597,Erratic
51,"LIQUOR,WINE,BEER",1498,160.3414489311164,116.0,139.71006767168558,0.0,2280.0,3.311413690257463,33.689330402384584,0.8713284593731875,1.124165554072096,0.5649058786258206,Erratic
51,MAGAZINES,1047,5.828978622327791,4.0,6.692816452617433,0.0,40.0,1.3271789169645525,1.8656349191724377,1.1481971173873464,1.6084049665711557,0.4414010581053147,Intermittent
51,MEATS,1679,636.5975572743469,594.6565,187.34394269304332,0.0,1387.214,1.0095042412192365,1.4416154927904206,0.2942894463731215,1.0029779630732578,0.0833800125748549,Smooth
51,PERSONAL CARE,1679,287.5047505938242,266.5,114.11001005820707,0.0,1716.0,4.551156238335238,48.679895948087115,0.39689782454767314,1.0029779630732578,0.15409104262259163,Smooth
51,PET SUPPLIES,1016,11.033254156769596,11.0,10.738362694259148,0.0,49.0,0.5054367142855425,-0.7087242137677969,0.9732724852256951,1.6574803149606299,0.1748310450876591,Intermittent
51,PLAYERS AND ELECTRONICS,1014,7.1502375296912115,6.0,7.941105584288897,0.0,83.0,1.5637389670241952,6.136584510458645,1.1106072420955269,1.660749506903353,0.3448436607445339,Intermittent
51,POULTRY,1679,845.1878284857482,706.7135000000001,697.2467412142413,0.0,6404.689,4.145252661663826,20.299764074032957,0.824960698336859,1.0029779630732578,0.6755703671205197,Erratic
51,PREPARED FOODS,1679,169.3291619192399,163.75349999999997,48.5259018485549,0.0,344.689,0.5416029478659327,0.5813478316315037,0.2865773461479266,1.0029779630732578,0.07891361043411838,Smooth
51,PRODUCE,1583,3364.1035452494057,4321.9475,2921.7597706188417,0.0,10047.7295,0.025047393467510087,-1.3836284416139886,0.8685106541217837,1.063802905874921,0.6490937810329486,Erratic
51,SCHOOL AND OFFICE SUPPLIES,879,6.0570071258907365,1.0,19.247520852727924,0.0,195.0,5.895542895933744,40.15152618729956,3.177727952023777,1.9158134243458476,4.792816146809468,Lumpy
51,SEAFOOD,1679,65.86258426484561,64.75,21.097932365017954,0.0,138.6768,0.30281960407683717,0.1327119232720948,0.32033259247555396,1.0029779630732578,0.09933917832417366,Smooth
52,AUTOMOTIVE,118,0.8889548693586699,0.0,3.7280023498555557,0.0,34.0,4.933328905397228,26.621162524195007,4.193691349428577,14.271186440677965,0.3024177947938442,Intermittent
52,BABY CARE,0,0.0,0.0,0.0,0.0,0.0,,,0.0,,,No Sales
52,BEAUTY,118,0.5771971496437055,0.0,2.3116667299582083,0.0,21.0,4.457885693535507,21.14009672092834,4.004986385293442,14.271186440677965,0.19400836588627246,Intermittent
52,BEVERAGES,118,319.3562945368171,0.0,1201.9743932121903,0.0,7633.0,3.7679471767747685,13.350775185022329,3.7637410433751657,14.271186440677965,0.06268295945229338,Intermittent
52,BOOKS,0,0.0,0.0,0.0,0.0,0.0,,,0.0,,,No Sales
52,BREAD/BAKERY,118,57.91023580760094,0.0,216.9731841301569,0.0,1304.126,3.696216481761456,12.528158524422455,3.7467156039093807,14.271186440677965,0.053723029936577446,Intermittent
52,CELEBRATION,117,0.7975059382422803,0.0,3.2847764383538705,0.0,30.0,4.72327347335689,24.065567188322138,4.1188112548412805,14.393162393162394,0.2481347534481602,Intermittent
52,CLEANING,118,119.60273159144893,0.0,448.6829904364859,0.0,2931.0,3.729130388373962,12.952546419911327,3.7514443396275516,14.271186440677965,0.05620753370537015,Intermittent
52,DAIRY,118,83.48218527315915,0.0,312.3311367664124,0.0,2054.0,3.6916383967414728,12.556107423734039,3.7412908603279043,14.271186440677965,0.05087669930228797,Intermittent
52,DELI,118,26.522817078384797,0.0,100.50627966634478,0.0,713.308,3.8504530912262487,14.229972580100572,3.789427019216016,14.271186440677965,0.07627751896371218,Intermittent
52,EGGS,118,14.846793349168646,0.0,55.54042670011574,0.0,316.0,3.6714758819689313,12.246311773341372,3.740903869958212,14.271186440677965,0.05067380546633466,Intermittent
52,FROZEN FOODS,118,24.122381247030873,0.0,93.54266623596554,0.0,837.665,4.175523523717735,18.181528916350455,3.877837153560513,14.271186440677965,0.123776292702468,Intermittent
52,GROCERY I,118,437.1811163895487,0.0,1647.6838839921325,0.0,10462.0,3.7775546768794626,13.402694103215648,3.768881642454567,14.271186440677965,0.0653962722789164,Intermittent
52,GROCERY II,118,3.3681710213776723,0.0,14.120068221633291,0.0,199.0,5.564269972173125,41.55461482379581,4.192206431271295,14.271186440677965,0.30154523941365025,Intermittent
52,HARDWARE,109,0.2345605700712589,0.0,1.0368359778219929,0.0,11.0,5.420975618279371,33.86475357330949,4.420333618249099,15.44954128440367,0.32944720379190073,Intermittent
52,HOME AND KITCHEN I,118,4.1128266033254155,0.0,16.836304282459047,0.0,159.0,4.771921559059375,25.296984542838135,4.093609067971037,14.271186440677965,0.24429985434072043,Intermittent
52,HOME AND KITCHEN II,118,3.723871733966746,0.0,14.81113483754526,0.0,116.0,4.416546610146421,20.52102842608721,3.9773482793379626,14.271186440677965,0.17854947894254397,Intermittent
52,HOME APPLIANCES,68,0.06947743467933491,0.0,0.4054784717571357,0.0,6.0,8.005380503598944,78.79003523728494,5.83611740693158,24.764705882352942,0.4157352614058601,Intermittent
52,HOME CARE,118,26.33432304038005,0.0,100.99803264742827,0.0,720.0,4.000510496849016,15.828869623159594,3.8352241858933116,14.271186440677965,0.10074552122690872,Intermittent
52,LADIESWEAR,116,0.7505938242280285,0.0,3.4000182867832742,0.0,46.0,6.21764730416496,48.777462965914985,4.529771192495965,14.517241379310345,0.48229450399736123,Intermittent
52,LAWN AND GARDEN,118,4.576009501187649,0.0,25.113581306210843,0.0,712.0,15.861261765951609,391.41758451062793,5.488096406750208,14.271186440677965,1.1805616731158182,Lumpy
52,LINGERIE,117,0.5956057007125891,0.0,2.834048944835854,0.0,45.0,7.003907091726223,66.05530242880855,4.758263624218008,14.393162393162394,0.6425210906156893,Lumpy
52,"LIQUOR,WINE,BEER",118,14.697149643705464,0.0,60.3375478710137,0.0,719.0,5.029041394756708,30.353841119983528,4.10539113567166,14.271186440677965,0.25106881991394103,Intermittent
52,MAGAZINES,118,0.7404988123515439,0.0,2.98010006975782,0.0,24.0,4.428473230441003,20.099796909220146,4.024449487325579,14.271186440677965,0.20495894232102982,Intermittent
52,MEATS,118,35.260641300475065,0.0,136.07268553839648,0.0,1050.017,4.136388280549037,17.72548540280413,3.8590530550760045,14.271186440677965,0.1135928010463804,Intermittent
52,PERSONAL CARE,118,26.989311163895486,0.0,104.57430335114948,0.0,835.0,4.150828663659148,17.708326097950504,3.874656256035441,14.271186440677965,0.12204834335955486,Intermittent
52,PET SUPPLIES,118,1.0338479809976246,0.0,4.1084663372539225,0.0,39.0,4.503382620802639,22.659591975230985,3.9739559478710302,14.271186440677965,0.17665941620412484,Intermittent
52,PLAYERS AND ELECTRONICS,118,1.9910926365795725,0.0,7.729884106979416,0.0,51.0,4.061725405632017,16.183283538832562,3.8822322784418897,14.271186440677965,0.1261661772547781,Intermittent
52,POULTRY,118,34.657403141330164,0.0,130.47568507504897,0.0,775.523,3.73815703782588,12.876995729413208,3.7647276842761324,14.271186440677965,0.06320344146863824,Intermittent
52,PREPARED FOODS,118,9.47221260688836,0.0,35.41723170098702,0.0,231.0,3.6741754986677777,12.334633444878294,3.7390663794319727,14.271186440677965,0.04971071991883224,Intermittent
52,PRODUCE,118,345.10553046318296,0.0,1304.0611237934986,0.0,8154.466,3.8166082281535063,13.850285856647144,3.778731456547439,14.271186440677965,0.07060555086249987,Intermittent
52,SCHOOL AND OFFICE SUPPLIES,113,1.32541567695962,0.0,10.685630688546688,0.0,174.0,11.872315357737643,154.21137344044877,8.062097699792137,14.902654867256636,3.4285679297924845,Lumpy
52,SEAFOOD,118,0.7241543937054632,0.0,3.117216661231557,0.0,45.0,5.823571280292719,45.079986312753334,4.304629902162548,14.271186440677965,0.36848038009536116,Intermittent
53,AUTOMOTIVE,1110,4.728028503562945,3.0,5.5197462986162495,0.0,32.0,1.4548181057774228,2.1574141926912507,1.167451992577716,1.5171171171171172,0.5575225726834692,Lumpy
53,BABY CARE,14,0.013064133016627079,0.0,0.16475813460292343,0.0,4.0,16.225761138597772,309.332663900109,12.61148533789008,120.28571428571429,0.33057851197595806,Intermittent
53,BEAUTY,1103,3.3551068883610453,2.0,3.8268371987608165,0.0,22.0,1.4265902478162837,2.2009442391475798,1.140600679786273,1.526745240253853,0.5071079644037734,Lumpy
53,BEVERAGES,1169,1242.7547505938242,1152.0,1146.2735725621487,0.0,6044.0,0.7426428621774585,0.11033148320932762,0.9223650700297091,1.44054747647562,0.2847596852134314,Intermittent
53,BOOKS,55,0.045724465558194774,0.0,0.28363857450174057,0.0,4.0,8.073849275271316,79.25652776966444,6.203212324866514,30.618181818181817,0.28942486043996823,Intermittent
53,BREAD/BAKERY,1169,311.123608087886,326.4015,258.5629368421933,0.0,1529.256,0.5447103118265367,0.36918793553393225,0.8310617713340596,1.44054747647562,0.17362578837910392,Intermittent
53,CELEBRATION,947,5.237529691211401,3.0,6.827053740903534,0.0,80.0,2.4044985483189656,13.043155464369065,1.3034873579916644,1.778247096092925,0.5178314075841547,Lumpy
53,CLEANING,1168,635.3099762470309,616.5,580.9082352544679,0.0,6881.0,1.5111527750143725,8.677736809393615,0.9143697674718646,1.4417808219178083,0.2734751660977443,Intermittent
53,DAIRY,1169,340.94536817102136,322.5,299.20093599995516,0.0,1694.0,0.728739024149723,0.48208074887376906,0.8775626945868807,1.44054747647562,0.228780246288342,Intermittent
53,DELI,1169,146.22441002969123,146.9385,125.48696740467119,0.0,680.466,0.6596378150033302,0.4962389506168514,0.8581807057955138,1.44054747647562,0.20542651468546563,Intermittent
53,EGGS,1169,64.31175771971496,69.5,52.331549273879546,0.0,322.0,0.4066881476557813,0.06602255156117964,0.8137166690597765,1.44054747647562,0.15382161620112048,Intermittent
53,FROZEN FOODS,1169,113.28125903384797,83.0,195.57835184357143,0.0,3594.069,8.6517009630753,116.19494049718132,1.726484623404538,1.44054747647562,1.7633585285317552,Lumpy
53,GROCERY I,1169,1907.2951306413302,1806.5,1657.156436866198,0.0,8443.0,0.6460061881746267,0.1575139438455726,0.86885160573346,1.44054747647562,0.2182195598854146,Intermittent
53,GROCERY II,1167,10.311757719714965,8.0,14.579972907195486,0.0,282.0,8.506964088773833,136.6012231108356,1.413917326423044,1.4430162810625535,1.0783980371513657,Lumpy
53,HARDWARE,735,0.911520190023753,0.0,1.4044839350101612,0.0,13.0,2.2098477630097437,7.2170783200378,1.5408149472067618,2.291156462585034,0.47266708354823944,Intermittent
53,HOME AND KITCHEN I,1093,14.108669833729216,8.0,20.69503585783372,0.0,318.0,5.068614932145746,55.047556451649406,1.466831111668077,1.5407136322049406,1.0455413935709128,Lumpy
53,HOME AND KITCHEN II,1095,13.633610451306414,7.0,18.775377721362712,0.0,245.0,3.362413026921513,23.113810466013508,1.377139077505802,1.5378995433789955,0.8834208329225963,Lumpy
53,HOME APPLIANCES,130,0.08966745843230403,0.0,0.33185956107360115,0.0,3.0,4.255248318241949,21.088754245970705,3.7010032755990387,12.953846153846154,0.1345993594454466,Intermittent
53,HOME CARE,983,116.06116389548694,110.0,125.87408098464309,0.0,1393.0,1.555893245987183,7.274501787236197,1.0845495319770198,1.7131230925737537,0.27033935667614073,Intermittent
53,LADIESWEAR,833,2.651425178147268,0.0,4.124285483324916,0.0,32.0,2.1600438725261624,5.65984799628405,1.5554975926763046,2.021608643457383,0.6915107546617307,Lumpy
53,LAWN AND GARDEN,856,3.621140142517815,1.0,11.232066397804239,0.0,219.0,12.224205259357703,194.52357589699767,3.1018038387469495,1.9672897196261683,4.39889318334258,Lumpy
53,LINGERIE,1081,4.858669833729216,2.0,33.10844094620909,0.0,1059.0,27.076405899716967,781.3237768278665,6.814301459538111,1.5578168362627196,29.449474729168532,Lumpy
53,"LIQUOR,WINE,BEER",1063,68.89904988123516,40.0,162.05011328366695,0.0,4821.0,16.87487116842601,448.22514322600546,2.3519934391061863,1.5841956726246473,3.1231479485401317,Lumpy
53,MAGAZINES,828,2.078978622327791,0.0,3.168889732964136,0.0,42.0,2.934555208076754,19.34914710159862,1.5242531584532313,2.033816425120773,0.634045065046827,Lumpy
53,MEATS,1169,167.3319704381829,171.287,140.07351646440608,0.0,658.713,0.41309448325132686,-0.45947587616005503,0.8370995458713973,1.44054747647562,0.1806175620572123,Intermittent
53,PERSONAL CARE,1168,174.6270783847981,157.0,284.5553098255179,0.0,7504.0,14.714204398224252,322.4623444630898,1.6295027807592293,1.4417808219178083,1.5352531098678084,Lumpy
53,PET SUPPLIES,825,2.089667458432304,0.0,3.0060766064756947,0.0,17.0,1.682118337460332,2.648312760731054,1.4385430528225527,2.041212121212121,0.5037173669632371,Lumpy
53,PLAYERS AND ELECTRONICS,910,3.472684085510689,2.0,4.793710216657936,0.0,51.0,2.3130209436941733,9.930879744108339,1.3804049251927775,1.8505494505494506,0.5700838242409039,Lumpy
53,POULTRY,1169,137.12691597862232,141.6695,126.94568678618387,0.0,1802.0381,3.14395738596556,34.853702905965434,0.9257532401957365,1.44054747647562,0.28910646269325935,Intermittent
53,PREPARED FOODS,1167,50.00939847624703,50.362,43.14138648550301,0.0,228.562,0.6225544697430212,0.21937154544702508,0.862665574854519,1.4430162810625535,0.20871255366306127,Intermittent
53,PRODUCE,1141,1109.2805814133017,1082.7775000000001,1140.6865393883654,0.0,4876.91,0.6435230025010583,-0.43114135810909726,1.0283120055468942,1.4758983347940404,0.39401578838435575,Intermittent
53,SCHOOL AND OFFICE SUPPLIES,448,0.7529691211401425,0.0,4.455056319932818,0.0,100.0,17.000365235438743,318.8043108572935,5.916652076343237,3.7589285714285716,8.578998690312597,Lumpy
53,SEAFOOD,1103,3.8892453089073635,3.0,4.35323262328661,0.0,30.462,1.4673879170361848,2.92442256175719,1.1193000894536782,1.526745240253853,0.47557865664354426,Intermittent
54,AUTOMOTIVE,1640,5.656769596199525,5.0,3.4477446952654702,0.0,20.0,0.7752455708408952,0.5960435075193766,0.6094900342012042,1.026829268292683,0.33564375710055655,Smooth
54,BABY CARE,157,0.17992874109263657,0.0,0.6799126635653747,0.0,7.0,5.019798755715917,30.52183547257067,3.778788511817199,10.726114649681529,0.4244899733099497,Intermittent
54,BEAUTY,699,0.6276722090261283,0.0,0.9486677979621578,0.0,8.0,2.1580636008717216,6.907272507076591,1.5114064041845463,2.4091559370529327,0.36327801543182314,Intermittent
54,BEVERAGES,1679,1285.6561757719714,1146.5,1046.1100009846941,0.0,17614.0,5.354893505990006,58.4852222704763,0.8136778873680939,1.0029779630732578,0.6571368121578698,Erratic
54,BOOKS,0,0.0,0.0,0.0,0.0,0.0,,,0.0,,,No Sales
54,BREAD/BAKERY,1679,218.51603325415678,200.0,78.45409026782391,0.0,560.0,1.1723050714090903,1.5106751572245187,0.3590312760996108,1.0029779630732578,0.12555160609774044,Smooth
54,CELEBRATION,953,2.931710213776722,2.0,3.6403931650075823,0.0,22.0,1.4502340247198886,2.258627156055147,1.2417302183070074,1.7670514165792235,0.43849460856677874,Intermittent
54,CLEANING,1679,1040.2393111638955,942.0,437.10554430615895,0.0,6238.0,2.4788706201526463,17.38850813877965,0.42019710235395086,1.0029779630732578,0.17307223901660798,Smooth
54,DAIRY,1679,180.0896674584323,173.5,100.58846291628535,0.0,563.0,0.5229721074478615,0.4526964642191751,0.5585465525885559,1.0029779630732578,0.30807884092342386,Smooth
54,DELI,1679,183.87316448931116,174.0,70.88159665402671,0.0,509.01,0.7520776559509832,0.7717877884693851,0.38549179729683547,1.0029779630732578,0.14519358158548806,Smooth
54,EGGS,1679,70.62173396674584,61.0,41.25025044577263,0.0,353.0,1.2513714040321706,2.3015535556768967,0.5841013541895237,1.0029779630732578,0.33719228272634355,Smooth
54,FROZEN FOODS,1678,33.8016799175772,25.0,43.63439530113536,0.0,623.737,6.493570911534713,59.81953211785694,1.29089428117903,1.0035756853396902,1.6569077789870532,Erratic
54,GROCERY I,1679,2642.9868141330167,2423.3835,1015.1494199630714,0.0,13533.0,1.6397500841379768,8.824713215798894,0.38409174594981416,1.0029779630732578,0.14411932420788734,Smooth
54,GROCERY II,1616,7.960807600950119,7.0,6.316447881293082,0.0,79.0,2.773179085284309,17.62275715880512,0.7934431023990297,1.0420792079207921,0.5637505713337194,Erratic
54,HARDWARE,752,0.7072446555819477,0.0,1.0701831305985698,0.0,11.0,2.712719640049112,13.077541592075878,1.5131724512005116,2.2393617021276597,0.46903060327198065,Intermittent
54,HOME AND KITCHEN I,1161,14.946555819477435,13.0,15.32609107731215,0.0,123.0,1.4364536525753646,3.813664104635871,1.0253928236975327,1.450473729543497,0.4143175441180115,Intermittent
54,HOME AND KITCHEN II,1164,8.684679334916865,7.0,9.612490783035556,0.0,114.0,2.7857652793750223,18.205552195486156,1.1068331266166131,1.4467353951890034,0.538000368093191,Lumpy
54,HOME APPLIANCES,273,0.18111638954869358,0.0,0.43438840971126025,0.0,3.0,2.4511926356130544,6.065026456293239,2.398393698081532,6.168498168498169,0.09464122530759898,Intermittent
54,HOME CARE,1044,133.29809976247031,146.5,122.5083650106259,0.0,529.0,0.4328433781775603,-0.6744795749753436,0.9190555996522819,1.6130268199233717,0.14360354860706312,Intermittent
54,LADIESWEAR,0,0.0,0.0,0.0,0.0,0.0,,,0.0,,,No Sales
54,LAWN AND GARDEN,0,0.0,0.0,0.0,0.0,0.0,,,0.0,,,No Sales
54,LINGERIE,1467,4.2992874109263655,3.0,3.997710088666312,0.0,33.0,1.6802570188142114,4.642320463665952,0.9298541143298613,1.1479209270620314,0.6243528888529309,Erratic
54,"LIQUOR,WINE,BEER",1496,23.866389548693586,17.0,25.73857860357361,0.0,277.0,3.8990779984047124,27.24526479929741,1.0784445862656282,1.125668449197861,0.9215628964347704,Erratic
54,MAGAZINES,459,0.45308788598574823,0.0,0.8971100152430861,0.0,8.0,2.536635792209919,8.187800263079593,1.9799911695085868,3.6688453159041394,0.3411208768606148,Intermittent
54,MEATS,1679,52.085961022565314,51.2645,16.554557394235566,0.0,126.09,0.3272525345761039,0.639086833797208,0.31783146684661856,1.0029779630732578,0.09774778893878854,Smooth
54,PERSONAL CARE,1679,182.0855106888361,168.0,77.15333810687477,0.0,681.0,1.052561973760579,1.935590423114645,0.4237203598165344,1.0029779630732578,0.17603674931084984,Smooth
54,PET SUPPLIES,133,0.1021377672209026,0.0,0.38408999096918767,0.0,3.0,4.444362879715696,22.348078623260417,3.7605089445314825,12.661654135338345,0.1958491073228607,Intermittent
54,PLAYERS AND ELECTRONICS,905,1.9691211401425177,1.0,2.661013761610758,0.0,25.0,1.906864829774398,5.643639970702722,1.351371282351269,1.8607734806629834,0.5188330946572949,Lumpy
54,POULTRY,1678,52.78492410433491,49.1755,26.518979702461305,0.0,353.715,2.5550383635702,16.99901892382888,0.5023968519788222,1.0035756853396902,0.24794035484676644,Smooth
54,PREPARED FOODS,1679,61.21733966745843,60.0,28.500327681594474,0.0,179.0,0.32272895671139246,0.1368062093969704,0.465559722718218,1.0029779630732578,0.21313318957608088,Smooth
54,PRODUCE,1016,354.02631494655583,426.005,317.9412563890316,0.0,1693.626,0.18388944655332,-1.0819509689581894,0.8980723832241969,1.6574803149606299,0.0899278798113194,Intermittent
54,SCHOOL AND OFFICE SUPPLIES,162,0.6074821852731591,0.0,2.965713186695511,0.0,51.0,7.904200966277411,84.22560949046267,4.881975560287384,10.395061728395062,1.3889887423469551,Lumpy
54,SEAFOOD,1019,1.7446555819477434,1.0,2.2596062944331172,0.0,24.0,2.242912742775511,8.929176299125059,1.2951589508660046,1.6526005888125614,0.6201353958999779,Lumpy
6,AUTOMOTIVE,1631,5.3610451306413305,5.0,3.754687059823113,0.0,28.0,1.4620302691795202,3.4468201915649015,0.7003647549360553,1.0324954015941141,0.44360041475524004,Smooth
6,BABY CARE,7,0.007125890736342043,0.0,0.12874898083484707,0.0,4.0,23.206322914058152,622.8966005409733,18.06777110831299,240.57142857142858,0.36111111068981483,Intermittent
6,BEAUTY,1635,5.664489311163895,5.0,3.990296756775166,0.0,27.0,1.3096785732725011,2.4056063039130233,0.7044406895086593,1.0299694189602446,0.45270010692284407,Smooth
6,BEVERAGES,1679,3006.5950118764845,2886.0,1613.5223790866983,0.0,9537.0,0.8718857899299731,0.6650620020318114,0.5366610310708676,1.0029779630732578,0.28418081921105254,Smooth
6,BOOKS,27,0.04513064133016627,0.0,0.4110773684908194,0.0,6.0,10.679717390955112,122.99797254126588,9.108608857890033,62.370370370370374,0.3462603875656072,Intermittent
6,BREAD/BAKERY,1679,545.7854864251782,519.418,166.49734114459577,0.0,1139.132,0.7780202317805465,0.9201049893870734,0.30506003784531904,1.0029779630732578,0.08981619430691493,Smooth
6,CELEBRATION,1014,9.354513064133016,8.0,10.239453635260121,0.0,70.0,1.1845111689474463,1.830093344317823,1.0946003884932862,1.660749506903353,0.32358913944543183,Intermittent
6,CLEANING,1679,1235.8236342042755,1153.0,344.17548779807714,0.0,2442.0,0.7639687448860849,0.6455961882566768,0.27849887174184607,1.0029779630732578,0.07436221057110194,Smooth
6,DAIRY,1679,957.2648456057007,900.0,355.25410921386566,0.0,2197.0,0.7077753446865958,0.5889824274178408,0.3711137109487299,1.0029779630732578,0.1343473419575467,Smooth
6,DELI,1679,341.66291256532065,319.929,110.88205083648911,0.0,815.781,0.8642716739556383,0.8637064808997943,0.3245363975961706,1.0029779630732578,0.10204203288560754,Smooth
6,EGGS,1679,204.88598574821853,188.0,69.08382507313951,0.0,448.0,1.0556098916408014,0.9702945318386762,0.3371817980645024,1.0029779630732578,0.11038487977696339,Smooth
6,FROZEN FOODS,1679,224.84409724406174,168.0,249.80708982870382,0.0,3144.163,6.254939741926654,47.584476270218104,1.1110235620570215,1.0029779630732578,1.2277392302813053,Erratic
6,GROCERY I,1679,4635.775634798099,4328.0,1444.9487739772333,0.0,12878.0,0.9349204706256835,1.249074227243205,0.3116951483006474,1.0029779630732578,0.09389628273819553,Smooth
6,GROCERY II,1679,35.197149643705465,33.0,16.791486120270907,0.0,192.0,2.188065205145017,11.324046151368295,0.47706948686956446,1.0029779630732578,0.22395041615937536,Smooth
6,HARDWARE,863,0.9317102137767221,1.0,1.2123539348277603,0.0,9.0,1.7284383664216245,4.270658402776976,1.3012135271247323,1.951332560834299,0.3801628179869953,Intermittent
6,HOME AND KITCHEN I,1166,17.417458432304038,14.0,19.811605663249775,0.0,189.0,2.5662161358143187,12.862224230384964,1.1374567500254729,1.444253859348199,0.58823038166901,Lumpy
6,HOME AND KITCHEN II,1166,29.3687648456057,12.0,44.02830549428029,0.0,883.0,5.911273168086115,88.50090751758745,1.4991541429897373,1.444253859348199,1.2485403957839658,Lumpy
6,HOME APPLIANCES,425,0.39251781472684083,0.0,0.791712463574717,0.0,6.0,2.355180891448453,6.058067699953883,2.0170102651485298,3.9623529411764706,0.2791213968730632,Intermittent
6,HOME CARE,1044,202.09679334916865,233.0,180.87488494528247,0.0,954.0,0.32846599974972995,-0.7125185143512711,0.894991365013321,1.6130268199233717,0.11654035829406714,Intermittent
6,LADIESWEAR,1016,19.272565320665084,17.0,21.1707778886843,0.0,121.0,1.2322838581824247,1.5637392205712741,1.0984929891448003,1.6574803149606299,0.3313502594107922,Intermittent
6,LAWN AND GARDEN,1548,7.78562945368171,6.0,8.552187571156525,0.0,119.0,4.204526044224716,36.49841162019219,1.0984580785582934,1.0878552971576227,1.0284041049956232,Erratic
6,LINGERIE,1644,8.145486935866984,7.0,5.865037704969013,0.0,55.0,1.6841363332887989,5.662636210792909,0.7200352477914469,1.024330900243309,0.4823830441025155,Smooth
6,"LIQUOR,WINE,BEER",1499,93.37470308788599,63.0,84.44278925389871,0.0,641.0,1.8941031144922498,5.6170830716791045,0.9043433227682154,1.123415610406938,0.6181338665761055,Erratic
6,MAGAZINES,930,3.6585510688836105,1.0,4.864107409738474,0.0,28.0,1.506678202810022,2.1986758433943896,1.3295174283007114,1.810752688172043,0.5284343416475425,Lumpy
6,MEATS,1679,495.3244087589073,468.7105,127.60326582638427,0.0,872.382,0.2747179694629582,-0.2098955670843905,0.25761554159192646,1.0029779630732578,0.06319959812698953,Smooth
6,PERSONAL CARE,1679,321.3735154394299,291.5,132.14417569572265,0.0,1076.0,1.0787525495144559,1.569018725258891,0.4111856433303914,1.0029779630732578,0.1656025120420915,Smooth
6,PET SUPPLIES,1020,5.90855106888361,6.0,5.997719126276317,0.0,30.0,0.7487164459621529,-0.009474321446145684,1.0150913574813976,1.6509803921568627,0.22982106507749886,Intermittent
6,PLAYERS AND ELECTRONICS,1015,7.770190023752969,7.0,8.120092654304186,0.0,57.0,0.9934849718333212,1.275513474775991,1.0450314121580753,1.6591133004926109,0.2609691285036771,Intermittent
6,POULTRY,1679,631.0924707660332,602.004,219.00889790462546,0.0,1430.984,0.44363247406674683,0.07825255714784785,0.347031390880707,1.0029779630732578,0.11710409152306757,Smooth
6,PREPARED FOODS,1679,140.61649873099762,131.20499999999998,45.977422008502714,0.0,403.251,0.772732158132761,0.8884684828671285,0.3269703229926919,1.0029779630732578,0.10362304344780793,Smooth
6,PRODUCE,1599,1718.16134239905,2029.45955,1516.3687107276248,0.0,5186.591,0.11175902133488581,-1.3719985650138233,0.8825531533665244,1.0531582238899313,0.6891099819234938,Erratic
6,SCHOOL AND OFFICE SUPPLIES,197,0.2648456057007126,0.0,1.205657403353939,0.0,18.0,8.902435247873896,99.89901509872364,4.552302824174787,8.548223350253807,1.5412837566066047,Lumpy
6,SEAFOOD,1679,43.45626770308789,41.7955,16.26517791277378,0.0,103.091,0.47641817000764963,0.07677160356724855,0.37428842309998317,1.0029779630732578,0.13670675293147497,Smooth
7,AUTOMOTIVE,1572,4.245843230403801,3.0,3.473193997676282,0.0,31.0,1.8766381603275253,7.080922071212921,0.8180221945047984,1.0712468193384224,0.5581472734598871,Erratic
7,BABY CARE,42,0.028503562945368172,0.0,0.18659314183841172,0.0,2.0,7.216198322807345,57.112122842845395,6.546309163164598,40.095238095238095,0.09374999983593747,Intermittent
7,BEAUTY,1600,3.647268408551069,3.0,2.331300677132136,0.0,16.0,0.9092584818635355,1.2659920657458619,0.6391908725519568,1.0525,0.33830401101402363,Smooth
7,BEVERAGES,1679,3321.0267220902615,3564.5,1312.6919427113608,0.0,9009.0,0.0899350194963955,-0.6981672694637528,0.3952669016420182,1.0029779630732578,0.1528029190101269,Smooth
7,BOOKS,71,0.12529691211401425,0.0,0.7425650285206771,0.0,10.0,7.41771786154289,61.84169412094738,5.926443118714171,23.718309859154928,0.5229891508351162,Lumpy
7,BREAD/BAKERY,1679,642.6353282304038,631.351,163.911723039185,0.0,1156.934,0.1762415207809093,-0.04027448035208314,0.2550617991859961,1.0029779630732578,0.06189423957085996,Smooth
7,CELEBRATION,1016,11.26187648456057,10.0,11.584439366394692,0.0,73.0,0.8367859977046893,0.4164009147649472,1.0286420190496404,1.6574803149606299,0.2417066947479198,Intermittent
7,CLEANING,1679,1051.5136579572447,1027.0,231.59731757820987,0.0,2371.0,0.6019673656176783,2.741572767886006,0.22025136414101293,1.0029779630732578,0.04539750822959944,Smooth
7,DAIRY,1679,1225.2422802850356,1270.0,336.6873229188734,0.0,2067.0,-0.42185807782880286,-0.3430026235341197,0.2747924458175513,1.0029779630732578,0.0723175661635562,Smooth
7,DELI,1679,169.0064412577197,167.16,34.64694354050667,0.0,317.591,0.10448192695736706,1.5082456957290624,0.2050036867379994,1.0029779630732578,0.03893260863209852,Smooth
7,EGGS,1679,284.90498812351547,286.0,46.40993114717334,0.0,473.0,-0.5761764572204321,3.7056242615424706,0.1628961691849714,1.0029779630732578,0.023487254684758912,Smooth
7,FROZEN FOODS,1679,257.65217569477437,229.78,165.82178755928197,0.0,2714.102,6.828463266489438,68.97184353039934,0.6435877636642893,1.0029779630732578,0.41000626295429365,Smooth
7,GROCERY I,1679,3710.198334916865,3623.5,947.370052076915,0.0,12907.0,1.8522789167136047,13.8133593474148,0.2553421587091213,1.0029779630732578,0.06203691130991801,Smooth
7,GROCERY II,1679,40.033254156769594,38.0,17.68146730577098,0.0,178.0,1.115610454271711,3.85385443517424,0.44166949896426017,1.0029779630732578,0.1915236329357211,Smooth
7,HARDWARE,1290,2.0475059382422804,2.0,1.975833737388654,0.0,15.0,1.4717149845431816,3.2237064141929705,0.9649953631489098,1.3054263565891473,0.47937571628796116,Smooth
7,HOME AND KITCHEN I,1162,14.48812351543943,11.0,18.81347943876464,0.0,323.0,5.9546428363929955,81.21595231081075,1.2985449369904463,1.4492254733218588,0.8535548835897968,Lumpy
7,HOME AND KITCHEN II,1165,13.874109263657957,11.0,18.210456641582326,0.0,299.0,5.6944911819281,60.90186417502411,1.312549605470566,1.4454935622317597,0.8836379061682416,Lumpy
7,HOME APPLIANCES,780,0.7743467933491687,0.0,1.0408097356686472,0.0,6.0,1.531729953509309,2.6479338398631196,1.3441131845111314,2.158974358974359,0.2999877673403172,Intermittent
7,HOME CARE,1044,150.416864608076,198.0,126.64450160525683,0.0,1080.0,0.12128702566544587,0.3058312041872506,0.841956797426924,1.6130268199233717,0.05943139173793776,Intermittent
7,LADIESWEAR,1011,7.276128266033254,6.0,7.818707404982966,0.0,41.0,0.8916136327369535,0.16925916155148668,1.074569759910368,1.665677546983185,0.2935878093890601,Intermittent
7,LAWN AND GARDEN,1664,19.03147268408551,16.0,15.298132482468377,0.0,196.0,2.6957831369542022,16.127801560762958,0.8038333520273048,1.0120192307692308,0.6265976058402353,Erratic
7,LINGERIE,1639,8.90439429928741,8.0,6.113126305884859,0.0,40.0,1.1430418498620785,1.774070144770148,0.6865291562490156,1.0274557657107992,0.43200547555538577,Smooth
7,"LIQUOR,WINE,BEER",1499,159.33669833729215,127.5,112.64974750460824,0.0,748.0,0.8669048966240961,0.6798250989068668,0.7069918523442632,1.123415610406938,0.33506911012207685,Smooth
7,MAGAZINES,1028,6.634204275534442,4.0,7.543565860189238,0.0,47.0,1.080695133772275,0.7954766786083876,1.1370716887436312,1.6381322957198443,0.3997233505514792,Intermittent
7,MEATS,1679,522.573431739905,482.776,149.41418893611282,0.0,1598.867,1.539523479781781,4.785989508633277,0.28591998724151224,1.0029779630732578,0.07853839160092034,Smooth
7,PERSONAL CARE,1679,213.29750593824227,211.0,65.07612913237304,0.0,734.0,1.2459584627248457,6.777535093383479,0.30509559333952063,1.0029779630732578,0.08983782427868293,Smooth
7,PET SUPPLIES,1006,3.848574821852732,3.0,4.178498475865492,0.0,22.0,0.9555242372509011,0.4137061009939771,1.0857261890956835,1.6739562624254474,0.3015879847345397,Intermittent
7,PLAYERS AND ELECTRONICS,1013,6.910926365795724,6.0,7.368508413782546,0.0,55.0,1.0805461590183216,1.7305999671523713,1.06621139087595,1.6623889437314907,0.2853831459463586,Intermittent
7,POULTRY,1679,604.8893720427553,642.247,211.08506402132664,0.0,1178.331,-0.5051977690025844,-0.2919240211416283,0.3489647426076079,1.0029779630732578,0.11844570158444259,Smooth
7,PREPARED FOODS,1679,179.4110635095012,180.125,38.467000063480135,0.0,315.301,-0.15258747022103175,1.043995090727635,0.21440706782961916,1.0029779630732578,0.04286477793623411,Smooth
7,PRODUCE,1576,3311.6592648456053,4525.357,2819.362714439018,0.0,10294.375,-0.08443027467093167,-1.4867422812454674,0.8513444436650428,1.0685279187817258,0.6141715452095172,Erratic
7,SCHOOL AND OFFICE SUPPLIES,311,0.3182897862232779,0.0,0.9417086212971452,0.0,15.0,6.308340403828272,63.27459351518081,2.958651703884371,5.414790996784566,0.8012920462966961,Lumpy
7,SEAFOOD,1679,57.565789051662705,56.656499999999994,17.527579093879716,0.0,122.185,0.2872654372943945,0.47993762241964255,0.30447909048627864,1.0029779630732578,0.08946313555610236,Smooth
8,AUTOMOTIVE,1626,5.279097387173397,4.0,3.862452809175125,0.0,51.0,2.435435508110781,17.835094880490033,0.7316502282810812,1.035670356703567,0.4824331377510243,Smooth
8,BABY CARE,109,0.08432304038004751,0.0,0.3581641367467766,0.0,4.0,5.380990783827767,35.76527241287819,4.247523937526348,15.44954128440367,0.23249355250956807,Intermittent
8,BEAUTY,1660,7.1876484560570075,6.0,4.514998960175252,0.0,30.0,1.170120261994007,1.808690792070582,0.6281607937770407,1.0144578313253012,0.3747106481717694,Smooth
8,BEVERAGES,1679,3769.0914489311162,3695.0,1772.6674741254678,0.0,13511.0,0.7135369284450285,0.40434570889603627,0.4703169180540078,1.0029779630732578,0.2175721185996042,Smooth
8,BOOKS,140,0.18824228028503562,0.0,0.8005814384792815,0.0,13.0,6.592191206196403,62.15758439675693,4.252931025984777,12.028571428571428,0.5868403501668047,Lumpy
8,BREAD/BAKERY,1679,752.7838606294538,748.327985,210.35316065199584,0.0,1601.769,0.3651214240524974,0.29869556744627435,0.27943367499381006,1.0029779630732578,0.07488221916378356,Smooth
8,CELEBRATION,1016,14.831353919239906,14.0,16.284949708335215,0.0,176.0,2.0538648368549843,11.377752663770726,1.098008300247736,1.6574803149606299,0.3307079472514245,Intermittent
8,CLEANING,1679,1261.3159144893111,1209.0,273.1364736073572,0.0,3046.0,0.526695489092792,2.1066965843981187,0.21654882053694668,1.0029779630732578,0.043785038375247116,Smooth
8,DAIRY,1679,1409.627672209026,1366.0,428.6428948723053,0.0,3052.0,0.35721881122583216,0.08026066700409462,0.3040823497741609,1.0029779630732578,0.08922241132468985,Smooth
8,DELI,1679,278.53375283254155,264.2875,72.8727255207258,0.0,534.094,0.5260461860119525,0.39535478200939034,0.26162978374931917,1.0029779630732578,0.06527778583575747,Smooth
8,EGGS,1679,327.0463182897862,306.0,91.71147306455535,0.0,628.0,0.6101081284684204,0.1291387131222339,0.2804234994720597,1.0029779630732578,0.07543473413023712,Smooth
8,FROZEN FOODS,1679,237.57455934441808,187.33550000000002,253.42470231413716,0.0,3041.584,6.275081363946535,45.74910845097622,1.066716499495529,1.0029779630732578,1.131536453448376,Erratic
8,GROCERY I,1679,4697.12945368171,4436.5,1341.5759791919472,0.0,13150.0,1.1562632316285524,3.3982189405576158,0.2856161390527795,1.0029779630732578,0.07836524700236035,Smooth
8,GROCERY II,1679,41.47446555819477,39.0,18.322719014321876,0.0,157.0,1.5641763270746059,4.924254973411666,0.4417831252863434,1.0029779630732578,0.19162371835745332,Smooth
8,HARDWARE,1404,2.387767220902613,2.0,2.0748734335595813,0.0,14.0,1.4163386712328394,3.262094033251743,0.8689596768592407,1.1994301994301995,0.4632705772170135,Smooth
8,HOME AND KITCHEN I,1166,29.719714964370546,28.0,28.13474645546906,0.0,237.0,1.4080638934325136,4.895493627933429,0.9466694579087217,1.444253859348199,0.31291535092882083,Intermittent
8,HOME AND KITCHEN II,1166,25.695961995249405,22.0,28.86112555008134,0.0,329.0,3.1118721646008636,21.25256022936524,1.1231774686736353,1.444253859348199,0.5658795796543009,Lumpy
8,HOME APPLIANCES,927,1.168646080760095,1.0,1.4117139128213216,0.0,9.0,1.3778249622143455,2.087876900714826,1.2079909690837647,1.8166127292340886,0.35375148687673424,Intermittent
8,HOME CARE,1044,232.74643705463183,284.0,202.27144623590547,0.0,1147.0,0.1614689973862672,-0.9434631801387234,0.8690635560086271,1.6130268199233717,0.08818492210283162,Intermittent
8,LADIESWEAR,1016,24.815914489311165,23.0,25.401490285498593,0.0,142.0,0.8767246126765351,0.4996678357651998,1.023596784854173,1.6574803149606299,0.2354598480271579,Intermittent
8,LAWN AND GARDEN,1652,16.815914489311165,13.0,15.09032451597508,0.0,277.0,5.409299582596282,67.6767338484965,0.8973835187298128,1.0193704600484261,0.7709922451610163,Erratic
8,LINGERIE,1679,22.383016627078383,21.0,11.544038221238061,0.0,227.0,4.767342914564602,66.29840644364953,0.5157498836308166,1.0029779630732578,0.26223904121118546,Smooth
8,"LIQUOR,WINE,BEER",1498,147.60510688836104,126.0,98.16841773173766,0.0,629.0,0.9848659461726899,2.000860780477354,0.6650746698440512,1.124165554072096,0.2830177114445116,Smooth
8,MAGAZINES,1032,8.235748218527316,4.0,9.983341467813865,0.0,52.0,1.2495295768345671,0.9751068458421392,1.21219605088739,1.6317829457364341,0.5133258209808659,Lumpy
8,MEATS,1679,519.3246595724465,470.23249999999996,183.08258149968475,0.0,1487.35,1.5613124266860359,2.899869278376541,0.35253974199889104,1.0029779630732578,0.12094613349599516,Smooth
8,PERSONAL CARE,1678,327.5059382422803,302.0,162.9938921312719,0.0,4790.0,12.622242489509437,332.6206661478935,0.49768224968854036,1.0035756853396902,0.24324217882257354,Smooth
8,PET SUPPLIES,1021,10.15439429928741,10.0,10.14162940364701,0.0,51.0,0.7079838601401598,-0.10298008688018578,0.9987429189508585,1.6493633692458374,0.21106570908187122,Intermittent
8,PLAYERS AND ELECTRONICS,1016,11.25771971496437,11.0,11.18692796395011,0.0,59.0,0.7002172766699435,0.0406522706566248,0.9937117148232184,1.6574803149606299,0.19908692391569618,Intermittent
8,POULTRY,1679,598.6586910332542,596.2244800000001,226.7862954574718,0.0,1218.838,-0.12271956331633034,-0.609664395960178,0.3788240258663438,1.0029779630732578,0.1401124298581158,Smooth
8,PREPARED FOODS,1679,211.95246078681708,202.478495,57.15835438587901,0.0,457.33002,0.5512333818640076,0.5619323825811011,0.2696753516020723,1.0029779630732578,0.06953974539456469,Smooth
8,PRODUCE,1418,3059.516872387173,3714.696,2691.6551223465835,0.0,8684.208,0.040242836714296924,-1.4818960630993507,0.8797647584945505,1.1875881523272214,0.49377208488718866,Erratic
8,SCHOOL AND OFFICE SUPPLIES,401,0.42161520190023755,0.0,1.0096485850196024,0.0,13.0,4.200565628056215,27.678556974075217,2.3947157931553646,4.199501246882793,0.6036818084829428,Lumpy
8,SEAFOOD,1679,55.73170399287412,53.448,18.769155118991446,0.0,126.677,0.41993318067356755,-0.0664511255623661,0.33677698282927976,1.0029779630732578,0.11011286105633725,Smooth
9,AUTOMOTIVE,1671,13.870546318289787,12.0,8.191871409130004,0.0,81.0,1.4864840568756135,4.853174940303676,0.5905947192388202,1.0077797725912627,0.3383897544660605,Smooth
9,BABY CARE,222,0.1995249406175772,0.0,0.5853311890903377,0.0,6.0,3.6459130615144137,16.49092151244373,2.9336241591901953,7.585585585585585,0.2663690472670598,Intermittent
9,BEAUTY,1636,5.512470308788599,5.0,4.0993263251877545,0.0,32.0,1.584745113554378,3.9656507684246725,0.7436459690147451,1.0293398533007334,0.5087430281339841,Erratic
9,BEVERAGES,1679,2741.9216152019003,2526.5,1545.2873883587704,0.0,12486.0,1.0626666512677154,1.6604639841362454,0.5635782510304986,1.0029779630732578,0.3137082703165624,Smooth
9,BOOKS,0,0.0,0.0,0.0,0.0,0.0,,,0.0,,,No Sales
9,BREAD/BAKERY,1679,567.6009501187649,535.0,154.1042653763136,0.0,1210.0,0.9306404898011229,1.5083636288183042,0.27150107015112873,1.0029779630732578,0.0705248476279782,Smooth
9,CELEBRATION,1010,9.653800475059382,7.0,12.794538567210553,0.0,164.0,3.8292122735705214,31.922751765318182,1.3253369591530235,1.6673267326732673,0.6532560784327814,Lumpy
9,CLEANING,1679,1721.7137767220902,1582.0,574.7882931756022,0.0,4335.0,0.9238980296262694,1.075123668011023,0.3338466015353536,1.0029779630732578,0.10815351311515109,Smooth
9,DAIRY,1679,745.7986935866984,708.0,328.97145436841043,0.0,2310.0,0.6688226935634433,0.7189037377378806,0.4410995315450049,1.0029779630732578,0.19102197726150902,Smooth
9,DELI,1679,584.622065368171,564.359,179.89210763881337,0.0,1319.114,0.5588327267983288,0.6002482846050703,0.30770666776871824,1.0029779630732578,0.0914331457842642,Smooth
9,EGGS,1679,192.6627078384798,173.5,88.59411443689493,0.0,599.0,0.9738108590461476,0.9381363160951453,0.45984049238376024,1.0029779630732578,0.20785632689647776,Smooth
9,FROZEN FOODS,1679,124.71208062660332,83.501,218.89295580759412,0.0,2748.9438,7.099302095999704,59.467146476859995,1.755186463941851,1.0029779630732578,3.0685634913663984,Erratic
9,GROCERY I,1679,6147.920997624704,5668.11,2373.01099088908,0.0,38422.625,3.112363730500194,28.98838202684103,0.3859859278942466,1.0029779630732578,0.14557366047379589,Smooth
9,GROCERY II,1656,11.469121140142517,9.0,15.6313185665899,0.0,508.0,20.02945974989706,606.6292496216275,1.3629046527825548,1.0169082125603865,1.8099970649169443,Erratic
9,HARDWARE,1307,1.8859857482185274,1.0,1.7887397306553336,0.0,13.0,1.5635584856548042,3.9749313394059893,0.9484375644919436,1.2884468247895944,0.4742818854791051,Smooth
9,HOME AND KITCHEN I,1166,33.18646080760095,26.0,45.64793139801954,0.0,889.0,7.185420578378898,99.92100120625285,1.3754986306400272,1.444253859348199,1.002415617051823,Lumpy
9,HOME AND KITCHEN II,1166,19.594418052256533,18.0,18.38451770939831,0.0,126.0,0.9720828146140825,1.2342709594642844,0.9382528054382743,1.444253859348199,0.30193062306956736,Intermittent
9,HOME APPLIANCES,453,0.39370546318289784,0.0,0.74552237337994,0.0,6.0,2.159304506814246,5.444964378216872,1.8936043342126534,3.717439293598234,0.2335742508222761,Intermittent
9,HOME CARE,1044,288.82363420427555,333.0,255.05540199632145,0.0,1170.0,0.23407260555262005,-0.9233829993245877,0.8830835561574785,1.6130268199233717,0.10341411883342107,Intermittent
9,LADIESWEAR,1015,9.47624703087886,8.0,10.667509272845473,0.0,68.0,1.2767374504782492,1.8862107198610678,1.1257103404922975,1.6591133004926109,0.3665273915941806,Intermittent
9,LAWN AND GARDEN,1434,4.209026128266033,3.0,5.696209870611656,0.0,151.0,13.69882846390969,312.8039107341079,1.3533320287571977,1.1743375174337518,1.4111531295086523,Erratic
9,LINGERIE,1643,9.052850356294536,7.0,8.055268422445913,0.0,120.0,4.5455154559068385,42.935251173406144,0.8898046587012455,1.024954351795496,0.7481289069287026,Erratic
9,"LIQUOR,WINE,BEER",1497,51.39726840855107,37.0,54.659620612981165,0.0,646.0,3.826442632634629,24.462870093675907,1.0634732604354487,1.1249164996659986,0.8943409366856332,Erratic
9,MAGAZINES,720,1.656769596199525,0.0,2.821028605153555,0.0,23.0,2.5357554540721647,8.418801201784467,1.702728375702936,2.338888888888889,0.6671522715946158,Lumpy
9,MEATS,1679,376.9424498752969,367.41,95.65252782698931,0.0,904.937,0.45031751680028437,1.210101811723777,0.253758969992316,1.0029779630732578,0.061233301268289374,Smooth
9,PERSONAL CARE,1679,443.36757719714967,403.0,177.88185894607415,0.0,1524.0,1.1092439096985243,1.9411740027110103,0.40120628592238095,1.0029779630732578,0.15751943373341046,Smooth
9,PET SUPPLIES,984,3.3824228028503565,2.0,3.9560921265655997,0.0,32.0,1.334482882691255,2.4593390036126817,1.1696030792076646,1.7113821138211383,0.38366022663805294,Intermittent
9,PLAYERS AND ELECTRONICS,1015,6.826009501187649,6.0,7.404018488404241,0.0,59.0,1.187735023615517,2.2210060908644795,1.0846774365068417,1.6591133004926109,0.3118604623771992,Intermittent
9,POULTRY,1679,483.88038890736345,454.78499999999997,164.12926611083725,0.0,2198.853,1.3427119102466685,7.354173355265306,0.3391938790516261,1.0029779630732578,0.11174176167284247,Smooth
9,PREPARED FOODS,1679,88.7624281175772,82.1865,35.037132084979035,0.0,311.147,0.9237147455839515,1.5727631549305041,0.39472931089912433,1.0029779630732578,0.1523794853292844,Smooth
9,PRODUCE,1016,969.1344971912114,1122.152,880.1862058358925,0.0,4059.907,0.2353162733004027,-1.1157957481909069,0.9082188368961986,1.6574803149606299,0.10098529630979243,Intermittent
9,SCHOOL AND OFFICE SUPPLIES,901,6.051068883610451,1.0,22.28379373508995,0.0,326.0,7.911502421210972,75.15728221675927,3.6826210641501413,1.8690344062153164,6.7910272041737,Lumpy
9,SEAFOOD,1672,16.884394422980996,15.556999999999999,9.376249295701042,0.0,60.219,0.8499653390515982,0.9289159961839233,0.5553204373373264,1.007177033492823,0.2990574095879114,Smooth
